Symbol,Signal,Score,Price,RSI,MACD_Hist,SMA20,SMA50,Entry,Target,StopLoss,RiskReward,Sector,MarketCap,PE_TTM,EPS_TTM,ROE,DebtEquity,Backtest_Return,Backtest_WinRate,MC_Bear,MC_Base,MC_Bull,HoldingDuration
INFY,SELL,-3,1079.2,51.74,2.503,1060.34,1109.89,1079.2,989.71,1123.94,2.0,Technology,4478221156352,14.309564,77.27,0.32,9.541,-9.23 %,20.0 %,900.12,1039.67,1200.48,Exit / Avoid new positions
ICICIBANK,HOLD,-1,1445.7,59.5,-1.4757,1417.18,1346.29,1445.7,1366.98,1485.06,2.0,Financial Services,10263525851136,18.500132,77.34,0.16073999,N/A,-7.95 %,33.3 %,1321.64,1457.07,1606.03,Monitor weekly; re-evaluate on next earnings or macro event
COFORGE,HOLD,0,1528.4,51.72,-4.4748,1486.61,1456.4,1528.4,1374.89,1605.16,2.0,Technology,746376724480,38.431732,43.87,N/A,7.518,0.67 %,50.0 %,1262.58,1537.48,1871.42,Monitor weekly; re-evaluate on next earnings or macro event
HDFCBANK,STRONG SELL,-6,739.55,20.81,-9.8837,794.77,778.63,739.55,693.05,762.8,2.0,Financial Services,11328853901312,16.407854,44.82,0.13838,N/A,9.12 %,66.7 %,661.21,733.74,814.03,Short-to-Medium Term (2–8 weeks)
KALYANKJIL,BUY,2,564.6,86.86,6.4667,487.18,411.94,564.6,661.77,516.01,2.0,Consumer Cyclical,628267483136,46.652607,13.04,0.24305001,96.966,-56.26 %,14.3 %,437.32,560.16,717.11,Medium-to-Long Term (1–6 months)
ETERNAL,HOLD,-1,295.85,55.17,-0.9432,285.37,264.97,295.85,264.26,311.65,2.0,Consumer Cyclical,2838483173376,656.06384,0.47,N/A,14.826,-11.45 %,25.0 %,243.96,298.9,366.04,Monitor weekly; re-evaluate on next earnings or macro event
VBL,STRONG SELL,-7,464.5,35.03,-0.4657,478.34,506.24,464.5,434.98,479.26,2.0,Consumer Defensive,1454459846656,45.59915,9.43,N/A,12.705,-32.38 %,0.0 %,380.13,451.94,537.12,Short-to-Medium Term (2–8 weeks)
HINDUNILVR,BUY,2,2174.6,43.37,3.9576,2153.38,2160.16,2174.6,2279.93,2121.93,2.0,Consumer Defensive,4752518152192,44.720318,45.23,0.21603,3.016,-24.34 %,0.0 %,1925.98,2139.42,2375.95,Short Term (1–4 weeks)
TCS,SELL,-2,2295.6,72.83,20.0775,2151.0,2188.12,2295.6,2115.72,2385.54,2.0,Technology,8676173676544,17.40961,137.74,0.47743,10.211,-13.71 %,20.0 %,1941.09,2199.92,2492.58,Exit / Avoid new positions
LODHA,HOLD,-1,1198.7,63.6,-5.8164,1132.5,997.09,1198.7,1046.18,1274.96,2.0,Real Estate,1300003684352,31.55674,41.24,N/A,42.238,-18.07 %,20.0 %,959.4,1182.49,1456.79,Monitor weekly; re-evaluate on next earnings or macro event
BEL,STRONG SELL,-7,407.15,36.3,-0.3789,411.27,413.1,407.15,388.55,416.45,2.0,Industrials,2843504017408,46.36472,8.39,N/A,0.273,25.51 %,60.0 %,353.91,411.25,477.71,Short-to-Medium Term (2–8 weeks)
BHARTIARTL,STRONG SELL,-5,1905.3,46.31,-3.4791,1912.94,1874.82,1905.3,1801.08,1957.41,2.0,Communication Services,11864680431616,42.842983,44.39,0.19358999,99.718,13.15 %,66.7 %,1730.45,1928.51,2148.73,Short-to-Medium Term (2–8 weeks)
RELIANCE,STRONG SELL,-7,1280.0,41.94,-1.7798,1297.87,1309.44,1280.0,1207.58,1316.21,2.0,Energy,17155114401792,22.978067,55.17,N/A,36.653,-1.19 %,50.0 %,1132.7,1262.87,1407.67,Short-to-Medium Term (2–8 weeks)
SUZLON,SELL,-4,53.15,41.15,-0.0757,54.07,55.15,53.15,49.85,54.8,2.0,Industrials,659984875520,20.78788,2.31,0.40636003,5.873,-10.2 %,40.0 %,42.54,52.2,64.04,Exit / Avoid new positions
CUPID,BUY,2,221.46,50.18,-1.8281,208.37,172.55,221.46,262.8,200.79,2.0,Consumer Defensive,311732699136,289.7875,0.8,0.27297002,12.506,406.38 %,50.0 %,196.51,255.41,331.78,Medium-to-Long Term (1–6 months)
RRKABEL,STRONG BUY,5,2525.3,70.04,11.2564,2341.84,2236.78,2525.3,2855.6,2360.15,2.0,Industrials,291461562368,47.90667,53.79,N/A,13.092,-13.86 %,50.0 %,2089.06,2562.83,3142.62,Short-to-Medium Term (2–8 weeks)
SBIN,SELL,-4,1020.6,44.63,-3.2626,1032.61,1010.02,1020.6,959.64,1051.08,2.0,Financial Services,9352462204928,11.116963,91.14,0.15477,N/A,30.1 %,50.0 %,912.03,1026.9,1155.93,Exit / Avoid new positions
SWIGGY,STRONG SELL,-6,257.98,45.71,-1.3576,261.74,255.89,257.98,222.7,275.62,2.0,Consumer Cyclical,699647524864,N/A,-16.87,-0.29116,13.929,17.71 %,100.0 %,194.17,246.08,311.69,Short-to-Medium Term (2–8 weeks)
DMART,SELL,-3,4027.7,44.38,6.197,4050.03,4121.72,4027.7,3778.79,4152.15,2.0,Consumer Defensive,2508929368064,81.63413,47.12,N/A,9.913,-18.82 %,50.0 %,3419.86,3953.77,4569.56,Exit / Avoid new positions
SUNPHARMA,SELL,-2,1973.7,64.85,-0.1615,1925.57,1867.37,1973.7,1873.5,2023.8,2.0,Healthcare,4742765346816,41.38819,47.76,0.1472,5.517,-18.64 %,16.7 %,1788.15,1984.06,2200.92,Exit / Avoid new positions
BLUESTONE,HOLD,-1,820.75,81.82,21.0437,630.82,556.91,820.75,655.27,903.49,2.0,Consumer Cyclical,115409928192,200.33069,3.78,N/A,110.033,-29.14 %,0.0 %,655.86,858.57,1123.25,Monitor weekly; re-evaluate on next earnings or macro event
HSCL,BUY,4,790.45,83.75,9.8799,706.19,668.33,790.45,880.93,745.21,2.0,Basic Materials,378243874816,47.17747,15.89,N/A,16.169,-31.28 %,16.7 %,666.29,816.73,1000.68,Medium-to-Long Term (1–6 months)
TTKPRESTIG,HOLD,0,655.35,56.78,-4.1303,646.15,584.13,655.35,591.57,687.24,2.0,Consumer Cyclical,96184639488,59.867863,11.73,0.081470005,8.801,-7.88 %,25.0 %,541.44,639.66,755.42,Monitor weekly; re-evaluate on next earnings or macro event
BSE,SELL,-2,3536.8,37.08,-16.8642,3726.56,3921.92,3536.8,3262.9,3673.75,2.0,Financial Services,1410381512704,57.17262,60.48,0.36003,0.0,109.11 %,80.0 %,2926.9,3835.31,5022.65,Exit / Avoid new positions
AFFLE,SELL,-4,1492.8,52.97,-3.6112,1483.73,1472.53,1492.8,1343.67,1567.37,2.0,Communication Services,229497372672,50.37975,32.39,0.13786,0.405,-6.63 %,16.7 %,1245.3,1485.12,1770.43,Exit / Avoid new positions
TECHM,HOLD,1,1575.0,75.35,9.6329,1486.83,1470.09,1575.0,1440.18,1642.41,2.0,Technology,1448540504064,27.985622,58.43,N/A,7.269,-17.33 %,20.0 %,1362.73,1571.66,1812.05,Monitor weekly; re-evaluate on next earnings or macro event
NESTLEIND,BUY,2,1446.1,43.47,-0.428,1446.89,1421.85,1446.1,1544.41,1396.94,2.0,Consumer Defensive,2876659466240,75.305405,19.81,N/A,8.621,-19.58 %,28.6 %,1313.1,1455.66,1613.32,Medium-to-Long Term (1–6 months)
TVSMOTOR,STRONG BUY,5,3876.4,61.17,24.2339,3677.54,3513.1,3876.4,4178.92,3725.14,2.0,Consumer Cyclical,1897815998464,55.38835,72.1,N/A,306.09,-1.07 %,28.6 %,3429.34,3965.47,4583.94,Short-to-Medium Term (2–8 weeks)
HFCL,HOLD,-1,192.54,29.5,-4.3618,213.5,194.65,192.54,161.64,207.99,2.0,Technology,288286375936,49.187992,3.83,N/A,38.321,-19.5 %,25.0 %,152.51,195.78,251.18,Monitor weekly; re-evaluate on next earnings or macro event
LAURUSLABS,BUY,4,1713.4,81.84,7.397,1548.79,1459.19,1713.4,1849.75,1645.23,2.0,Healthcare,950245064704,86.98814,20.22,N/A,46.369,40.57 %,50.0 %,1549.78,1847.89,2202.48,Medium-to-Long Term (1–6 months)
SHRIRAMFIN,BUY,2,1038.2,44.82,-4.5784,1040.99,991.27,1038.2,1142.3,986.15,2.0,Financial Services,2449184129024,18.39696,56.58,0.18495001,276.215,24.46 %,40.0 %,886.33,1068.68,1288.01,Medium-to-Long Term (1–6 months)
AXISBANK,STRONG SELL,-5,1227.5,24.31,-11.735,1302.31,1309.11,1227.5,1137.95,1272.28,2.0,Financial Services,3806410309632,13.7673,88.87,0.13352999,N/A,8.37 %,50.0 %,1085.86,1226.79,1385.64,Short-to-Medium Term (2–8 weeks)
M&M,HOLD,0,3238.6,53.32,7.6647,3151.59,3103.79,3238.6,3025.42,3345.19,2.0,Consumer Cyclical,3927933452288,21.49136,152.21,0.18754,125.278,-17.51 %,16.7 %,2788.33,3244.03,3772.95,Monitor weekly; re-evaluate on next earnings or macro event
GVT&D,SELL,-3,4202.3,41.46,-36.226,4532.02,4795.93,4202.3,3643.64,4481.63,2.0,Industrials,1055935889408,85.33002,48.33,0.55261004,0.892,50.88 %,50.0 %,3504.93,4429.3,5594.58,Exit / Avoid new positions
HCLTECH,SELL,-2,1295.9,72.3,13.8546,1177.12,1161.04,1295.9,1185.8,1350.95,2.0,Technology,3567823880192,20.513378,64.28,0.24067,7.058,-10.68 %,33.3 %,1101.8,1272.74,1469.73,Exit / Avoid new positions
MARUTI,SELL,-4,13730.0,33.89,-52.279,13866.75,13504.92,13730.0,12826.37,14181.82,2.0,Consumer Cyclical,4339384188928,29.566,466.82,0.14434,0.096,-13.45 %,16.7 %,12171.37,13743.82,15515.26,Exit / Avoid new positions
LT,STRONG SELL,-7,3806.0,30.96,-8.9749,3905.84,3992.7,3806.0,3607.13,3905.43,2.0,Industrials,5271793958912,32.79699,116.84,0.16951999,97.64,-25.87 %,37.5 %,3329.25,3793.76,4321.84,Short-to-Medium Term (2–8 weeks)
RADICO,BUY,2,4149.5,55.67,-14.6549,4063.67,3779.72,4149.5,4404.92,4021.79,2.0,Consumer Defensive,574744297472,94.84193,45.23,N/A,20.939,57.26 %,100.0 %,3645.97,4354.5,5198.69,Medium-to-Long Term (1–6 months)
CHOLAFIN,HOLD,-1,1785.2,41.11,-13.9041,1786.06,1670.75,1785.2,1632.95,1861.33,2.0,Financial Services,1497084854272,28.379473,61.77,0.19334999,695.283,-20.32 %,25.0 %,1509.92,1799.99,2144.95,Monitor weekly; re-evaluate on next earnings or macro event
CGPOWER,SELL,-2,877.3,37.83,-6.2409,914.81,915.75,877.3,800.59,915.65,2.0,Industrials,1329469194240,106.8481,7.9,N/A,1.446,1.02 %,50.0 %,729.98,881.54,1064.12,Exit / Avoid new positions
TITAN,STRONG BUY,5,4740.1,69.01,3.8797,4586.83,4352.52,4740.1,4940.74,4639.78,2.0,Consumer Cyclical,4301903626240,84.54847,57.36,0.37127998,195.001,-14.37 %,33.3 %,4278.76,4818.81,5425.59,Short-to-Medium Term (2–8 weeks)
POWERINDIA,SELL,-4,31550.0,47.69,-81.2317,32530.0,34309.3,31550.0,28320.71,33164.64,2.0,Industrials,1387537629184,140.9554,220.85,0.21040002,1.663,24.63 %,40.0 %,25676.02,33218.67,42952.65,Exit / Avoid new positions
PINELABS,STRONG SELL,-8,148.94,51.27,-0.4128,151.26,149.88,148.94,132.17,157.32,2.0,Technology,176471048192,151.42575,1.01,0.023929998,7.474,-29.99 %,0.0 %,106.16,135.2,172.08,Short-to-Medium Term (2–8 weeks)
HEXT,SELL,-3,562.95,57.43,-1.2827,549.99,525.48,562.95,495.24,596.81,2.0,Technology,361499525120,26.280462,22.57,0.22272,10.521,-14.85 %,0.0 %,443.75,545.41,670.05,Exit / Avoid new positions
COALINDIA,SELL,-2,427.5,45.05,0.6908,430.76,445.92,427.5,410.49,436.0,2.0,Energy,2527643041792,8.116961,50.53,N/A,11.629,7.61 %,66.7 %,373.04,421.4,475.9,Exit / Avoid new positions
PERSISTENT,HOLD,0,5268.2,64.58,29.8925,4939.57,4972.41,5268.2,4777.82,5513.39,2.0,Technology,848084533248,45.59382,119.06,0.26349002,6.092,-21.32 %,42.9 %,4360.34,5270.8,6368.7,Monitor weekly; re-evaluate on next earnings or macro event
ASIANTILES,STRONG SELL,-5,53.42,63.29,0.9972,49.28,55.44,53.42,45.8,57.23,2.0,Industrials,17082906624,82.314285,0.7,0.01283,28.468,6.69 %,57.1 %,40.58,51.72,65.86,Short-to-Medium Term (2–8 weeks)
GODFRYPHLP,HOLD,-1,2210.5,58.15,10.4114,2122.8,2207.91,2210.5,2045.5,2293.0,2.0,Consumer Defensive,316845752320,23.14608,87.76,N/A,3.757,24.15 %,40.0 %,1647.82,2250.15,3070.53,Monitor weekly; re-evaluate on next earnings or macro event
LIQUIDBEES,STRONG SELL,-6,999.99,40.0,-0.001,1000.0,1000.0,999.99,992.31,1003.83,2.0,Unknown,N/A,N/A,N/A,N/A,N/A,-0.02 %,4.3 %,999.93,999.99,1000.05,Short-to-Medium Term (2–8 weeks)
KOTAKBANK,SELL,-2,384.65,52.21,0.356,384.36,388.88,384.65,358.01,397.97,2.0,Financial Services,3832373051392,18.896519,20.39,N/A,N/A,1.27 %,50.0 %,342.65,384.99,432.45,Exit / Avoid new positions
EXIDEIND,HOLD,0,427.0,58.6,-0.1761,423.57,398.6,427.0,390.55,445.23,2.0,Consumer Cyclical,359889993728,42.21336,10.03,0.06172,11.308,-15.4 %,33.3 %,358.2,418.58,488.97,Monitor weekly; re-evaluate on next earnings or macro event
OFSS,HOLD,1,11089.0,49.85,-134.9685,11249.17,10440.09,11089.0,9633.13,11816.93,2.0,Technology,986913832960,28.954628,391.44,N/A,0.415,-24.5 %,25.0 %,9183.41,11019.44,13217.22,Monitor weekly; re-evaluate on next earnings or macro event
KPITTECH,SELL,-3,585.2,59.3,8.5867,565.87,680.48,585.2,534.65,610.48,2.0,Technology,164003299328,25.867325,23.29,0.1973,23.624,-48.97 %,0.0 %,442.39,543.64,667.76,Exit / Avoid new positions
BAJFINANCE,HOLD,0,1048.3,51.27,-2.8852,1030.73,968.32,1048.3,971.08,1086.91,2.0,Financial Services,6518821879808,34.362503,30.51,0.17907,314.833,-4.19 %,40.0 %,926.59,1071.49,1238.65,Monitor weekly; re-evaluate on next earnings or macro event
CUB,BUY,2,221.45,43.16,-1.3362,222.1,204.77,221.45,242.63,210.86,2.0,Financial Services,235946082304,17.798206,13.38,0.13241,N/A,19.4 %,50.0 %,191.09,227.87,271.63,Medium-to-Long Term (1–6 months)
ULTRACEMCO,BUY,3,11881.0,55.95,17.0394,11688.4,11464.06,11881.0,12618.37,11512.32,2.0,Basic Materials,3517092200448,41.24181,289.9,N/A,29.432,-41.61 %,0.0 %,10505.27,11841.05,13343.15,Medium-to-Long Term (1–6 months)
WIPRO,STRONG SELL,-5,178.53,63.16,0.929,174.95,184.04,178.53,168.48,183.56,2.0,Technology,1791681232896,14.38602,12.59,0.16128999,27.398,0.16 %,33.3 %,151.08,173.74,199.74,Short-to-Medium Term (2–8 weeks)
NAUKRI,HOLD,0,1194.3,58.94,-3.6229,1143.96,1048.37,1194.3,1093.11,1244.89,2.0,Communication Services,800700628992,55.358265,22.33,0.045679998,0.64,-20.59 %,16.7 %,993.88,1176.26,1391.57,Monitor weekly; re-evaluate on next earnings or macro event
ADANIENSOL,BUY,3,1703.3,59.17,-2.2305,1652.51,1553.87,1703.3,1875.74,1617.08,2.0,Utilities,1981515825152,67.71346,24.36,N/A,194.5,-1.84 %,60.0 %,1364.23,1741.44,2221.75,Medium-to-Long Term (1–6 months)
SILVERBEES,HOLD,-1,213.01,44.82,1.3178,211.72,226.13,213.01,200.05,219.49,2.0,Unknown,N/A,N/A,N/A,N/A,N/A,120.11 %,50.0 %,175.28,224.37,287.04,Monitor weekly; re-evaluate on next earnings or macro event
RATNAVEER,BUY,4,199.61,75.09,1.0396,179.2,176.34,199.61,223.85,187.49,2.0,Basic Materials,13297505280,10.063243,18.5,N/A,50.053,-28.93 %,25.0 %,153.74,198.36,255.77,Medium-to-Long Term (1–6 months)
CGCL,SELL,-2,244.27,56.83,-2.6634,244.76,220.15,244.27,217.15,257.83,2.0,Financial Services,219582775296,19.42298,11.75,N/A,334.728,-8.04 %,33.3 %,197.6,245.01,303.64,Exit / Avoid new positions
CARTRADE,HOLD,-1,2978.5,59.05,-21.334,2773.82,2410.26,2978.5,2544.88,3195.31,2.0,Consumer Cyclical,143177023488,66.30931,44.68,0.09849,5.363,165.87 %,66.7 %,2383.33,3178.11,4235.24,Monitor weekly; re-evaluate on next earnings or macro event
IDFCFIRSTB,BUY,2,84.88,63.14,0.0504,80.34,76.52,84.88,91.48,81.58,2.0,Financial Services,738899460096,33.10811,2.59,N/A,N/A,19.08 %,100.0 %,72.38,85.13,100.1,Medium-to-Long Term (1–6 months)
NTPC,SELL,-2,350.8,46.14,1.1342,349.91,361.45,350.8,332.89,359.75,2.0,Utilities,3333229117440,10.515449,32.69,N/A,118.127,-0.76 %,40.0 %,309.36,347.21,389.6,Exit / Avoid new positions
ITC,SELL,-3,285.85,45.18,0.7126,283.28,287.55,285.85,272.71,292.42,2.0,Consumer Defensive,3566513160192,17.230629,16.52,0.2934,3.293,-19.18 %,0.0 %,250.6,276.36,304.69,Exit / Avoid new positions
PAYTM,HOLD,0,1289.4,56.24,-10.846,1283.09,1172.19,1289.4,1135.35,1366.43,2.0,Technology,837951225856,130.00993,10.06,N/A,1.073,64.27 %,60.0 %,1078.45,1357.36,1707.53,Monitor weekly; re-evaluate on next earnings or macro event
NETWEB,SELL,-2,4362.2,56.85,-7.2376,4325.89,4435.13,4362.2,3921.38,4582.61,2.0,Technology,250294190080,121.39465,36.21,0.32834998,39.019,74.63 %,57.1 %,3342.3,4491.37,6031.53,Exit / Avoid new positions
NEWGEN,STRONG SELL,-6,506.3,54.94,-3.9586,513.8,486.59,506.3,393.62,562.64,2.0,Technology,74172260352,23.690262,22.18,N/A,2.214,-47.27 %,33.3 %,357.21,479.89,644.29,Short-to-Medium Term (2–8 weeks)
BAJAJ-AUTO,BUY,4,11183.5,75.98,117.7653,10349.38,10274.75,11183.5,11924.17,10813.17,2.0,Consumer Cyclical,3123047038976,27.048752,420.5,N/A,56.352,-19.23 %,33.3 %,9788.26,11245.57,12915.89,Medium-to-Long Term (1–6 months)
POLYCAB,SELL,-3,9010.0,40.08,-37.7718,9266.67,9462.31,9010.0,8258.38,9385.81,2.0,Industrials,1374017683456,47.980118,190.11,0.25549,1.738,-5.56 %,33.3 %,7628.13,9135.29,10935.89,Exit / Avoid new positions
CONCOR,HOLD,1,510.5,63.89,1.8859,480.76,474.28,510.5,463.13,534.18,2.0,Industrials,397869219840,31.873096,16.39,N/A,7.39,-7.26 %,33.3 %,409.95,486.66,577.5,Monitor weekly; re-evaluate on next earnings or macro event
DLF,SELL,-2,650.9,49.94,-4.4059,658.3,621.37,650.9,585.32,683.69,2.0,Real Estate,1641255272448,37.187325,17.83,0.10031,0.673,-17.76 %,20.0 %,538.87,636.58,751.72,Exit / Avoid new positions
DATAPATTNS,STRONG BUY,7,4578.9,55.99,33.3882,4390.48,4337.31,4578.9,5186.07,4275.31,2.0,Industrials,245304967168,90.26988,48.54,0.1673,0.304,10.07 %,33.3 %,3540.91,4630.42,6051.56,Short-to-Medium Term (2–8 weeks)
CANBK,SELL,-2,127.26,54.09,0.2478,126.26,129.46,127.26,116.55,132.62,2.0,Financial Services,1126937657344,5.6730595,21.9,N/A,N/A,22.65 %,66.7 %,108.45,127.39,149.59,Exit / Avoid new positions
LTM,SELL,-2,4190.8,69.64,24.7235,3926.48,3953.74,4190.8,3785.77,4393.32,2.0,Technology,1277510680576,24.42442,176.43,0.21966,9.874,-13.9 %,40.0 %,3480.99,4091.13,4806.5,Exit / Avoid new positions
IDEA,SELL,-2,13.06,30.35,-0.115,13.85,14.14,13.06,12.01,13.59,1.98,Communication Services,1403042267136,4.034268,3.21,N/A,N/A,3.29 %,50.0 %,9.7,12.8,16.87,Exit / Avoid new positions
SAIL,HOLD,0,162.62,42.82,0.3827,165.45,179.58,162.62,149.81,169.03,2.0,Basic Materials,685047611392,16.039652,10.34,N/A,52.899,-12.97 %,33.3 %,134.83,162.69,196.23,Monitor weekly; re-evaluate on next earnings or macro event
ADANIPOWER,SELL,-4,213.96,45.44,-0.5064,218.75,225.06,213.96,194.25,223.81,2.0,Utilities,4016037691392,28.218157,7.38,N/A,82.332,99.98 %,60.0 %,173.89,217.8,272.68,Exit / Avoid new positions
HINDALCO,HOLD,0,945.25,36.4,1.9422,957.22,1017.12,945.25,890.71,972.52,2.0,Basic Materials,2078655643648,15.552235,60.21,0.10288,72.598,23.71 %,25.0 %,825.92,961.21,1118.28,Monitor weekly; re-evaluate on next earnings or macro event
EICHERMOT,STRONG BUY,5,7769.5,61.04,30.9789,7446.05,7363.3,7769.5,8222.92,7542.79,2.0,Consumer Cyclical,2150962692096,39.092045,200.45,0.23774,2.048,-11.45 %,28.6 %,6930.29,7951.49,9120.39,Short-to-Medium Term (2–8 weeks)
TATASTEEL,SELL,-2,184.25,37.14,0.2293,187.1,196.54,184.25,174.17,189.29,2.0,Basic Materials,2277733564416,21.137732,8.64,0.11156999,89.017,-9.35 %,33.3 %,159.93,184.86,213.62,Exit / Avoid new positions
ASIANPAINT,HOLD,-1,2710.2,46.38,-1.8103,2687.92,2680.09,2710.2,2555.34,2787.63,2.0,Basic Materials,2623042486272,60.817955,44.99,0.20889999,17.847,-0.33 %,50.0 %,2385.78,2687.0,3025.46,Monitor weekly; re-evaluate on next earnings or macro event
KFINTECH,SELL,-2,949.25,63.6,1.8289,884.32,866.58,949.25,849.2,999.27,2.0,Technology,168309080064,49.328773,19.74,N/A,3.314,-34.84 %,14.3 %,741.87,952.41,1222.02,Exit / Avoid new positions
GROWW,SELL,-4,199.38,55.03,-0.811,203.39,197.54,199.38,174.81,211.66,2.0,Financial Services,1209214959616,49.44304,3.95,N/A,3.028,-5.78 %,0.0 %,160.8,212.4,280.39,Exit / Avoid new positions
TATAPOWER,SELL,-4,377.35,50.17,0.9418,377.96,394.73,377.35,358.33,386.86,2.0,Utilities,1186589310976,30.740894,12.08,N/A,168.051,5.89 %,75.0 %,326.05,372.34,425.08,Exit / Avoid new positions
MPHASIS,SELL,-3,2332.7,46.95,-5.4872,2305.29,2290.11,2332.7,2073.23,2462.43,2.0,Technology,460536971264,24.118118,100.07,0.17743999,24.675,-5.86 %,33.3 %,1939.0,2289.88,2703.27,Exit / Avoid new positions
ADANIENT,BUY,3,3036.6,42.54,-26.7053,3129.33,3013.8,3036.6,3253.2,2928.3,2.0,Energy,4272193273856,40.85318,73.49,0.13664,119.56,-25.37 %,0.0 %,2458.86,3015.88,3697.41,Medium-to-Long Term (1–6 months)
HEROMOTOCO,HOLD,0,5113.8,56.62,23.8279,4942.06,4936.72,5113.8,4790.22,5275.59,2.0,Consumer Cyclical,1031339048960,17.966745,286.88,0.28027,3.57,39.16 %,50.0 %,4423.27,5075.73,5822.67,Monitor weekly; re-evaluate on next earnings or macro event
TFCILTD,BUY,4,94.8,75.17,1.0163,81.12,77.37,94.8,108.78,87.81,2.0,Financial Services,44927311872,29.141142,3.33,N/A,81.939,108.37 %,50.0 %,77.1,99.41,128.12,Medium-to-Long Term (1–6 months)
APOLLO,SELL,-3,392.95,44.33,-2.4,406.98,405.45,392.95,354.16,412.34,2.0,Industrials,140743311360,120.62102,3.14,0.1121,41.527,74.8 %,75.0 %,309.01,418.09,565.29,Exit / Avoid new positions
ONGC,SELL,-3,238.56,41.48,0.7484,244.85,254.52,238.56,225.36,245.16,2.0,Energy,3005554622464,7.257291,32.92,0.12703,42.548,-7.77 %,50.0 %,202.83,232.89,267.33,Exit / Avoid new positions
E2E,BUY,4,542.5,87.19,14.1056,420.45,406.29,542.5,613.33,507.08,2.0,Technology,105893003264,186.06499,2.77,N/A,9.441,23.9 %,50.0 %,425.5,576.07,779.4,Medium-to-Long Term (1–6 months)
ADANIPORTS,SELL,-2,1770.4,35.46,-8.9064,1824.31,1813.29,1770.4,1664.44,1823.38,2.0,Industrials,4088835866624,30.466951,58.25,0.15592,64.051,-1.6 %,66.7 %,1515.54,1776.7,2082.14,Exit / Avoid new positions
CUMMINSIND,STRONG BUY,6,5629.5,61.25,9.1189,5561.68,5619.14,5629.5,5991.33,5448.59,2.0,Industrials,1512264564736,64.174805,85.01,0.29455,0.431,40.48 %,50.0 %,4888.9,5740.48,6738.01,Short-to-Medium Term (2–8 weeks)
HAL,BUY,2,4619.0,70.14,14.326,4475.54,4389.36,4619.0,4883.78,4486.61,2.0,Industrials,3076431806464,33.759727,136.26,0.23979001,0.027,-13.05 %,40.0 %,3878.49,4573.79,5391.78,Medium-to-Long Term (1–6 months)
MCX,SELL,-4,2755.1,59.13,-1.1507,2799.53,2900.54,2755.1,2502.8,2881.25,2.0,Financial Services,690598510592,51.8319,52.35,0.37883,0.113,108.86 %,75.0 %,2400.61,2942.69,3605.56,Exit / Avoid new positions
DIVISLAB,HOLD,1,7414.0,79.51,27.1648,7028.12,6834.79,7414.0,6931.42,7655.29,2.0,Healthcare,1971104120832,77.03881,96.38,0.16187,0.042,-9.83 %,25.0 %,6634.22,7571.31,8638.25,Monitor weekly; re-evaluate on next earnings or macro event
UJJIVANSFB,STRONG BUY,5,71.57,74.84,0.5478,64.28,58.66,71.57,80.84,66.93,2.0,Financial Services,136441495552,15.310044,4.58,N/A,N/A,19.05 %,50.0 %,60.38,73.28,88.91,Short-to-Medium Term (2–8 weeks)
GAIL,HOLD,-1,174.23,50.42,-0.2263,172.78,170.24,174.23,162.68,180.0,2.0,Utilities,1151625068544,15.190806,11.53,0.08688,27.809,-5.57 %,25.0 %,146.86,170.52,197.93,Monitor weekly; re-evaluate on next earnings or macro event
CEMPRO,BUY,3,1369.0,35.27,-35.4632,1517.93,1265.44,1369.0,1565.2,1270.9,2.0,Industrials,230332792832,38.56198,34.77,0.28242,37.711,-19.52 %,20.0 %,1111.02,1442.35,1871.41,Medium-to-Long Term (1–6 months)
MEESHO,STRONG SELL,-5,182.1,38.47,-1.0092,188.88,183.27,182.1,163.32,191.49,2.0,Consumer Cyclical,838820823040,N/A,-2.6,N/A,1.428,2.78 %,100.0 %,134.26,182.89,248.96,Short-to-Medium Term (2–8 weeks)
ZENSARTECH,HOLD,0,515.4,59.63,0.5553,493.2,480.52,515.4,433.95,556.12,2.0,Technology,118965780480,15.563632,33.71,0.17627001,1.68,12.33 %,100.0 %,404.74,498.46,613.6,Monitor weekly; re-evaluate on next earnings or macro event
WAAREEENER,STRONG SELL,-8,2741.4,39.22,-6.7501,2824.26,2958.82,2741.4,2543.01,2840.6,2.0,Technology,775018971136,20.91036,128.85,0.31570998,21.402,25.62 %,25.0 %,2133.21,2751.66,3547.4,Short-to-Medium Term (2–8 weeks)
BHEL,STRONG BUY,6,415.95,67.87,0.6527,405.53,403.12,415.95,462.27,392.79,2.0,Industrials,1412847239168,58.04721,6.99,N/A,31.312,36.5 %,75.0 %,345.2,420.0,510.77,Short-to-Medium Term (2–8 weeks)
DIACABS,BUY,4,307.17,84.58,7.2959,237.79,215.03,307.17,359.25,281.13,2.0,Industrials,169363243008,106.77409,3.01,N/A,N/A,-14.67 %,28.6 %,245.73,320.24,417.11,Medium-to-Long Term (1–6 months)
BAJAJFINSV,SELL,-4,1913.0,54.37,-0.5326,1869.4,1798.22,1913.0,1790.39,1974.31,2.0,Financial Services,3082197925888,31.594559,61.02,0.14602,256.404,-5.85 %,42.9 %,1693.23,1925.45,2188.89,Exit / Avoid new positions
WABAG,BUY,3,1977.5,35.09,-32.7292,2093.97,1842.4,1977.5,2266.88,1832.81,2.0,Industrials,118193692672,32.242466,58.73,0.15674,8.874,-9.38 %,50.0 %,1606.02,2013.57,2523.29,Medium-to-Long Term (1–6 months)
ACUTAAS,BUY,2,3367.8,48.84,-40.9794,3524.22,3288.3,3367.8,3790.17,3156.62,2.0,Basic Materials,269986381824,94.13931,35.03,N/A,2.081,31.91 %,40.0 %,2876.12,3683.38,4714.65,Medium-to-Long Term (1–6 months)
TORNTPHARM,BUY,3,5019.5,59.1,-3.0764,4892.74,4639.06,5019.5,5467.76,4795.37,2.0,Healthcare,1863155843072,76.836075,63.75,0.16986,85.446,1.96 %,40.0 %,4575.24,5140.85,5774.9,Medium-to-Long Term (1–6 months)
INDIGO,HOLD,-1,5230.0,44.49,-43.1773,5250.94,4919.52,5230.0,4754.71,5467.65,2.0,Industrials,2037926330368,N/A,-124.47,N/A,866.462,3.93 %,33.3 %,4453.42,5257.23,6203.86,Monitor weekly; re-evaluate on next earnings or macro event
JIOFIN,STRONG SELL,-8,236.17,43.72,-0.3655,237.72,237.79,236.17,217.48,245.51,2.0,Financial Services,1565472849920,75.025314,3.16,N/A,16.286,-3.84 %,33.3 %,196.39,230.39,270.19,Short-to-Medium Term (2–8 weeks)
AMBUJACEM,STRONG SELL,-6,430.95,46.8,-0.6071,431.72,430.41,430.95,400.56,446.14,2.0,Basic Materials,1058532098048,22.362206,19.05,0.08302,1.205,-16.5 %,33.3 %,361.11,417.53,482.6,Short-to-Medium Term (2–8 weeks)
ADANIGREEN,SELL,-2,1399.7,36.77,-21.8075,1510.87,1486.1,1399.7,1221.32,1488.89,2.0,Utilities,2269479436288,131.21906,10.5,N/A,346.548,-12.03 %,25.0 %,1058.84,1366.98,1763.81,Exit / Avoid new positions
PATANJALI,STRONG SELL,-7,346.85,17.21,-3.1009,380.37,413.39,346.85,305.75,367.4,2.0,Consumer Defensive,373088354304,20.560553,16.68,0.14832,21.295,-27.59 %,0.0 %,291.99,335.39,385.12,Short-to-Medium Term (2–8 weeks)
ATHERENERG,BUY,3,1214.9,59.49,-9.113,1209.82,1072.12,1214.9,1399.28,1122.71,2.0,Consumer Cyclical,473738641408,N/A,-13.97,-0.33740002,25.819,76.52 %,50.0 %,1084.5,1382.22,1760.72,Medium-to-Long Term (1–6 months)
TMCV,SELL,-4,411.1,38.7,-2.4917,419.07,401.28,411.1,381.13,426.09,2.0,Consumer Cyclical,1534581276672,50.69343,8.22,0.26045,44.095,-9.29 %,0.0 %,344.65,424.39,522.35,Exit / Avoid new positions
TATAELXSI,SELL,-4,3554.4,42.3,7.1935,3601.79,3954.18,3554.4,3223.02,3720.09,2.0,Technology,223144574976,34.044292,105.21,N/A,5.336,-28.52 %,20.0 %,2843.24,3396.76,4056.45,Exit / Avoid new positions
DRREDDY,STRONG SELL,-5,1150.8,9.4,-13.3562,1261.43,1284.3,1150.8,1043.97,1204.21,2.0,Healthcare,945954881536,28.604532,39.7,0.088369995,18.605,-33.76 %,14.3 %,1009.77,1135.07,1275.58,Short-to-Medium Term (2–8 weeks)
DIXON,HOLD,-1,13810.0,58.13,-35.4448,13424.95,12421.42,13810.0,12380.08,14524.96,2.0,Technology,845328678912,51.626442,269.3,0.37133,18.457,-7.26 %,33.3 %,11194.13,13869.33,17175.73,Monitor weekly; re-evaluate on next earnings or macro event
DELHIVERY,SELL,-2,470.0,26.0,-6.3543,496.03,470.37,470.0,428.18,490.91,2.0,Industrials,353703624704,233.76239,2.02,0.01596,15.098,16.42 %,16.7 %,397.22,471.42,559.27,Exit / Avoid new positions
SUPREMEIND,SELL,-4,3338.2,60.78,12.9888,3335.25,3447.06,3338.2,3055.39,3479.61,2.0,Industrials,431493513216,45.205696,75.11,0.16128999,1.473,0.66 %,40.0 %,2725.48,3228.81,3823.66,Exit / Avoid new positions
GANDHAR,STRONG BUY,6,245.47,68.02,5.5736,212.26,183.59,245.47,299.83,218.29,2.0,Energy,23288475648,7.7224927,30.81,N/A,22.511,-16.72 %,25.0 %,197.75,246.23,306.45,Short-to-Medium Term (2–8 weeks)
AEROFLEX,SELL,-4,418.15,52.35,-1.0793,427.39,433.71,418.15,358.81,447.82,2.0,Industrials,59059220480,104.519905,4.27,N/A,1.988,-5.97 %,16.7 %,327.72,440.04,590.48,Exit / Avoid new positions
APARINDS,SELL,-4,14051.0,48.69,-44.8577,14097.6,14267.72,14051.0,12261.71,14945.65,2.0,Industrials,541548707840,45.90186,293.67,N/A,17.716,15.94 %,60.0 %,11170.93,14365.03,18462.18,Exit / Avoid new positions
CIPLA,SELL,-4,1409.4,37.17,-6.2648,1436.3,1413.96,1409.4,1309.56,1459.32,2.0,Healthcare,1167013314560,34.626076,41.72,N/A,1.778,-13.35 %,20.0 %,1243.35,1396.5,1568.11,Exit / Avoid new positions
FIVESTAR,SELL,-3,540.25,46.13,-4.4718,544.31,494.1,540.25,482.26,569.25,2.0,Financial Services,165688999936,15.012035,37.39,N/A,111.929,-56.87 %,0.0 %,423.35,525.55,652.12,Exit / Avoid new positions
HINDPETRO,SELL,-4,393.95,43.78,-1.2872,395.27,393.23,393.95,357.65,412.1,2.0,Energy,851235373056,51.026783,7.84,N/A,85.369,-10.95 %,40.0 %,326.71,392.68,471.79,Exit / Avoid new positions
FEDERALBNK,STRONG BUY,5,356.5,73.69,1.538,337.71,318.72,356.5,379.78,344.86,2.0,Financial Services,881265016832,19.124733,18.68,N/A,N/A,25.36 %,66.7 %,321.95,367.65,419.72,Short-to-Medium Term (2–8 weeks)
NYKAA,BUY,2,326.75,62.76,-1.5423,321.34,295.05,326.75,349.1,315.57,2.0,Consumer Cyclical,943937355776,477.68118,0.69,0.14338,82.405,10.78 %,25.0 %,287.55,336.88,394.54,Medium-to-Long Term (1–6 months)
TMB,STRONG BUY,5,893.65,72.63,5.8309,788.11,756.6,893.65,992.89,844.03,2.0,Financial Services,139475959808,9.653661,91.24,0.14521,N/A,14.78 %,40.0 %,793.07,926.42,1081.83,Short-to-Medium Term (2–8 weeks)
ASHOKLEY,STRONG SELL,-7,155.06,34.5,-0.6497,157.37,155.15,155.06,142.82,161.18,2.0,Industrials,925132062720,26.649746,5.91,0.21639,344.737,10.54 %,50.0 %,131.33,156.08,185.44,Short-to-Medium Term (2–8 weeks)
SAGILITY,HOLD,-1,43.29,58.24,0.0679,41.26,40.79,43.29,38.67,45.6,2.0,Healthcare,202046144512,20.358492,2.12,N/A,11.497,-18.11 %,40.0 %,35.49,44.23,55.09,Monitor weekly; re-evaluate on next earnings or macro event
BALAMINES,BUY,2,2284.8,60.56,-16.9911,2259.91,2102.37,2284.8,2690.82,2081.79,2.0,Basic Materials,72626839552,35.545513,63.06,N/A,6.194,1.27 %,33.3 %,1770.91,2261.69,2886.94,Medium-to-Long Term (1–6 months)
IEX,HOLD,-1,126.77,56.7,0.6119,122.29,123.42,126.77,114.98,132.66,2.0,Financial Services,117485461504,23.177195,5.7,N/A,0.818,-47.84 %,14.3 %,98.59,123.05,153.51,Monitor weekly; re-evaluate on next earnings or macro event
AGARIND,STRONG SELL,-6,483.55,32.87,-6.8526,514.29,494.4,483.55,413.11,518.77,2.0,Basic Materials,7745890816,17.78942,29.11,0.066199996,49.544,-20.95 %,50.0 %,354.76,455.03,583.32,Short-to-Medium Term (2–8 weeks)
TMPV,STRONG SELL,-8,327.65,36.22,-0.0771,336.53,360.38,327.65,306.44,338.25,2.0,Consumer Cyclical,1194629791744,N/A,-4.42,-0.01118,70.364,-55.18 %,25.0 %,234.73,301.98,388.29,Short-to-Medium Term (2–8 weeks)
ABB,STRONG BUY,6,7327.5,60.95,26.248,7156.05,7050.95,7327.5,8016.75,6982.88,2.0,Industrials,1534958239744,98.84689,73.28,N/A,1.082,-7.27 %,33.3 %,6138.38,7255.59,8572.96,Short-to-Medium Term (2–8 weeks)
NIFTYBEES,SELL,-4,273.59,42.01,-0.4447,274.12,271.09,273.59,263.63,278.57,2.0,Unknown,N/A,21.456629,N/A,N/A,N/A,1.06 %,40.0 %,255.44,272.89,291.49,Exit / Avoid new positions
HUHTAMAKI,HOLD,1,312.61,84.95,9.2214,237.39,200.01,312.61,259.36,339.24,2.0,Consumer Cyclical,22544054272,16.519646,18.07,0.1058,10.717,-5.04 %,25.0 %,248.42,307.27,379.9,Monitor weekly; re-evaluate on next earnings or macro event
MARICO,BUY,4,858.65,55.92,0.0624,849.1,831.67,858.65,906.47,834.74,2.0,Consumer Defensive,1144590434304,65.08843,13.57,0.41393003,12.394,-11.82 %,16.7 %,777.92,867.88,968.02,Medium-to-Long Term (1–6 months)
KAYNES,STRONG SELL,-8,3181.3,42.53,-14.5984,3281.74,3222.38,3181.3,2871.16,3336.37,2.0,Technology,216367759360,59.332718,54.4,0.09568,19.168,-23.64 %,40.0 %,2352.68,3087.54,4049.5,Short-to-Medium Term (2–8 weeks)
BANKBARODA,STRONG SELL,-5,244.0,46.22,0.0184,250.63,263.39,244.0,225.52,253.24,2.0,Financial Services,1236989902848,6.812874,35.11,0.113170005,N/A,-17.32 %,37.5 %,208.52,242.26,281.37,Short-to-Medium Term (2–8 weeks)
M&MFIN,STRONG BUY,5,363.0,63.22,3.0875,336.27,314.08,363.0,407.55,340.73,2.0,Financial Services,518995148800,15.927505,23.45,N/A,429.851,-7.35 %,37.5 %,304.0,365.06,438.21,Short-to-Medium Term (2–8 weeks)
POWERGRID,BUY,3,288.85,57.05,0.9525,285.63,288.13,288.85,303.52,281.52,2.0,Utilities,2653462200320,14.194029,20.1,0.16492,150.993,-15.25 %,33.3 %,252.98,284.94,320.85,Medium-to-Long Term (1–6 months)
VAML,STRONG SELL,-7,437.15,44.96,-0.0741,447.37,,437.15,391.19,460.13,2.0,Basic Materials,1686985637888,Infinity,0.0,N/A,N/A,N/A,N/A,312.62,383.14,469.36,Short-to-Medium Term (2–8 weeks)
MUTHOOTFIN,SELL,-4,3025.9,40.4,3.9466,3032.3,3113.43,3025.9,2778.37,3149.66,2.0,Financial Services,1210186596352,11.42424,263.86,0.30406,379.707,30.63 %,50.0 %,2604.07,3108.57,3709.36,Exit / Avoid new positions
USHAMART,BUY,3,502.1,47.26,-1.0053,501.45,492.59,502.1,543.74,481.28,2.0,Basic Materials,155944271872,29.324556,17.47,N/A,6.922,26.89 %,60.0 %,417.79,508.51,618.67,Medium-to-Long Term (1–6 months)
PFC,HOLD,1,420.1,56.43,1.5111,413.42,422.78,420.1,394.42,432.94,2.0,Financial Services,1385712713728,5.3510895,78.47,0.20466,586.017,-17.88 %,16.7 %,345.99,411.17,488.44,Monitor weekly; re-evaluate on next earnings or macro event
GODREJPROP,HOLD,0,2078.8,53.08,-13.7516,2055.13,1872.04,2078.8,1860.73,2187.84,2.0,Real Estate,643599368192,34.843445,61.32,0.09969,82.119,-21.42 %,20.0 %,1657.91,2016.81,2452.34,Monitor weekly; re-evaluate on next earnings or macro event
RKFORGE,STRONG BUY,5,625.45,68.8,4.5769,572.86,570.06,625.45,687.55,594.4,2.0,Industrials,114885525504,108.35911,5.82,N/A,74.422,-53.44 %,0.0 %,502.44,610.92,742.5,Short-to-Medium Term (2–8 weeks)
DABUR,STRONG SELL,-7,427.35,23.45,-1.2382,434.94,433.09,427.35,404.58,438.74,2.0,Consumer Defensive,753220190208,39.906013,10.64,0.16239999,10.907,-29.15 %,0.0 %,369.41,415.62,467.48,Short-to-Medium Term (2–8 weeks)
JSWSTEEL,HOLD,1,1244.6,49.48,2.6327,1238.54,1263.11,1244.6,1169.93,1281.93,2.0,Basic Materials,3043467198464,12.307769,101.31,N/A,95.374,-7.23 %,33.3 %,1111.47,1264.66,1438.57,Monitor weekly; re-evaluate on next earnings or macro event
SOLARINDS,STRONG BUY,7,18628.0,55.29,0.9465,18457.0,18185.92,18628.0,20147.29,17868.35,2.0,Basic Materials,1650900598784,97.93859,186.28,0.31228,23.271,31.72 %,50.0 %,16106.1,19148.79,22757.62,Short-to-Medium Term (2–8 weeks)
MOTHERSON,STRONG BUY,5,148.97,63.89,0.2008,144.65,143.62,148.97,159.59,143.66,2.0,Consumer Cyclical,1557147811840,40.398907,3.66,0.10114,43.908,-13.3 %,50.0 %,124.09,149.38,179.75,Short-to-Medium Term (2–8 weeks)
BRITANNIA,BUY,2,5384.5,44.6,2.1551,5367.65,5277.79,5384.5,5690.92,5231.29,2.0,Consumer Defensive,1319596851200,52.17619,105.0,0.53314,26.875,-34.17 %,16.7 %,4792.39,5338.58,5945.6,Short Term (1–4 weeks)
UNIONBANK,BUY,4,170.11,59.72,0.3097,168.27,168.52,170.11,188.56,160.89,2.0,Financial Services,1284277796864,6.2195935,27.05,0.15798001,N/A,15.47 %,50.0 %,143.0,171.47,205.53,Medium-to-Long Term (1–6 months)
LENSKART,HOLD,0,572.0,72.52,2.1345,541.72,521.68,572.0,522.89,596.55,2.0,Healthcare,960343310336,189.94864,2.92,0.066539995,34.983,6.98 %,100.0 %,498.65,603.47,730.01,Monitor weekly; re-evaluate on next earnings or macro event
PNB,HOLD,-1,111.62,68.62,0.6786,106.96,106.63,111.62,104.06,115.4,2.0,Financial Services,1283187146752,5.8090534,19.22,0.14965999,N/A,5.26 %,50.0 %,94.8,110.28,128.25,Monitor weekly; re-evaluate on next earnings or macro event
BSOFT,SELL,-4,293.45,56.81,1.7975,284.61,306.18,293.45,262.91,308.72,2.0,Technology,83845914624,16.219578,18.49,0.13656999,3.422,-24.92 %,25.0 %,228.38,276.49,334.59,Exit / Avoid new positions
INDUSTOWER,STRONG SELL,-8,387.4,53.5,-0.3092,395.71,410.48,387.4,356.17,403.01,2.0,Communication Services,1006351679488,14.070796,27.12,N/A,53.289,-20.17 %,33.3 %,328.21,382.58,445.81,Short-to-Medium Term (2–8 weeks)
BPCL,HOLD,0,316.25,52.26,0.0488,310.36,304.92,316.25,290.75,329.0,2.0,Energy,1367440752640,7.9812965,40.1,N/A,54.332,-7.53 %,40.0 %,269.72,313.64,364.59,Monitor weekly; re-evaluate on next earnings or macro event
PIDILITIND,SELL,-2,1611.3,48.08,-2.3123,1585.96,1543.71,1611.3,1497.42,1668.24,2.0,Basic Materials,1648413245440,67.45522,24.01,0.23523001,3.776,-15.35 %,16.7 %,1446.9,1608.61,1787.96,Exit / Avoid new positions
INDOTHAI,SELL,-3,220.09,41.43,0.5682,223.72,231.79,220.09,195.91,232.18,2.0,Financial Services,28361596928,40.910946,5.39,N/A,8.366,173.43 %,40.0 %,195.16,248.26,315.63,Exit / Avoid new positions
LIQUIDCASE,BUY,3,115.19,,0.0008,114.98,114.65,115.19,115.31,115.13,2.0,Unknown,N/A,N/A,N/A,N/A,N/A,N/A,N/A,115.77,115.93,116.1,Medium-to-Long Term (1–6 months)
IIFL,BUY,2,573.2,66.54,1.0244,543.59,517.0,573.2,636.77,541.42,2.0,Financial Services,247667376128,11.86774,49.07,N/A,447.421,23.42 %,66.7 %,464.9,578.39,719.25,Medium-to-Long Term (1–6 months)
SHADOWFAX,STRONG SELL,-6,209.6,38.58,-1.7428,220.45,213.2,209.6,167.78,230.51,2.0,Industrials,121465552896,95.19266,2.18,0.092889994,14.161,N/A,N/A,188.6,243.53,314.28,Short-to-Medium Term (2–8 weeks)
ITBEES,SELL,-2,32.7,66.41,0.1488,31.21,31.49,32.7,29.73,34.19,1.99,Unknown,N/A,19.636293,N/A,N/A,N/A,-11.27 %,25.0 %,28.42,32.02,36.08,Exit / Avoid new positions
BANDHANBNK,STRONG SELL,-6,169.43,31.1,-5.2316,199.67,202.34,169.43,139.94,184.18,2.0,Financial Services,272014409728,20.123957,8.39,N/A,N/A,-31.58 %,20.0 %,134.51,165.84,204.38,Short-to-Medium Term (2–8 weeks)
AUBANK,BUY,3,1052.2,47.09,-4.03,1035.34,1013.82,1052.2,1141.63,1007.49,2.0,Financial Services,784373579776,27.738945,37.77,N/A,N/A,6.47 %,33.3 %,916.65,1078.24,1267.87,Medium-to-Long Term (1–6 months)
YESBANK,SELL,-3,22.94,32.57,-0.1425,23.66,23.53,22.94,21.56,23.63,2.0,Financial Services,715951177728,19.008331,1.2,0.074650005,N/A,0.5 %,50.0 %,19.38,22.72,26.63,Exit / Avoid new positions
THANGAMAYL,STRONG BUY,5,7309.5,67.58,17.4033,6497.16,5549.9,7309.5,8425.71,6751.4,2.0,Consumer Cyclical,222811455488,63.270077,113.3,0.27927,64.492,10.59 %,80.0 %,5971.46,7887.05,10410.75,Short-to-Medium Term (2–8 weeks)
INDUSINDBK,BUY,3,1006.65,46.5,-3.5826,1003.79,950.69,1006.65,1087.71,966.12,2.0,Financial Services,772860739584,58.315697,17.01,N/A,N/A,-33.71 %,50.0 %,796.95,980.52,1205.82,Medium-to-Long Term (1–6 months)
TATACONSUM,HOLD,-1,1107.4,44.69,2.1874,1098.59,1125.25,1107.4,1037.77,1142.22,2.0,Consumer Defensive,1070902345728,65.58182,16.5,N/A,12.159,-0.54 %,16.7 %,972.07,1098.15,1240.25,Monitor weekly; re-evaluate on next earnings or macro event
TATATECH,STRONG SELL,-5,713.3,46.34,-4.6023,723.2,728.65,713.3,634.58,752.66,2.0,Technology,299909873664,53.912407,13.7,N/A,23.908,17.32 %,25.0 %,595.94,695.81,812.12,Short-to-Medium Term (2–8 weeks)
SBILIFE,HOLD,0,1866.8,55.62,3.7709,1823.77,1809.25,1866.8,1738.73,1930.84,2.0,Financial Services,1895260487680,72.79768,25.95,0.13703,N/A,17.86 %,50.0 %,1664.46,1868.16,2096.27,Monitor weekly; re-evaluate on next earnings or macro event
BHARATFORG,BUY,2,2181.3,60.75,-3.0107,2145.12,2047.63,2181.3,2337.51,2103.2,2.0,Consumer Cyclical,1033962258432,95.31511,22.69,0.11603,76.475,46.0 %,66.7 %,1877.51,2201.56,2580.64,Medium-to-Long Term (1–6 months)
MANKIND,HOLD,0,2551.6,52.76,-3.8931,2529.34,2463.83,2551.6,2353.93,2650.43,2.0,Healthcare,1081182126080,56.68904,46.18,0.12452,38.111,-29.07 %,0.0 %,2203.85,2573.25,3003.53,Monitor weekly; re-evaluate on next earnings or macro event
OIL,SELL,-2,442.0,58.8,3.2611,434.03,447.08,442.0,408.61,458.69,2.0,Energy,723189825536,10.92115,40.71,0.12743,58.741,-20.69 %,40.0 %,356.54,432.41,524.21,Exit / Avoid new positions
RECLTD,HOLD,1,368.15,63.34,0.7201,358.83,351.45,368.15,344.15,380.15,2.0,Financial Services,970211393536,6.0620275,60.78,N/A,607.463,-28.5 %,16.7 %,298.05,354.17,420.7,Monitor weekly; re-evaluate on next earnings or macro event
VEDL,SELL,-4,264.65,37.35,2.9382,268.89,296.64,264.65,244.88,274.53,2.0,Basic Materials,1012710375424,14.456522,17.94,0.20403999,48.044,-63.93 %,16.7 %,164.34,253.21,389.75,Exit / Avoid new positions
LOTUSDEV,HOLD,-1,187.95,81.44,4.5686,151.03,144.59,187.95,167.85,198.0,2.0,Industrials,92310134784,37.476192,5.04,0.17059,6.839,-8.54 %,33.3 %,147.92,185.8,233.27,Monitor weekly; re-evaluate on next earnings or macro event
SENORES,BUY,3,1412.0,59.29,-13.0672,1396.8,1259.96,1412.0,1586.9,1324.55,2.0,Healthcare,60970344448,46.64905,28.38,N/A,35.46,44.36 %,50.0 %,1174.8,1505.51,1928.26,Medium-to-Long Term (1–6 months)
IDBI,SELL,-3,84.48,53.28,-0.3204,84.43,80.27,84.48,76.41,88.52,2.0,Financial Services,917932605440,9.846598,8.67,0.13874,N/A,-26.62 %,33.3 %,65.6,82.87,104.64,Exit / Avoid new positions
BDL,STRONG SELL,-7,1256.4,21.65,-8.954,1311.15,1291.31,1256.4,1160.88,1304.16,2.0,Industrials,465900929024,111.1986,11.43,0.1019,0.007,-25.0 %,14.3 %,986.62,1236.61,1549.17,Short-to-Medium Term (2–8 weeks)
TRENT,STRONG SELL,-8,2938.3,51.85,-11.5179,2999.24,2950.86,2938.3,2759.83,3027.54,2.0,Consumer Cyclical,1562743799808,90.6776,32.32,0.27126,36.034,-35.56 %,0.0 %,2180.7,2808.37,3614.67,Short-to-Medium Term (2–8 weeks)
NEOGEN,HOLD,1,2064.1,58.3,-16.5336,2086.45,1959.31,2064.1,1722.46,2234.92,2.0,Basic Materials,55428722688,153.23997,13.21,N/A,170.915,-25.96 %,20.0 %,1588.52,2073.27,2704.37,Monitor weekly; re-evaluate on next earnings or macro event
APOLLOHOSP,BUY,3,8843.5,50.42,-23.531,8833.35,8555.74,8843.5,9235.96,8647.27,2.0,Healthcare,1280114819072,65.79706,135.31,0.21503,85.146,-4.95 %,37.5 %,8055.88,8967.04,9978.89,Medium-to-Long Term (1–6 months)
BIOCON,STRONG BUY,6,436.25,66.08,0.8723,425.64,422.77,436.25,475.34,416.7,2.0,Healthcare,704155680768,152.27113,2.84,0.011469999,42.145,-8.99 %,66.7 %,372.67,439.15,517.29,Short-to-Medium Term (2–8 weeks)
CENTENKA,STRONG BUY,5,577.8,72.82,3.3104,539.0,517.89,577.8,656.13,538.63,2.0,Consumer Cyclical,13114723328,12.999784,46.17,0.06922,1.482,-41.43 %,20.0 %,459.53,573.86,716.29,Short-to-Medium Term (2–8 weeks)
LUPIN,BUY,2,2410.0,41.16,-16.6112,2455.4,2358.16,2410.0,2583.76,2323.12,2.0,Healthcare,1095443349504,20.582474,116.4,0.26907,29.388,-11.79 %,37.5 %,2138.19,2438.75,2780.75,Medium-to-Long Term (1–6 months)
PCJEWELLER,STRONG SELL,-6,9.35,49.15,-0.0943,9.71,9.21,9.35,7.52,10.27,1.99,Consumer Cyclical,89531129856,11.108435,0.83,0.09946,14.271,-43.89 %,0.0 %,7.07,9.33,12.31,Short-to-Medium Term (2–8 weeks)
CHENNPETRO,STRONG BUY,5,1168.8,57.12,3.081,1173.48,1137.61,1168.8,1392.54,1056.93,2.0,Energy,175789899776,4.2118597,280.28,N/A,17.68,18.11 %,100.0 %,916.28,1170.61,1494.73,Short-to-Medium Term (2–8 weeks)
SBICARD,HOLD,-1,645.0,63.19,1.1639,619.55,613.85,645.0,584.94,675.03,2.0,Financial Services,623230713856,27.367323,23.93,N/A,280.206,19.68 %,33.3 %,556.33,638.87,733.43,Monitor weekly; re-evaluate on next earnings or macro event
GOLDBEES,HOLD,1,118.62,50.17,0.4736,117.58,121.81,118.62,114.06,120.9,2.0,Unknown,N/A,N/A,N/A,N/A,N/A,64.65 %,66.7 %,107.96,123.3,140.78,Monitor weekly; re-evaluate on next earnings or macro event
ZEEL,BUY,2,108.86,61.7,0.2208,104.13,102.77,108.86,121.67,102.45,2.0,Communication Services,103323074560,38.14539,2.82,0.02332,2.26,-6.65 %,33.3 %,84.81,106.35,133.29,Medium-to-Long Term (1–6 months)
FORCEMOT,STRONG SELL,-7,17268.0,32.15,-72.8505,18145.25,18401.3,17268.0,15586.92,18108.54,2.0,Consumer Cyclical,226592178176,18.684673,920.38,0.33508,N/A,213.41 %,66.7 %,13600.7,17850.97,23415.4,Short-to-Medium Term (2–8 weeks)
GANESHBE,STRONG BUY,5,112.35,68.61,1.2921,103.6,103.05,112.35,129.48,103.78,2.0,Basic Materials,8993638400,12.260059,10.19,0.12621,12.271,-25.27 %,25.0 %,86.17,108.8,137.3,Short-to-Medium Term (2–8 weeks)
HDFCAMC,STRONG SELL,-6,2552.4,34.91,-23.1024,2670.16,2642.42,2552.4,2294.88,2681.16,2.0,Financial Services,1085345103872,36.86571,68.66,N/A,2.364,4.87 %,40.0 %,2194.48,2572.99,3015.72,Short-to-Medium Term (2–8 weeks)
PPLPHARMA,BUY,2,192.05,64.36,1.283,175.88,171.57,192.05,215.45,180.35,2.0,Healthcare,256651427840,N/A,-2.46,-0.04002,69.977,-7.12 %,50.0 %,154.89,192.26,238.54,Medium-to-Long Term (1–6 months)
ENRIN,SELL,-3,3264.6,42.78,-18.3875,3416.08,3544.46,3264.6,2936.43,3428.68,2.0,Utilities,1132783730688,86.226616,36.89,N/A,4.483,-0.08 %,66.7 %,2736.39,3310.27,4002.83,Exit / Avoid new positions
UPL,SELL,-3,608.5,53.11,2.1428,598.79,613.27,608.5,562.21,631.64,2.0,Basic Materials,506874658816,26.85401,22.33,0.05614,57.128,-8.48 %,16.7 %,518.49,609.21,715.56,Exit / Avoid new positions
MFSL,STRONG SELL,-6,1511.1,32.49,-8.2835,1573.74,1609.74,1511.1,1383.12,1575.09,2.0,Financial Services,517471010816,622.6033,2.42,0.01629,12.673,4.85 %,16.7 %,1336.18,1534.49,1761.69,Short-to-Medium Term (2–8 weeks)
NMDC,HOLD,-1,83.52,44.92,0.07,84.25,87.34,83.52,78.69,85.94,2.0,Basic Materials,737809268736,9.907909,8.47,0.23363,18.802,-12.89 %,42.9 %,70.33,83.25,98.51,Monitor weekly; re-evaluate on next earnings or macro event
HAPPSTMNDS,HOLD,-1,387.7,63.87,0.3766,368.53,363.01,387.7,328.96,417.07,2.0,Technology,57610424320,25.887913,14.81,0.13028,89.009,-11.39 %,25.0 %,310.78,368.91,437.73,Monitor weekly; re-evaluate on next earnings or macro event
KEI,SELL,-2,4873.0,32.87,-22.4333,5079.3,5237.27,4873.0,4478.08,5070.46,2.0,Industrials,462993653760,50.447918,96.0,0.14753,3.796,-11.61 %,16.7 %,3969.51,4879.25,5994.76,Exit / Avoid new positions
WELCORP,BUY,3,1599.8,58.17,-9.77,1584.04,1462.63,1599.8,1769.09,1515.15,2.0,Basic Materials,433291919360,18.776138,87.51,N/A,25.042,-15.1 %,20.0 %,1377.58,1680.5,2049.13,Medium-to-Long Term (1–6 months)
SONACOMS,STRONG BUY,6,720.9,72.57,2.6319,681.46,634.63,720.9,782.82,689.94,2.0,Consumer Cyclical,443983069184,63.83169,11.17,N/A,7.213,-23.05 %,0.0 %,603.14,719.5,857.99,Short-to-Medium Term (2–8 weeks)
GRAVITA,HOLD,0,1788.8,50.19,-7.7102,1774.74,1698.51,1788.8,1616.93,1874.73,2.0,Industrials,119343284224,30.432764,53.84,N/A,29.934,-40.98 %,16.7 %,1398.74,1782.67,2270.77,Monitor weekly; re-evaluate on next earnings or macro event
RBLBANK,BUY,2,362.85,42.81,-2.2536,365.87,359.56,362.85,394.53,347.01,2.0,Financial Services,565068824576,30.10726,12.12,N/A,N/A,57.24 %,60.0 %,305.4,370.42,449.1,Medium-to-Long Term (1–6 months)
LLOYDSENGG,BUY,2,91.33,59.79,-0.4038,87.61,80.91,91.33,103.48,85.25,2.0,Industrials,129956421632,61.19463,1.49,0.16820998,6.45,-14.25 %,25.0 %,69.07,90.6,118.78,Medium-to-Long Term (1–6 months)
UNITDSPR,BUY,2,1482.0,59.26,5.9235,1398.0,1336.52,1482.0,1585.26,1430.37,2.0,Consumer Defensive,1071331672064,63.235542,23.86,N/A,4.611,-12.92 %,50.0 %,1303.81,1480.4,1680.43,Medium-to-Long Term (1–6 months)
LIQUID1,HOLD,-1,1115.35,,-0.0062,1113.27,1109.93,1115.35,1110.88,1117.58,2.0,,N/A,N/A,N/A,N/A,N/A,N/A,N/A,1121.43,1122.78,1124.13,Monitor weekly; re-evaluate on next earnings or macro event
CDSL,STRONG SELL,-5,1329.0,45.64,-12.9609,1368.24,1300.51,1329.0,1209.0,1389.0,2.0,Financial Services,281125879808,61.701836,21.8,0.23913,0.11,13.7 %,50.0 %,1085.54,1328.05,1624.0,Short-to-Medium Term (2–8 weeks)
STLTECH,BUY,2,555.4,49.89,0.2288,550.88,559.82,555.4,662.71,501.75,2.0,Technology,272398647296,114.9783,4.61,N/A,85.626,482.94 %,66.7 %,435.63,596.27,815.57,Medium-to-Long Term (1–6 months)
SENCO,BUY,4,417.95,82.12,4.867,359.74,348.14,417.95,477.62,388.12,2.0,Consumer Cyclical,68591050752,10.936521,38.28,0.25617,107.377,-38.69 %,33.3 %,323.88,411.89,523.52,Medium-to-Long Term (1–6 months)
UNOMINDA,SELL,-4,1162.4,60.3,-1.4329,1137.36,1112.35,1162.4,1071.47,1207.87,2.0,Consumer Cyclical,672114081792,55.929844,20.81,0.19202,37.74,-7.02 %,16.7 %,963.41,1162.71,1402.66,Exit / Avoid new positions
NATIONALUM,SELL,-3,339.35,47.4,0.7698,346.76,372.38,339.35,309.68,354.19,2.0,Basic Materials,614445154304,10.007478,33.43,0.2942,0.277,94.05 %,100.0 %,281.41,349.11,432.88,Exit / Avoid new positions
INDOCO,HOLD,-1,248.14,55.3,-1.6613,245.67,229.48,248.14,216.55,263.94,2.0,Healthcare,21020213248,N/A,-10.69,-0.101210006,116.912,-14.02 %,40.0 %,191.27,242.28,306.75,Monitor weekly; re-evaluate on next earnings or macro event
MAXHEALTH,HOLD,-1,1114.6,48.88,-4.4165,1107.4,1062.16,1114.6,1035.16,1154.32,2.0,Healthcare,1075239780352,75.10538,14.71,0.14333001,32.367,3.09 %,40.0 %,949.64,1121.24,1323.36,Monitor weekly; re-evaluate on next earnings or macro event
SIEMENS,BUY,4,3718.0,76.79,21.6106,3586.45,3644.5,3718.0,3998.17,3577.91,2.0,Industrials,1310879645696,77.34818,47.59,N/A,2.213,-38.92 %,14.3 %,3098.6,3674.66,4356.18,Medium-to-Long Term (1–6 months)
LIQUIDIETF,STRONG SELL,-7,999.99,,-0.0001,999.99,999.99,999.99,999.93,1000.02,2.0,,N/A,N/A,N/A,N/A,N/A,-0.02 %,0.0 %,999.87,999.99,1000.1,Short-to-Medium Term (2–8 weeks)
GRASIM,SELL,-4,3112.4,42.09,-7.6494,3143.28,3126.32,3112.4,2928.53,3204.34,2.0,Basic Materials,2113571127296,42.60596,73.14,0.06287,135.044,-27.77 %,0.0 %,2772.02,3119.93,3510.59,Exit / Avoid new positions
INDHOTEL,HOLD,-1,733.75,45.05,-2.921,730.7,699.95,733.75,683.11,759.07,2.0,Consumer Cyclical,1045795635200,48.849735,15.04,N/A,18.987,-9.62 %,40.0 %,630.77,735.92,858.31,Monitor weekly; re-evaluate on next earnings or macro event
INDIANB,HOLD,-1,831.25,59.48,1.4561,822.28,832.65,831.25,750.1,871.83,2.0,Financial Services,1123704635392,8.788054,94.93,0.16171,N/A,30.2 %,42.9 %,710.04,844.69,1004.48,Monitor weekly; re-evaluate on next earnings or macro event
EQUITASBNK,BUY,3,79.0,49.46,-0.3139,78.69,75.42,79.0,88.54,74.23,2.0,Financial Services,85368979456,82.92222,0.9,0.016900001,94.248,-25.72 %,25.0 %,65.4,78.39,93.93,Medium-to-Long Term (1–6 months)
NAM-INDIA,BUY,2,1153.9,43.91,-10.9586,1180.06,1140.09,1153.9,1277.44,1092.13,2.0,Financial Services,735382077440,45.520382,25.27,N/A,1.617,36.03 %,50.0 %,958.35,1187.23,1470.07,Medium-to-Long Term (1–6 months)
TIMETECHNO,BUY,2,206.75,71.09,1.4029,190.54,181.29,206.75,231.95,194.15,2.0,Consumer Cyclical,104033656832,21.096096,9.99,0.13372,17.605,-44.28 %,16.7 %,164.41,207.89,262.73,Medium-to-Long Term (1–6 months)
ANANTRAJ,BUY,2,616.9,73.14,2.3759,571.91,544.19,616.9,688.66,581.02,2.0,Real Estate,219506933760,38.62888,15.79,0.11175,11.703,-47.63 %,0.0 %,464.12,615.69,816.26,Medium-to-Long Term (1–6 months)
COCHINSHIP,STRONG SELL,-8,1402.3,39.07,-0.7195,1431.53,1453.06,1402.3,1315.39,1445.75,2.0,Industrials,363735482368,50.83088,27.2,0.12517,28.466,-12.9 %,25.0 %,1066.93,1342.48,1688.35,Short-to-Medium Term (2–8 weeks)
TBZ,HOLD,1,280.22,82.07,2.1024,233.3,194.43,280.22,221.6,309.53,2.0,Consumer Cyclical,19425284096,9.600924,30.32,0.27058,105.734,-23.69 %,0.0 %,213.6,288.68,389.89,Monitor weekly; re-evaluate on next earnings or macro event
HINDZINC,STRONG SELL,-5,529.65,48.66,2.808,530.19,564.07,529.65,494.19,547.38,2.0,Basic Materials,2226320572416,13.038853,40.41,N/A,39.034,-14.95 %,33.3 %,427.16,521.0,635.17,Short-to-Medium Term (2–8 weeks)
JUBLFOOD,STRONG SELL,-6,427.45,37.19,-0.4389,426.89,428.06,427.45,391.72,445.31,2.0,Consumer Cyclical,284246966272,75.957825,5.69,0.16893,2.655,-14.42 %,33.3 %,353.62,417.21,492.06,Short-to-Medium Term (2–8 weeks)
HYUNDAI,SELL,-4,1984.6,50.56,-3.5245,1966.21,1936.91,1984.6,1824.46,2064.67,2.0,Consumer Cyclical,1626626064384,29.932716,66.88,0.29916,5.484,20.06 %,50.0 %,1704.16,1987.71,2317.66,Exit / Avoid new positions
BANKINDIA,STRONG SELL,-6,137.87,44.44,-0.34,142.59,142.97,137.87,123.29,145.16,2.0,Financial Services,620619694080,5.04702,27.01,0.13697,N/A,0.77 %,28.6 %,116.27,138.0,163.74,Short-to-Medium Term (2–8 weeks)
SURYODAY,BUY,3,184.62,55.22,-0.0342,183.78,174.67,184.62,217.02,168.42,2.0,Financial Services,17610096640,9.184034,18.04,N/A,N/A,1.88 %,66.7 %,146.84,183.06,228.09,Medium-to-Long Term (1–6 months)
GMRAIRPORT,HOLD,0,108.0,30.95,-1.0109,111.58,106.01,108.0,100.56,111.72,2.0,Industrials,1139947077632,830.46155,0.13,N/A,N/A,-3.65 %,50.0 %,92.38,108.2,126.68,Monitor weekly; re-evaluate on next earnings or macro event
HINDCOPPER,SELL,-2,482.4,40.25,0.7875,491.03,511.89,482.4,444.18,501.51,2.0,Basic Materials,457547415552,49.805264,9.5,0.30602,3.319,39.8 %,60.0 %,381.14,491.33,633.03,Exit / Avoid new positions
TATSILV,SELL,-2,21.63,45.09,0.1331,21.5,23.05,21.63,19.92,22.48,2.01,,N/A,N/A,N/A,N/A,N/A,132.61 %,75.0 %,17.63,22.79,29.44,Exit / Avoid new positions
MASTEK,HOLD,0,1731.6,59.66,1.0911,1677.02,1646.36,1731.6,1534.47,1830.16,2.0,Technology,58079911936,13.996264,133.85,N/A,14.648,-1.47 %,40.0 %,1375.92,1673.7,2035.04,Monitor weekly; re-evaluate on next earnings or macro event
JKPAPER,HOLD,1,414.55,85.29,5.256,368.66,364.25,414.55,369.37,437.14,2.0,Basic Materials,71566516224,22.567183,17.49,N/A,44.544,-26.74 %,16.7 %,333.99,406.76,495.18,Monitor weekly; re-evaluate on next earnings or macro event
POLICYBZR,STRONG SELL,-7,1553.2,41.07,-3.6702,1585.5,1623.65,1553.2,1430.92,1614.34,2.0,Financial Services,731551170560,109.64682,14.44,0.097440004,4.922,-10.38 %,33.3 %,1256.49,1547.7,1905.53,Short-to-Medium Term (2–8 weeks)
SYRMA,BUY,2,1316.2,45.33,-19.8162,1385.14,1282.63,1316.2,1480.6,1234.0,2.0,Technology,251568226304,76.91402,16.98,0.14142999,13.045,1.44 %,40.0 %,1074.97,1388.51,1792.48,Medium-to-Long Term (1–6 months)
AMBER,STRONG SELL,-5,7280.5,39.82,-52.2831,7603.65,7599.17,7280.5,6590.62,7625.44,2.0,Consumer Cyclical,254245339136,143.49124,50.24,0.05583,46.566,-8.38 %,33.3 %,5778.88,7452.44,9605.28,Short-to-Medium Term (2–8 weeks)
JSWENERGY,HOLD,-1,549.7,52.89,0.4444,554.17,564.6,549.7,504.55,572.28,2.0,Utilities,997268979712,42.686275,12.75,N/A,229.16,-20.15 %,33.3 %,448.72,539.27,647.84,Monitor weekly; re-evaluate on next earnings or macro event
GLENMARK,SELL,-4,2196.0,36.92,-8.5364,2239.18,2231.48,2196.0,2040.33,2273.84,2.0,Healthcare,616495906816,45.22045,48.31,0.14069,5.646,0.57 %,42.9 %,1914.24,2242.5,2626.15,Exit / Avoid new positions
PVRINOX,HOLD,1,1123.2,72.58,9.3098,1008.09,985.56,1123.2,1021.2,1174.2,2.0,Communication Services,109802291200,39.192078,28.53,N/A,91.874,-19.3 %,33.3 %,931.1,1097.53,1293.23,Monitor weekly; re-evaluate on next earnings or macro event
MAZDOCK,STRONG SELL,-6,2330.3,26.01,-9.9646,2411.93,2437.87,2330.3,2186.54,2402.18,2.0,Industrials,926079844352,35.82709,64.08,0.2877,4.481,-0.21 %,20.0 %,1822.02,2296.07,2891.98,Short-to-Medium Term (2–8 weeks)
PHOENIXLTD,HOLD,1,2036.6,45.03,-18.6075,2067.1,1907.54,2036.6,1873.22,2118.29,2.0,Real Estate,723613450240,57.75621,35.03,0.11056,37.211,-24.19 %,16.7 %,1698.66,2040.27,2449.59,Monitor weekly; re-evaluate on next earnings or macro event
LLOYDSME,BUY,4,2014.9,76.1,16.2834,1840.82,1792.64,2014.9,2220.91,1911.89,2.0,Basic Materials,1113596362752,29.587381,66.89,0.36945,145.214,74.33 %,60.0 %,1720.73,2128.45,2631.54,Medium-to-Long Term (1–6 months)
PNGJL,HOLD,1,689.05,90.5,9.8801,594.29,563.5,689.05,612.7,727.22,2.0,Consumer Cyclical,92193456128,20.667782,32.87,N/A,88.504,-7.8 %,25.0 %,551.65,678.76,834.78,Monitor weekly; re-evaluate on next earnings or macro event
BOSCHLTD,HOLD,-1,41250.0,42.96,-137.097,41450.25,39380.9,41250.0,38822.13,42463.93,2.0,Consumer Cyclical,1218483847168,43.923447,940.5,0.19353001,0.8,14.24 %,25.0 %,36103.75,41501.75,47692.17,Monitor weekly; re-evaluate on next earnings or macro event
SPLPETRO,BUY,2,760.9,60.62,3.08,724.71,711.81,760.9,837.64,722.53,2.0,Basic Materials,139225808896,28.708801,25.79,N/A,5.61,14.54 %,66.7 %,616.1,750.73,914.39,Medium-to-Long Term (1–6 months)
PNBHOUSING,BUY,2,1078.5,41.85,-5.6308,1083.76,1047.8,1078.5,1172.97,1031.27,2.0,Financial Services,278674866176,12.181342,87.79,0.127,277.418,0.46 %,50.0 %,892.95,1092.27,1335.48,Medium-to-Long Term (1–6 months)
ANGELONE,SELL,-2,304.2,31.37,-4.0978,331.37,335.87,304.2,270.6,321.0,2.0,Financial Services,276430848000,27.335142,11.07,N/A,129.314,-0.41 %,40.0 %,241.15,308.56,394.59,Exit / Avoid new positions
PRESTIGE,SELL,-2,1644.6,47.17,-16.4298,1664.52,1522.38,1644.6,1480.77,1726.51,2.0,Real Estate,724617527296,60.536163,27.79,0.07998,105.493,-15.64 %,25.0 %,1336.58,1622.34,1968.36,Exit / Avoid new positions
NUVAMA,BUY,3,1916.6,49.96,-7.0242,1890.11,1717.79,1916.6,2153.72,1798.04,2.0,Financial Services,330158145536,32.32309,55.96,0.27317,282.325,4.37 %,50.0 %,1565.7,1958.82,2449.44,Medium-to-Long Term (1–6 months)
OLAELEC,STRONG SELL,-5,37.27,22.33,-0.4709,40.59,41.23,37.27,32.56,39.62,2.0,Consumer Cyclical,163977248768,N/A,-4.16,-0.4316,82.453,-22.57 %,25.0 %,25.11,34.94,48.6,Short-to-Medium Term (2–8 weeks)
HDFCLIFE,STRONG SELL,-7,552.85,40.2,-0.582,563.15,577.77,552.85,510.79,573.88,2.0,Financial Services,1213568778240,60.866013,9.18,0.108009994,15.842,-8.07 %,12.5 %,482.18,543.33,612.08,Short-to-Medium Term (2–8 weeks)
JINDALSTEL,SELL,-3,1065.7,59.72,7.3829,1040.74,1112.81,1065.7,994.48,1101.31,2.0,Basic Materials,1072839524352,39.579582,26.64,N/A,43.613,-1.18 %,42.9 %,915.71,1067.32,1243.6,Exit / Avoid new positions
AZAD,STRONG BUY,6,2441.6,60.36,2.908,2308.7,2171.03,2441.6,2788.97,2267.91,2.0,Industrials,155067236352,117.069725,20.51,0.09142,31.025,0.52 %,60.0 %,1972.64,2485.0,3128.84,Short-to-Medium Term (2–8 weeks)
ROSSTECH,SELL,-4,975.65,51.65,-2.8724,991.82,996.54,975.65,850.16,1038.39,2.0,Industrials,34495184896,155.82906,5.85,0.15179,264.369,116.1 %,66.7 %,749.62,1015.7,1375.31,Exit / Avoid new positions
ZENTEC,SELL,-2,1688.2,32.07,-13.4835,1798.08,1769.49,1688.2,1488.22,1788.19,2.0,Industrials,147552436224,81.66251,20.09,N/A,0.95,7.78 %,50.0 %,1306.37,1681.0,2161.86,Exit / Avoid new positions
ASHIKAG,HOLD,-1,429.65,69.01,1.3856,397.68,385.19,429.65,393.29,447.83,2.0,,N/A,N/A,N/A,0.07375,22.575,N/A,N/A,386.15,450.75,525.98,Monitor weekly; re-evaluate on next earnings or macro event
AURIONPRO,STRONG SELL,-6,836.65,46.75,-4.8728,849.39,833.05,836.65,752.41,878.77,2.0,Technology,40604028928,19.663101,37.4,N/A,3.478,-40.85 %,0.0 %,616.8,796.1,1026.95,Short-to-Medium Term (2–8 weeks)
TANLA,BUY,4,587.1,58.08,3.4209,558.85,536.09,587.1,676.47,542.41,2.0,Technology,78973722624,14.855793,40.22,N/A,2.118,15.13 %,66.7 %,447.08,566.09,716.39,Medium-to-Long Term (1–6 months)
HEG,BUY,4,652.5,76.63,10.1815,569.46,557.28,652.5,744.06,606.72,2.0,Industrials,125638025216,34.89014,18.66,N/A,16.73,-50.4 %,16.7 %,525.57,665.38,841.94,Medium-to-Long Term (1–6 months)
ABCAPITAL,BUY,3,400.45,47.42,-2.1251,399.77,378.38,400.45,433.72,383.81,2.0,Financial Services,1070775599104,27.4439,14.26,0.11181,495.936,69.21 %,50.0 %,346.78,412.71,490.99,Medium-to-Long Term (1–6 months)
DEEPINDS,HOLD,1,516.45,78.88,4.8293,465.32,480.63,516.45,453.06,548.15,2.0,Energy,32444801024,18.047348,28.09,0.09786,9.61,18.63 %,50.0 %,410.07,529.14,682.41,Monitor weekly; re-evaluate on next earnings or macro event
LTF,BUY,2,312.25,33.18,-2.4401,315.12,293.95,312.25,343.45,296.65,2.0,Financial Services,779260329984,24.526814,12.68,N/A,393.442,38.4 %,25.0 %,269.4,321.24,382.91,Medium-to-Long Term (1–6 months)
HUDCO,STRONG SELL,-7,202.16,37.85,-0.8363,205.04,206.11,202.16,186.32,210.08,2.0,Financial Services,389269454848,9.150588,21.25,N/A,645.775,-4.73 %,20.0 %,159.79,195.61,239.35,Short-to-Medium Term (2–8 weeks)
ECLERX,HOLD,0,1811.7,68.4,15.9053,1666.9,1538.57,1811.7,1475.37,1979.87,2.0,Technology,174636351488,25.486166,74.46,0.29,15.012,5.76 %,50.0 %,1470.83,1846.93,2318.05,Monitor weekly; re-evaluate on next earnings or macro event
SRF,STRONG SELL,-6,2636.5,39.36,-21.9691,2779.15,2735.42,2636.5,2355.67,2776.91,2.0,Industrials,780555583488,36.059155,73.03,N/A,36.195,-0.32 %,25.0 %,2247.29,2632.52,3082.71,Short-to-Medium Term (2–8 weeks)
TIINDIA,SELL,-4,2849.3,37.16,-10.5959,2934.52,3043.73,2849.3,2603.96,2971.97,2.0,Industrials,546888581120,86.21605,32.77,N/A,27.724,-6.35 %,25.0 %,2299.12,2770.28,3336.61,Exit / Avoid new positions
LICI,HOLD,-1,424.35,40.16,-2.6126,432.17,420.73,424.35,396.69,438.18,2.0,Financial Services,5403445297152,9.406518,45.41,0.40769002,0.431,-6.65 %,25.0 %,363.09,414.56,473.19,Monitor weekly; re-evaluate on next earnings or macro event
NORTHARC,HOLD,1,300.1,47.05,-2.4319,307.37,296.0,300.1,261.55,319.38,2.0,Financial Services,46123978752,10.635483,26.83,N/A,314.235,4.19 %,33.3 %,237.75,296.75,370.22,Monitor weekly; re-evaluate on next earnings or macro event
MANAPPURAM,STRONG BUY,5,359.85,62.07,2.188,336.5,324.28,359.85,390.36,344.6,2.0,Financial Services,339335184384,30.510979,11.84,0.06968,360.191,41.42 %,66.7 %,305.85,369.41,446.0,Short-to-Medium Term (2–8 weeks)
GRSE,SELL,-4,2647.5,44.3,-2.1688,2648.09,2670.56,2647.5,2479.41,2731.55,2.0,Industrials,299060887552,43.43927,60.1,0.31791002,1.424,-5.72 %,16.7 %,1995.27,2647.08,3509.65,Exit / Avoid new positions
MRPL,HOLD,1,162.29,61.43,0.7822,160.57,156.7,162.29,133.64,176.61,2.0,Energy,280468389888,8.930245,17.92,N/A,108.059,0.57 %,50.0 %,124.72,158.25,200.7,Monitor weekly; re-evaluate on next earnings or macro event
BECTORFOOD,SELL,-2,211.89,71.19,3.7053,185.32,181.94,211.89,174.45,230.61,2.0,Consumer Defensive,64517144576,45.68696,4.6,0.11563,15.011,-23.99 %,14.3 %,168.05,206.94,254.7,Exit / Avoid new positions
NAZARA,HOLD,1,303.4,52.38,-1.1101,304.37,294.29,303.4,278.17,316.01,2.0,Communication Services,112621371392,11.172363,27.21,0.01974,6.051,-0.14 %,25.0 %,252.79,307.13,373.0,Monitor weekly; re-evaluate on next earnings or macro event
KARURVYSYA,STRONG BUY,5,339.65,67.77,3.8374,310.48,297.96,339.65,377.99,320.48,2.0,Financial Services,327120191488,11.91969,28.39,N/A,N/A,10.8 %,40.0 %,293.25,349.96,417.47,Short-to-Medium Term (2–8 weeks)
TEJASNET,SELL,-4,513.05,38.73,-7.3604,550.89,554.02,513.05,453.5,542.82,2.0,Technology,87858102272,N/A,-51.72,N/A,142.52,-20.46 %,40.0 %,363.54,481.45,637.23,Exit / Avoid new positions
CAMS,BUY,3,785.05,52.38,0.0006,775.08,777.36,785.05,849.52,752.81,2.0,Technology,198638239744,41.76931,19.16,0.38694,4.863,-10.63 %,16.7 %,640.76,776.65,940.95,Medium-to-Long Term (1–6 months)
MOTILALOFS,SELL,-3,869.3,34.63,-13.0627,948.48,913.85,869.3,769.34,919.28,2.0,Financial Services,515527901184,26.547287,32.25,N/A,165.8,48.87 %,100.0 %,691.4,882.24,1125.15,Exit / Avoid new positions
REDINGTON,HOLD,0,278.15,52.77,-2.5143,274.15,256.63,278.15,249.53,292.46,2.0,Technology,217372360704,14.5958,19.05,0.13089,27.26,-3.72 %,33.3 %,219.56,280.71,358.7,Monitor weekly; re-evaluate on next earnings or macro event
ICICIGI,STRONG SELL,-7,1681.0,37.93,-8.6371,1722.74,1764.13,1681.0,1495.51,1773.74,2.0,Financial Services,840820457472,34.78207,48.41,0.1463,N/A,-15.11 %,50.0 %,1458.96,1659.01,1885.95,Short-to-Medium Term (2–8 weeks)
AEGISLOG,BUY,2,1291.3,43.45,-15.5247,1308.34,1046.5,1291.3,1561.93,1155.98,2.0,Energy,445910417408,49.683224,25.57,0.15258001,47.243,-29.63 %,25.0 %,1017.52,1311.77,1690.17,Medium-to-Long Term (1–6 months)
ZYDUSLIFE,BUY,3,1108.2,32.58,-7.698,1134.47,1102.84,1108.2,1182.78,1070.91,2.0,Healthcare,1096456142848,21.944498,50.09,0.18318,42.304,-5.35 %,25.0 %,968.01,1097.02,1242.87,Medium-to-Long Term (1–6 months)
INTELLECT,STRONG SELL,-7,717.7,30.22,-5.154,751.55,740.64,717.7,636.04,758.53,2.0,Technology,100905639936,29.767776,24.33,0.11411,4.961,20.5 %,75.0 %,552.44,698.97,883.92,Short-to-Medium Term (2–8 weeks)
ASTRAMICRO,BUY,3,1801.8,52.9,-11.6715,1776.16,1577.56,1801.8,1987.08,1709.16,2.0,Technology,161795784704,84.44499,20.18,0.15994,21.883,31.84 %,50.0 %,1509.17,1868.43,2312.12,Medium-to-Long Term (1–6 months)
IOC,HOLD,0,141.52,48.63,0.0348,140.47,140.81,141.52,132.1,146.23,2.0,Energy,1995048615936,4.6215243,30.57,0.20969999,58.446,-7.38 %,50.0 %,120.66,138.9,159.86,Monitor weekly; re-evaluate on next earnings or macro event
MOTISONS,SELL,-4,13.96,34.53,-0.0713,14.14,13.36,13.96,11.92,14.98,2.0,Consumer Cyclical,16630345728,22.492308,0.65,0.13962,7.795,-49.63 %,0.0 %,10.46,13.76,18.1,Exit / Avoid new positions
INFOBEAN,STRONG SELL,-7,157.14,43.43,-0.8168,162.1,161.76,157.14,133.8,168.81,2.0,Technology,16301791232,19.214857,8.75,N/A,3.547,12.74 %,66.7 %,115.03,159.12,219.96,Short-to-Medium Term (2–8 weeks)
HAVELLS,HOLD,0,1237.4,53.89,5.2116,1195.5,1184.67,1237.4,1143.17,1284.52,2.0,Industrials,770080899072,47.214314,25.99,N/A,2.801,-33.6 %,0.0 %,1057.74,1203.78,1369.59,Monitor weekly; re-evaluate on next earnings or macro event
KIRLOSENG,HOLD,1,2283.1,50.89,-33.9389,2306.34,2105.21,2283.1,1975.15,2437.07,2.0,Industrials,318978916352,56.15266,39.04,0.16819,154.864,39.79 %,66.7 %,1861.12,2355.12,2978.69,Monitor weekly; re-evaluate on next earnings or macro event
SONATSOFTW,SELL,-3,293.35,56.65,-1.2872,289.66,280.84,293.35,251.77,314.14,2.0,Technology,82387869696,17.77015,16.75,0.25724,37.962,-30.5 %,16.7 %,216.79,275.76,350.57,Exit / Avoid new positions
63MOONS,BUY,3,728.8,53.22,0.3797,698.66,671.51,728.8,842.59,671.9,2.0,Technology,34819248128,N/A,-4.88,-0.0152,0.149,60.06 %,40.0 %,568.52,754.87,1001.68,Medium-to-Long Term (1–6 months)
KTKBANK,STRONG BUY,5,285.55,68.64,1.0037,273.45,270.11,285.55,310.42,273.12,2.0,Financial Services,104661745664,7.996244,34.61,0.10358,N/A,-11.0 %,40.0 %,244.08,287.0,337.35,Short-to-Medium Term (2–8 weeks)
HDFCSILVER,SELL,-2,213.09,45.43,1.2969,211.86,226.2,213.09,198.45,220.41,2.0,Unknown,N/A,N/A,N/A,N/A,N/A,112.59 %,50.0 %,167.78,227.33,307.81,Exit / Avoid new positions
ACMESOLAR,BUY,2,362.4,46.5,-4.4222,377.75,348.82,362.4,403.98,341.61,2.0,Utilities,251086618624,43.619633,8.15,0.10406,393.194,26.96 %,100.0 %,289.94,369.21,469.91,Medium-to-Long Term (1–6 months)
TATACAP,SELL,-4,350.55,48.37,-2.3324,353.07,336.89,350.55,325.17,363.24,2.0,Financial Services,1496715100160,30.234243,11.74,0.12027001,502.931,-13.31 %,0.0 %,304.96,352.28,406.8,Exit / Avoid new positions
PWL,HOLD,-1,123.09,18.66,-2.7251,136.12,121.54,123.09,100.59,134.34,2.0,Consumer Defensive,355173793792,N/A,-0.07,-0.00789,23.018,0.1 %,100.0 %,88.42,117.26,155.41,Monitor weekly; re-evaluate on next earnings or macro event
VMM,STRONG SELL,-8,110.31,35.29,-0.531,114.83,117.53,110.31,100.86,115.03,2.0,Consumer Cyclical,513306525696,57.673687,1.9,N/A,26.817,22.13 %,33.3 %,91.54,109.63,131.23,Short-to-Medium Term (2–8 weeks)
FSL,HOLD,-1,262.23,64.4,0.2144,253.08,253.64,262.23,233.37,276.66,2.0,Technology,181652209664,27.487984,9.57,0.159,67.135,-9.24 %,28.6 %,204.17,260.13,331.26,Monitor weekly; re-evaluate on next earnings or macro event
AUROPHARMA,BUY,2,1549.4,43.13,-6.7966,1560.59,1507.41,1549.4,1663.58,1492.31,2.0,Healthcare,891375452160,25.70433,60.27,0.09932999,21.31,14.32 %,75.0 %,1342.77,1552.18,1793.68,Medium-to-Long Term (1–6 months)
NAVINFLUOR,BUY,3,7711.0,54.97,-19.5739,7650.9,7409.39,7711.0,8342.29,7395.35,2.0,Basic Materials,385391394816,57.64656,130.32,0.20105,32.091,41.23 %,50.0 %,6782.42,8039.56,9526.14,Medium-to-Long Term (1–6 months)
RVNL,SELL,-4,223.95,35.62,0.3382,229.08,238.98,223.95,208.26,231.79,2.0,Industrials,461498351616,52.57482,4.21,0.08981,49.078,-31.07 %,20.0 %,167.99,209.56,261.3,Exit / Avoid new positions
MTARTECH,SELL,-2,5754.5,29.01,-93.258,6581.57,7226.03,5754.5,4751.63,6255.94,2.0,Industrials,168162689024,179.2459,30.5,0.12121,45.778,227.99 %,75.0 %,4675.62,6103.3,7962.22,Exit / Avoid new positions
NH,SELL,-2,2054.0,57.54,-4.6502,2002.86,1947.63,2054.0,1914.35,2123.82,2.0,Healthcare,420985372672,52.01506,39.85,0.19845,129.033,41.04 %,66.7 %,1786.18,2103.86,2477.13,Exit / Avoid new positions
TATACOMM,SELL,-4,1735.2,21.56,-13.6798,1852.47,1909.56,1735.2,1559.19,1823.2,2.0,Communication Services,502912024576,53.243816,33.14,N/A,335.854,10.53 %,60.0 %,1462.46,1719.14,2020.16,Exit / Avoid new positions
FORTIS,SELL,-4,942.3,40.07,-2.5473,960.02,961.99,942.3,883.77,971.56,2.0,Healthcare,713775185920,68.71003,13.76,0.11006,34.15,22.13 %,50.0 %,835.35,975.15,1137.95,Exit / Avoid new positions
LTTS,SELL,-2,3498.1,66.28,22.7877,3292.79,3350.83,3498.1,3113.68,3690.31,2.0,Technology,381804904448,29.825157,120.68,N/A,8.911,-42.27 %,28.6 %,2847.12,3398.22,4054.4,Exit / Avoid new positions
TDPOWERSYS,HOLD,0,1141.5,52.82,2.0854,1143.06,1214.81,1141.5,1010.85,1206.83,2.0,Industrials,174163460096,72.86275,15.3,0.24716999,1.689,107.15 %,75.0 %,938.92,1207.52,1552.09,Monitor weekly; re-evaluate on next earnings or macro event
SAMMAANCAP,SELL,-4,164.96,44.49,-0.3538,166.29,169.46,164.96,150.56,172.16,2.0,Financial Services,187546107904,N/A,-87.73,-0.35009998,273.033,-27.19 %,16.7 %,129.62,163.62,206.43,Exit / Avoid new positions
MRF,SELL,-4,132020.0,33.46,-295.3907,132507.75,129001.8,132020.0,125234.63,135412.68,2.0,Consumer Cyclical,564665778176,23.290596,5716.47,0.12258001,15.288,7.97 %,50.0 %,116259.39,131144.45,147895.98,Exit / Avoid new positions
PAISALO,HOLD,1,70.44,53.11,-0.7749,71.18,61.79,70.44,59.13,76.09,2.0,Financial Services,64703385600,27.152672,2.62,0.14255,243.153,-46.07 %,14.3 %,55.79,70.09,88.01,Monitor weekly; re-evaluate on next earnings or macro event
ACE,BUY,3,1061.8,59.97,2.7602,1001.46,953.2,1061.8,1183.99,1000.7,2.0,Industrials,128264445952,29.330427,36.74,N/A,0.393,-29.94 %,28.6 %,851.79,1039.12,1267.1,Medium-to-Long Term (1–6 months)
MOSCHIP,SELL,-4,208.3,40.86,-2.7206,230.87,218.51,208.3,168.22,228.34,2.0,Technology,39412604928,147.89781,1.37,N/A,21.561,-10.24 %,25.0 %,155.69,207.41,276.14,Exit / Avoid new positions
TATACHEM,STRONG SELL,-8,698.9,38.97,-0.2354,699.61,723.48,698.9,656.18,720.26,2.0,Basic Materials,171782144000,N/A,-84.99,N/A,36.081,-10.57 %,25.0 %,581.46,677.14,788.3,Short-to-Medium Term (2–8 weeks)
SAREGAMA,SELL,-2,514.85,66.32,-0.2432,489.64,464.0,514.85,451.4,546.58,2.0,Communication Services,100634763264,48.94958,10.71,0.12567,4.281,-35.11 %,0.0 %,405.23,509.31,639.79,Exit / Avoid new positions
KALPATARU,STRONG SELL,-6,267.0,14.63,-0.8266,285.09,307.15,267.0,238.44,281.28,2.0,Real Estate,55681335296,56.926315,4.75,0.02447,224.816,-6.21 %,0.0 %,207.88,251.47,304.07,Short-to-Medium Term (2–8 weeks)
COLPAL,BUY,2,2136.6,57.68,9.814,2059.06,2052.33,2136.6,2282.58,2063.61,2.0,Consumer Defensive,581532516352,43.89448,48.71,0.81593,2.993,-37.92 %,0.0 %,1825.09,2077.09,2363.2,Medium-to-Long Term (1–6 months)
360ONE,BUY,2,1132.7,46.91,0.4448,1104.63,1103.05,1132.7,1238.6,1079.75,2.0,Financial Services,459093082112,37.44773,30.13,N/A,161.977,12.81 %,75.0 %,932.92,1130.53,1369.41,Medium-to-Long Term (1–6 months)
LIQUIDPLUS,BUY,3,1096.16,,0.0013,1094.15,1091.02,1096.16,1104.83,1091.83,2.0,Unknown,N/A,N/A,N/A,N/A,N/A,N/A,N/A,1101.89,1103.2,1104.52,Medium-to-Long Term (1–6 months)
ANTELOPUS,STRONG BUY,6,875.55,65.59,5.2579,835.02,814.97,875.55,1003.5,811.57,2.0,Energy,29248051200,32.76093,25.39,0.14705,0.542,2.88 %,66.7 %,642.41,873.33,1186.45,Short-to-Medium Term (2–8 weeks)
NLCINDIA,SELL,-4,298.45,47.22,-0.2027,302.91,320.82,298.45,271.63,311.86,2.0,Utilities,414673666048,11.773622,25.4,0.15966,82.0,2.43 %,37.5 %,243.28,297.51,363.66,Exit / Avoid new positions
LALPATHLAB,BUY,2,1827.2,70.32,6.1603,1697.1,1652.25,1827.2,2006.3,1737.65,2.0,Healthcare,301428277248,55.819416,32.34,N/A,7.83,-5.88 %,66.7 %,1584.72,1838.44,2132.09,Medium-to-Long Term (1–6 months)
WOCKPHARMA,SELL,-4,1865.2,51.31,-5.851,1882.49,1887.06,1865.2,1691.02,1952.29,2.0,Healthcare,307126468608,144.72435,13.06,0.04005,42.284,16.35 %,50.0 %,1472.51,1940.5,2555.66,Exit / Avoid new positions
J&KBANK,BUY,3,177.51,58.24,-1.1641,173.54,159.9,177.51,206.1,163.22,2.0,Financial Services,195239657472,8.273448,21.43,0.15367,N/A,-16.54 %,0.0 %,148.51,181.41,221.5,Medium-to-Long Term (1–6 months)
CHOLAHLDNG,STRONG SELL,-6,1526.5,13.7,-14.4048,1609.57,1582.4,1526.5,1402.69,1588.4,2.0,Financial Services,284482830336,11.64847,130.06,0.18035,623.156,-4.55 %,25.0 %,1238.01,1518.03,1860.57,Short-to-Medium Term (2–8 weeks)
ONESOURCE,HOLD,-1,1688.9,61.16,6.284,1654.31,1692.05,1688.9,1469.42,1798.64,2.0,Healthcare,198528155648,N/A,-4.22,N/A,25.791,-9.36 %,50.0 %,1317.36,1675.71,2130.4,Monitor weekly; re-evaluate on next earnings or macro event
ESCORTS,SELL,-4,2954.1,46.78,-2.9301,2943.91,2887.71,2954.1,2772.24,3045.03,2.0,Industrials,331171430400,24.259691,124.07,0.120220006,1.309,-28.25 %,33.3 %,2442.14,2880.72,3396.83,Exit / Avoid new positions
SKMEGGPROD,HOLD,1,318.8,52.87,-4.5848,320.61,266.76,318.8,254.75,350.83,2.0,Consumer Defensive,14262225920,13.730964,19.7,0.29677,35.857,19.75 %,33.3 %,256.75,333.67,433.38,Monitor weekly; re-evaluate on next earnings or macro event
CYIENT,STRONG SELL,-7,825.2,42.63,-1.4183,851.79,875.39,825.2,756.65,859.48,2.0,Industrials,87227801600,24.589201,34.08,N/A,7.528,-20.39 %,66.7 %,646.44,784.37,951.32,Short-to-Medium Term (2–8 weeks)
PGEL,SELL,-3,579.7,50.39,-5.1891,582.85,533.01,579.7,512.44,613.33,2.0,Technology,167729496064,84.847824,6.9,0.0669,19.567,-48.56 %,28.6 %,435.66,582.85,779.28,Exit / Avoid new positions
FCL,STRONG BUY,6,40.22,60.36,0.2247,38.52,39.35,40.22,46.88,36.89,2.0,Basic Materials,47441768448,99.36586,0.41,N/A,0.872,49.15 %,40.0 %,30.74,40.07,52.19,Short-to-Medium Term (2–8 weeks)
SILVERIETF,HOLD,-1,222.24,44.17,1.3809,221.01,236.12,222.24,206.52,230.1,2.0,Unknown,N/A,N/A,N/A,N/A,N/A,116.79 %,33.3 %,181.21,236.72,309.06,Monitor weekly; re-evaluate on next earnings or macro event
RAIN,STRONG BUY,5,223.74,65.56,1.2775,206.08,194.06,223.74,255.06,208.08,2.0,Basic Materials,74090225664,24.612291,8.95,N/A,127.738,-32.82 %,25.0 %,179.44,226.25,285.11,Short-to-Medium Term (2–8 weeks)
CCL,BUY,3,1174.4,43.75,-6.4036,1197.11,1147.24,1174.4,1267.88,1127.66,2.0,Consumer Defensive,158424055808,36.661522,32.41,N/A,56.487,8.03 %,60.0 %,994.8,1214.34,1481.68,Medium-to-Long Term (1–6 months)
NHPC,SELL,-3,79.72,55.87,-0.0592,79.72,78.02,79.72,75.04,82.06,2.0,Utilities,786325307392,28.259928,2.77,0.09021,113.111,-23.92 %,16.7 %,67.54,78.07,90.21,Exit / Avoid new positions
SPECTRUM,STRONG BUY,5,2203.1,65.72,18.1299,2010.62,1763.96,2203.1,2603.69,2002.8,2.0,Industrials,37042237440,82.945114,28.42,0.20419,101.796,-4.67 %,25.0 %,1675.81,2198.99,2883.78,Short-to-Medium Term (2–8 weeks)
APLAPOLLO,HOLD,0,1849.9,56.34,5.7614,1809.95,1822.32,1849.9,1751.62,1899.04,2.0,Basic Materials,512751763456,42.65881,43.29,0.25314,9.396,2.13 %,60.0 %,1610.06,1865.4,2160.55,Monitor weekly; re-evaluate on next earnings or macro event
CNL,BUY,4,1019.9,75.63,7.7604,863.18,754.09,1019.9,1238.36,910.67,2.0,Technology,15518232576,25.204878,41.0,0.20183,83.725,-7.55 %,25.0 %,824.42,1034.05,1296.33,Medium-to-Long Term (1–6 months)
NILKAMAL,HOLD,1,1775.2,91.43,42.6826,1409.98,1326.83,1775.2,1516.27,1904.66,2.0,Consumer Cyclical,29160042496,25.16279,77.4,0.075679995,26.499,-17.63 %,16.7 %,1527.78,1756.84,2019.63,Monitor weekly; re-evaluate on next earnings or macro event
IFCI,SELL,-3,70.39,35.09,-0.6664,74.09,74.58,70.39,63.61,73.78,2.0,Financial Services,184614404096,99.304344,0.69,N/A,N/A,38.06 %,40.0 %,52.39,69.13,91.15,Exit / Avoid new positions
PARADEEP,SELL,-3,134.64,38.25,-1.2151,140.05,133.38,134.64,121.35,141.28,2.0,Basic Materials,144523739136,14.516163,9.59,0.18359,101.822,20.47 %,50.0 %,107.1,137.37,176.1,Exit / Avoid new positions
VOGL,STRONG SELL,-8,34.84,45.37,-0.4338,36.87,,34.84,29.05,37.74,2.0,Basic Materials,133444042752,244.14285,0.14,N/A,N/A,N/A,N/A,20.51,33.17,53.58,Short-to-Medium Term (2–8 weeks)
MAHABANK,SELL,-3,80.63,43.83,-0.3161,83.09,83.55,80.63,72.74,84.57,2.0,Financial Services,616862646272,8.192033,9.79,0.22961001,N/A,-6.34 %,60.0 %,67.2,81.02,97.65,Exit / Avoid new positions
GRANULES,BUY,2,842.8,42.13,-8.5853,862.13,807.18,842.8,927.43,800.48,2.0,Healthcare,209487527936,31.345942,26.97,N/A,29.735,-3.68 %,25.0 %,707.23,858.69,1042.15,Medium-to-Long Term (1–6 months)
VISL,STRONG SELL,-5,30.36,29.81,-1.0564,34.84,,30.36,25.56,32.76,2.0,Basic Materials,115395551232,N/A,-7.43,N/A,N/A,N/A,N/A,28.89,43.27,64.75,Short-to-Medium Term (2–8 weeks)
TI,STRONG SELL,-5,446.7,45.86,-0.6205,446.8,439.57,446.7,414.81,462.64,2.0,Consumer Defensive,109768564736,N/A,-2.32,N/A,77.177,30.73 %,33.3 %,355.89,458.43,590.19,Short-to-Medium Term (2–8 weeks)
SHAILY,BUY,2,3049.7,71.39,28.6083,2837.32,2862.12,3049.7,3383.39,2882.86,2.0,Basic Materials,140368297984,82.704605,36.9,0.26877,24.755,50.78 %,50.0 %,2484.26,3275.08,4315.0,Medium-to-Long Term (1–6 months)
EMCURE,STRONG BUY,5,1924.8,60.68,6.1603,1840.2,1785.54,1924.8,2093.34,1840.53,2.0,Healthcare,358912753664,38.854206,48.7,0.19573,30.567,-3.12 %,33.3 %,1619.91,1960.73,2372.27,Short-to-Medium Term (2–8 weeks)
FLUOROCHEM,HOLD,1,4563.5,79.8,52.6658,4141.81,3895.36,4563.5,4149.17,4770.66,2.0,Basic Materials,492951863296,85.508766,52.48,0.07547,28.94,-35.71 %,0.0 %,3888.95,4631.85,5514.52,Monitor weekly; re-evaluate on next earnings or macro event
INOXWIND,STRONG SELL,-7,78.23,27.02,-0.2155,82.09,86.79,78.23,71.84,81.42,2.0,Industrials,131242385408,28.656603,2.65,0.067540005,20.631,-38.8 %,25.0 %,58.27,74.05,94.05,Short-to-Medium Term (2–8 weeks)
JINDWORLD,BUY,2,39.43,74.24,0.855,31.92,30.45,39.43,47.77,35.26,2.0,Consumer Cyclical,39131553792,55.75714,0.7,0.08457,64.866,-11.77 %,25.0 %,27.85,37.59,50.69,Medium-to-Long Term (1–6 months)
IRFC,SELL,-4,88.13,40.8,0.1717,89.01,93.67,88.13,83.9,90.24,2.0,Financial Services,1138920390656,16.259329,5.36,0.12812,773.347,-28.83 %,20.0 %,70.24,83.58,99.42,Exit / Avoid new positions
PRAJIND,STRONG SELL,-6,316.0,14.0,-3.7872,347.25,352.75,316.0,289.69,329.15,2.0,Industrials,55594270720,232.65387,1.3,0.017719999,13.217,-6.45 %,20.0 %,241.51,299.26,370.65,Short-to-Medium Term (2–8 weeks)
PFIZER,HOLD,0,4692.6,61.96,5.544,4602.27,4570.22,4692.6,4378.83,4849.49,2.0,Healthcare,215503847424,29.788164,158.14,0.17159,1.671,8.53 %,33.3 %,4024.67,4635.92,5338.34,Monitor weekly; re-evaluate on next earnings or macro event
GENUSPOWER,BUY,3,322.0,59.1,0.3095,313.95,317.2,322.0,355.03,305.49,2.0,Industrials,86616899584,14.715694,21.28,0.28997,103.821,11.16 %,60.0 %,250.97,317.1,400.46,Medium-to-Long Term (1–6 months)
UNIVCABLES,STRONG BUY,5,1256.2,74.73,6.3197,1184.67,1182.03,1256.2,1426.33,1171.13,2.0,Industrials,45666058240,28.016176,46.98,0.08906,62.258,-17.46 %,25.0 %,968.46,1274.85,1677.14,Short-to-Medium Term (2–8 weeks)
MANYAVAR,HOLD,-1,410.3,62.07,1.4239,401.78,406.91,410.3,370.76,430.07,2.0,Consumer Cyclical,99487039488,25.784006,15.88,N/A,23.295,-20.81 %,0.0 %,324.16,384.79,456.57,Monitor weekly; re-evaluate on next earnings or macro event
VEDPOWER,STRONG SELL,-7,36.97,31.04,-0.5709,40.17,,36.97,31.78,39.56,2.0,Utilities,139222188032,N/A,-4.31,0.00875,232.376,N/A,N/A,23.57,33.07,46.35,Short-to-Medium Term (2–8 weeks)
LXCHEM,HOLD,1,193.05,79.67,2.5105,167.02,159.66,193.05,166.5,206.33,2.0,Basic Materials,54333464576,68.53147,2.86,0.04077,27.344,-5.7 %,33.3 %,151.44,188.55,234.63,Monitor weekly; re-evaluate on next earnings or macro event
BAJAJHLDNG,HOLD,0,10810.0,51.32,10.211,10614.35,10489.3,10810.0,9982.0,11224.0,2.0,Financial Services,1205420032000,12.508661,865.88,0.12624,0.012,16.29 %,83.3 %,9122.42,10831.78,12856.58,Monitor weekly; re-evaluate on next earnings or macro event
JSWINFRA,SELL,-2,321.8,49.66,-3.5774,331.5,306.04,321.8,285.23,340.09,2.0,Industrials,736684539904,44.943504,7.08,N/A,59.002,-38.3 %,0.0 %,266.38,318.97,381.8,Exit / Avoid new positions
AGIIL,STRONG SELL,-5,304.05,23.71,-3.075,338.59,358.21,304.05,264.09,324.03,2.0,Real Estate,38467948544,39.70968,7.75,0.24336,38.289,80.27 %,42.9 %,246.25,325.22,429.26,Short-to-Medium Term (2–8 weeks)
CMPDI,SELL,-4,253.45,41.89,-2.5979,261.69,249.64,253.45,218.59,270.88,2.0,Basic Materials,N/A,26.553007,9.15,N/A,0.064,N/A,N/A,230.25,301.75,395.23,Exit / Avoid new positions
STALLION,HOLD,0,255.5,81.68,4.9416,210.04,193.4,255.5,212.33,277.08,2.0,Basic Materials,28985448448,46.758427,5.34,0.08934,5.066,81.78 %,50.0 %,180.63,267.41,395.53,Monitor weekly; re-evaluate on next earnings or macro event
ATUL,BUY,2,6789.5,62.07,56.4479,6305.32,6553.29,6789.5,7428.29,6470.1,2.0,Basic Materials,195787669504,24.609577,270.22,N/A,2.907,15.75 %,66.7 %,5776.56,6700.95,7770.72,Medium-to-Long Term (1–6 months)
ASTRAL,SELL,-4,1465.8,72.49,18.2246,1378.73,1466.78,1465.8,1361.73,1517.84,2.0,Industrials,395291885568,73.8284,19.93,0.13798,6.168,6.15 %,40.0 %,1224.67,1424.08,1655.41,Exit / Avoid new positions
ROUTE,STRONG SELL,-5,540.6,46.81,-1.2806,557.22,537.07,540.6,451.47,585.16,2.0,Communication Services,34736746496,13.990104,39.41,N/A,1.488,-17.17 %,50.0 %,422.12,503.45,600.2,Short-to-Medium Term (2–8 weeks)
CROMPTON,STRONG SELL,-6,249.1,24.41,-1.154,261.83,269.82,249.1,228.61,259.34,2.0,Consumer Cyclical,159304531968,N/A,-3.76,-0.06337,5.797,-23.77 %,20.0 %,206.88,239.94,278.19,Short-to-Medium Term (2–8 weeks)
PARAS,BUY,2,1221.3,38.59,-14.583,1244.36,1111.73,1221.3,1365.69,1149.11,2.0,Industrials,95584624640,109.11684,10.87,0.13137999,3.731,-40.45 %,40.0 %,823.96,1202.11,1752.33,Medium-to-Long Term (1–6 months)
SAILIFE,HOLD,1,1287.0,64.48,-3.689,1254.49,1209.64,1287.0,1174.38,1343.31,2.0,Healthcare,276089536512,78.961754,16.47,0.1513,11.614,2.46 %,50.0 %,1085.0,1330.63,1631.14,Monitor weekly; re-evaluate on next earnings or macro event
JAYNECOIND,STRONG SELL,-5,87.58,50.53,-0.0755,88.44,92.2,87.58,73.45,94.64,2.0,Basic Materials,85797404672,15.2082615,5.81,N/A,74.729,-6.76 %,20.0 %,66.08,90.14,122.89,Short-to-Medium Term (2–8 weeks)
PETRONET,STRONG SELL,-7,272.9,43.06,-0.5167,276.27,276.58,272.9,254.36,282.17,2.0,Energy,416700006400,10.647758,26.09,0.18559,10.507,-36.86 %,0.0 %,229.24,266.74,310.27,Short-to-Medium Term (2–8 weeks)
BELRISE,BUY,3,232.66,52.55,-0.5703,231.89,228.76,232.66,253.9,222.04,2.0,Consumer Cyclical,221506813952,39.352234,5.82,0.12516,29.1,10.75 %,100.0 %,206.15,253.03,310.43,Medium-to-Long Term (1–6 months)
SJS,BUY,4,2419.3,76.27,16.4264,2216.67,2138.21,2419.3,2636.77,2310.57,2.0,Consumer Cyclical,75391344640,44.462063,52.98,0.21881,2.639,31.98 %,75.0 %,2046.28,2563.71,3210.39,Medium-to-Long Term (1–6 months)
IRCTC,STRONG SELL,-7,494.0,43.18,-0.0454,501.03,512.88,494.0,470.3,505.85,2.0,Consumer Cyclical,388760010752,27.864105,17.44,0.34959,1.874,-10.91 %,33.3 %,417.53,472.01,533.46,Short-to-Medium Term (2–8 weeks)
THERMAX,SELL,-2,4454.5,42.0,-26.6206,4704.85,4714.28,4454.5,3948.04,4707.73,2.0,Industrials,497512873984,68.857185,64.14,0.13691,42.166,-10.28 %,33.3 %,3587.32,4395.34,5382.94,Exit / Avoid new positions
VAIBHAVGBL,BUY,2,264.99,67.91,0.3316,249.17,238.86,264.99,303.84,245.56,2.0,Consumer Cyclical,45367717888,17.229988,15.74,0.17754,25.234,-42.72 %,0.0 %,208.11,259.78,324.12,Medium-to-Long Term (1–6 months)
EMMVEE,SELL,-4,333.6,52.61,-2.7172,339.16,326.27,333.6,290.55,355.12,2.0,Technology,227677667328,17.862576,18.41,N/A,9.745,N/A,N/A,265.47,355.92,476.86,Exit / Avoid new positions
IREDA,STRONG SELL,-8,120.29,37.27,-0.2892,123.44,125.16,120.29,112.4,124.23,2.0,Financial Services,338484264960,17.93006,6.72,N/A,565.671,-23.06 %,0.0 %,93.64,114.02,138.78,Short-to-Medium Term (2–8 weeks)
PREMIERENE,STRONG SELL,-5,1039.9,53.25,-7.4835,1061.28,1053.01,1039.9,934.75,1092.48,2.0,Technology,458923442176,30.273891,33.59,0.42333,86.005,-20.13 %,25.0 %,824.78,1046.98,1328.36,Short-to-Medium Term (2–8 weeks)
JPPOWER,SELL,-4,17.01,41.74,0.0529,17.23,18.19,17.01,15.39,17.82,2.0,Utilities,115960528896,24.171429,0.7,N/A,26.634,-27.26 %,50.0 %,12.81,16.75,21.88,Exit / Avoid new positions
LATENTVIEW,HOLD,-1,313.85,58.73,1.1943,295.68,302.85,313.85,279.02,331.27,2.0,Industrials,64570937344,32.607105,9.57,0.12173,1.863,-15.49 %,40.0 %,244.99,302.57,373.5,Monitor weekly; re-evaluate on next earnings or macro event
GPIL,STRONG SELL,-7,237.75,34.06,-0.2734,249.26,267.54,237.75,217.26,248.0,2.0,Basic Materials,159721668608,19.515104,12.58,0.14866,7.582,-13.72 %,50.0 %,192.95,237.49,292.18,Short-to-Medium Term (2–8 weeks)
HOMEFIRST,SELL,-2,1182.5,45.82,-9.8193,1215.35,1148.27,1182.5,1052.21,1247.64,2.0,Financial Services,123454373888,21.340803,55.34,N/A,243.944,-19.31 %,25.0 %,955.08,1182.0,1462.14,Exit / Avoid new positions
AVALON,HOLD,1,1728.2,59.37,-8.4875,1737.2,1659.89,1728.2,1479.62,1852.49,2.0,Technology,109571276800,96.81228,16.94,0.16943,29.503,38.35 %,75.0 %,1393.63,1843.74,2437.71,Monitor weekly; re-evaluate on next earnings or macro event
ATGL,SELL,-3,660.5,30.56,-7.5242,706.13,713.87,660.5,594.17,693.66,2.0,Utilities,709982355456,112.26956,5.75,N/A,58.65,19.34 %,75.0 %,507.89,644.21,816.7,Exit / Avoid new positions
OBEROIRLTY,HOLD,-1,1832.6,37.03,-16.1497,1873.85,1752.86,1832.6,1670.84,1913.48,2.0,Real Estate,665210322944,25.272827,72.39,N/A,15.765,-21.29 %,0.0 %,1549.08,1826.39,2152.56,Monitor weekly; re-evaluate on next earnings or macro event
LIQUIDADD,BUY,3,1137.49,,0.0061,1135.42,1132.25,1137.49,1138.24,1137.12,2.03,Unknown,N/A,N/A,N/A,N/A,N/A,N/A,N/A,1143.36,1144.68,1146.0,Medium-to-Long Term (1–6 months)
GODREJCP,SELL,-2,1073.7,42.04,-1.7101,1067.43,1038.59,1073.7,1002.33,1109.38,2.0,Consumer Defensive,1091764092928,58.78237,18.15,0.15099,34.899,-11.83 %,50.0 %,918.73,1049.22,1197.89,Exit / Avoid new positions
CLEANMAX,HOLD,-1,1439.0,68.74,13.6847,1326.03,1276.92,1439.0,1242.77,1537.12,2.0,Utilities,154204979200,147.65695,8.92,0.019609999,229.641,N/A,N/A,1249.57,1663.9,2214.2,Monitor weekly; re-evaluate on next earnings or macro event
BLUESTARCO,STRONG SELL,-5,1643.2,54.8,-5.361,1655.47,1638.35,1643.2,1494.07,1717.77,2.0,Industrials,338240995328,64.1904,25.63,0.16222,23.588,-33.22 %,16.7 %,1349.69,1628.69,1964.55,Short-to-Medium Term (2–8 weeks)
GESHIP,HOLD,0,1398.6,52.25,5.1021,1410.9,1463.74,1398.6,1258.05,1468.88,2.0,Industrials,196650958848,6.6951833,205.73,0.18849,6.409,3.38 %,20.0 %,1159.28,1392.88,1672.88,Monitor weekly; re-evaluate on next earnings or macro event
DEEPAKFERT,HOLD,-1,1634.5,59.24,-1.2509,1582.45,1522.0,1634.5,1477.18,1713.16,2.0,Basic Materials,208174252032,28.233078,58.35,0.10771,75.969,38.85 %,66.7 %,1319.35,1680.67,2139.79,Monitor weekly; re-evaluate on next earnings or macro event
SUMICHEM,BUY,2,538.85,76.76,1.0073,505.38,481.05,538.85,599.0,508.78,2.0,Basic Materials,263748616192,45.59103,11.59,N/A,1.865,-7.73 %,40.0 %,441.84,536.2,650.43,Medium-to-Long Term (1–6 months)
SBFC,STRONG SELL,-7,90.38,42.25,-0.1826,92.05,91.96,90.38,83.81,93.66,2.0,Financial Services,99881467904,20.701836,4.36,N/A,195.685,-0.79 %,20.0 %,75.06,90.32,108.63,Short-to-Medium Term (2–8 weeks)
HBLENGINE,STRONG SELL,-7,713.75,25.88,-5.9593,759.25,779.95,713.75,654.86,743.2,2.0,Industrials,192636633088,23.629719,29.41,0.44074002,3.021,-27.29 %,42.9 %,558.49,714.99,914.85,Short-to-Medium Term (2–8 weeks)
KEC,STRONG SELL,-7,464.6,34.76,-3.1996,495.62,502.2,464.6,425.12,484.34,2.0,Industrials,124049203200,20.465525,22.77,0.10524999,87.306,-28.39 %,14.3 %,356.34,444.41,553.97,Short-to-Medium Term (2–8 weeks)
CREDITACC,HOLD,-1,1591.1,51.11,-2.6276,1523.42,1410.93,1591.1,1434.35,1669.47,2.0,Financial Services,252565061632,20.94871,75.26,0.16364999,302.872,29.43 %,50.0 %,1266.47,1598.85,2017.41,Monitor weekly; re-evaluate on next earnings or macro event
JSL,HOLD,0,724.0,62.12,0.9854,714.52,707.17,724.0,673.45,749.27,2.0,Basic Materials,596786872320,18.701265,38.73,0.17407,37.523,-45.29 %,28.6 %,600.18,719.36,861.87,Monitor weekly; re-evaluate on next earnings or macro event
DBL,HOLD,0,443.65,55.93,1.4931,421.04,429.73,443.65,400.51,465.22,2.0,Industrials,71077732352,5.0836525,86.07,0.22893,115.513,-37.1 %,12.5 %,356.19,437.15,536.27,Monitor weekly; re-evaluate on next earnings or macro event
NBCC,STRONG SELL,-7,94.9,41.83,-0.5161,98.45,101.41,94.9,86.77,98.97,2.0,Industrials,255176998912,35.397003,2.67,0.25225002,0.008,-5.81 %,60.0 %,74.85,92.76,114.91,Short-to-Medium Term (2–8 weeks)
SHREECEM,HOLD,-1,26860.0,51.63,-31.2917,26534.75,25509.6,26860.0,25115.71,27732.15,2.0,Basic Materials,969670131712,55.58658,483.48,N/A,38.149,-16.37 %,16.7 %,23854.3,26750.03,29989.7,Monitor weekly; re-evaluate on next earnings or macro event
IPCALAB,HOLD,1,1777.6,47.59,-13.8188,1793.1,1673.25,1777.6,1596.91,1867.94,2.0,Healthcare,453876842496,39.782074,44.97,0.13217,8.492,-25.79 %,12.5 %,1534.0,1803.88,2120.48,Monitor weekly; re-evaluate on next earnings or macro event
SANSERA,BUY,3,3273.0,58.27,-16.4956,3224.73,3037.33,3273.0,3662.34,3078.33,2.0,Consumer Cyclical,198268616704,61.053036,52.04,0.111269996,19.023,-3.51 %,33.3 %,2822.1,3423.39,4151.03,Medium-to-Long Term (1–6 months)
TORNTPOWER,BUY,3,1440.0,59.99,4.2891,1416.92,1430.0,1440.0,1541.61,1389.19,2.0,Utilities,721489100800,29.860271,47.95,0.13022,70.885,-40.27 %,0.0 %,1170.43,1423.35,1730.17,Medium-to-Long Term (1–6 months)
ICICIAMC,STRONG SELL,-6,3143.9,44.03,-3.6523,3200.42,3264.4,3143.9,2888.48,3271.61,2.0,Financial Services,1538972712960,44.216133,70.42,N/A,4.066,-15.65 %,0.0 %,2713.31,3253.21,3898.98,Short-to-Medium Term (2–8 weeks)
GRAPHITE,STRONG BUY,5,662.65,65.59,8.0227,627.28,661.25,662.65,742.21,622.87,2.0,Industrials,126710841344,72.463684,8.95,0.029189998,6.295,-29.83 %,16.7 %,535.73,668.16,832.91,Short-to-Medium Term (2–8 weeks)
NTPCGREEN,SELL,-4,93.69,53.22,0.4822,93.99,97.54,93.69,85.8,97.63,2.0,Utilities,777497411584,148.82257,0.62,N/A,165.281,7.55 %,100.0 %,76.52,91.47,109.3,Exit / Avoid new positions
SCI,SELL,-3,283.8,44.8,-0.4629,286.07,299.0,283.8,254.79,298.31,2.0,Industrials,129911341056,9.597384,29.06,N/A,29.454,-9.46 %,60.0 %,221.31,281.98,359.09,Exit / Avoid new positions
PROTEAN,HOLD,-1,625.75,61.78,2.2979,591.46,602.97,625.75,568.24,654.5,2.0,Technology,25327312896,25.222492,24.72,0.09689999,8.121,-18.7 %,33.3 %,453.63,579.08,738.82,Monitor weekly; re-evaluate on next earnings or macro event
MCLOUD,STRONG SELL,-5,26.86,22.82,-0.4515,29.31,27.6,26.86,23.59,28.5,1.99,Technology,16870882304,16.272728,1.76,0.18974,42.501,-19.04 %,25.0 %,16.84,24.39,35.29,Short-to-Medium Term (2–8 weeks)
GABRIEL,BUY,2,1437.8,64.65,5.2255,1314.72,1196.07,1437.8,1658.63,1327.38,2.0,Consumer Cyclical,249504432128,79.6267,17.68,N/A,10.642,85.42 %,50.0 %,1163.82,1520.24,1984.65,Medium-to-Long Term (1–6 months)
HDFCSML250,SELL,-3,179.94,48.55,-0.6632,180.59,175.93,179.94,170.31,184.75,2.0,Unknown,N/A,28.311832,N/A,N/A,N/A,-6.25 %,40.0 %,162.22,179.49,198.54,Exit / Avoid new positions
PAGEIND,HOLD,-1,39970.0,34.84,-180.7635,40918.75,39716.8,39970.0,36930.37,41489.82,2.0,Consumer Cyclical,450281897984,59.064507,683.49,0.525,18.422,0.81 %,66.7 %,34923.67,39753.79,45239.0,Monitor weekly; re-evaluate on next earnings or macro event
TATAGOLD,HOLD,1,13.93,49.63,0.0543,13.82,14.3,13.93,12.67,14.56,2.0,Unknown,N/A,N/A,N/A,N/A,N/A,66.7 %,66.7 %,12.7,14.47,16.49,Monitor weekly; re-evaluate on next earnings or macro event
CASHIETF,HOLD,-1,1072.59,,-0.0057,1070.61,1067.42,1072.59,1065.45,1076.16,2.0,,N/A,N/A,N/A,N/A,N/A,N/A,N/A,1077.97,1079.24,1080.51,Monitor weekly; re-evaluate on next earnings or macro event
ITCHOTELS,STRONG SELL,-8,165.43,30.35,-2.8001,175.59,165.85,165.43,147.43,174.43,2.0,Consumer Cyclical,335379988480,37.444183,4.3,N/A,0.634,-0.4 %,50.0 %,137.28,164.08,196.04,Short-to-Medium Term (2–8 weeks)
SANOFICONR,BUY,2,4685.2,58.53,17.901,4589.6,4651.08,4685.2,5001.52,4527.04,2.0,Healthcare,108564455424,42.03608,111.98,N/A,6.458,2.89 %,50.0 %,3982.07,4650.81,5430.0,Medium-to-Long Term (1–6 months)
VIKRAMSOLR,STRONG SELL,-9,181.19,47.69,-0.5539,188.4,196.5,181.19,162.8,190.38,2.0,Technology,64249053184,13.027921,13.61,0.21336001,20.366,-13.9 %,0.0 %,129.76,164.64,208.79,Short-to-Medium Term (2–8 weeks)
RICOAUTO,STRONG BUY,5,145.59,67.27,1.0967,133.62,130.98,145.59,166.41,135.18,2.0,Consumer Cyclical,19106297856,37.86327,3.73,0.06911,92.781,10.02 %,40.0 %,110.01,145.3,191.79,Short-to-Medium Term (2–8 weeks)
JYOTICNC,SELL,-3,803.75,57.16,-2.3672,785.57,718.82,803.75,717.95,846.65,2.0,Industrials,183405363200,54.526707,14.79,0.18224001,42.609,-17.76 %,16.7 %,613.22,782.21,997.24,Exit / Avoid new positions
ASTERDM,BUY,3,801.5,54.71,-3.3543,800.26,779.57,801.5,862.61,770.95,2.0,Healthcare,708144267264,108.03452,7.53,0.10067,45.921,55.46 %,100.0 %,715.22,839.93,986.04,Medium-to-Long Term (1–6 months)
ACC,STRONG SELL,-8,1358.1,44.63,-2.8907,1365.16,1358.75,1358.1,1264.68,1404.81,2.0,Basic Materials,251972960256,13.244498,101.31,N/A,2.085,-18.7 %,0.0 %,1153.37,1301.29,1467.78,Short-to-Medium Term (2–8 weeks)
THYROCARE,STRONG BUY,5,584.05,63.12,3.4524,542.71,528.7,584.05,668.41,541.87,2.0,Healthcare,92266037248,52.50906,11.04,N/A,8.65,21.17 %,25.0 %,492.1,609.63,754.87,Short-to-Medium Term (2–8 weeks)
LIQUIDBETF,BUY,3,1091.97,,0.0066,1089.99,1086.99,1091.97,1092.9,1091.51,2.02,Unknown,N/A,N/A,N/A,N/A,N/A,N/A,N/A,1096.36,1097.76,1099.15,Medium-to-Long Term (1–6 months)
BANKBEES,SELL,-4,591.44,41.44,-2.1223,596.87,583.99,591.44,566.39,603.97,2.0,Unknown,N/A,14.678095,N/A,N/A,N/A,-2.58 %,20.0 %,548.65,594.24,643.5,Exit / Avoid new positions
PIIND,SELL,-2,2742.6,60.51,24.7234,2636.25,2729.58,2742.6,2572.08,2827.86,2.0,Basic Materials,410607878144,31.131815,86.94,0.123509996,3.048,-8.65 %,33.3 %,2310.77,2655.06,3049.7,Exit / Avoid new positions
AEQUS,SELL,-3,229.8,42.51,-3.3784,238.02,216.72,229.8,192.6,248.4,2.0,Industrials,149490106368,N/A,-1.86,-0.102919996,47.183,-16.97 %,0.0 %,180.69,246.84,336.97,Exit / Avoid new positions
ICICIPRULI,HOLD,0,509.8,58.51,0.674,499.06,497.4,509.8,462.55,533.42,2.0,Financial Services,739518709760,43.898453,11.62,0.12579,19.037,6.13 %,100.0 %,438.11,497.52,564.83,Monitor weekly; re-evaluate on next earnings or macro event
VOLTAS,SELL,-3,1319.3,55.42,-1.2145,1314.76,1301.64,1319.3,1207.61,1375.14,2.0,Consumer Cyclical,433822957568,115.51541,11.35,0.057189997,15.51,-38.26 %,0.0 %,1090.69,1301.7,1552.94,Exit / Avoid new positions
TEGA,STRONG SELL,-7,1510.5,35.02,-12.1994,1632.27,1691.17,1510.5,1359.33,1586.09,2.0,Industrials,112766672896,73.07692,20.54,0.05939,11.693,-13.59 %,33.3 %,1226.77,1487.48,1802.81,Short-to-Medium Term (2–8 weeks)
SOUTHBANK,STRONG BUY,6,47.9,50.82,0.1268,46.05,44.9,47.9,53.42,45.14,2.0,Financial Services,123395121152,8.182292,5.76,0.13596,N/A,41.75 %,66.7 %,40.61,49.3,59.82,Short-to-Medium Term (2–8 weeks)
WHEELS,SELL,-4,1495.6,47.76,-3.7831,1502.12,1556.21,1495.6,1336.72,1575.04,2.0,Consumer Cyclical,34624020480,22.34821,63.41,N/A,N/A,59.75 %,50.0 %,1244.76,1533.94,1889.43,Exit / Avoid new positions
ASIANENE,BUY,2,383.8,74.57,2.786,347.73,356.32,383.8,438.58,356.41,2.0,Energy,18751412224,34.090107,11.32,0.116000004,32.051,-26.42 %,50.0 %,288.09,383.4,509.92,Medium-to-Long Term (1–6 months)
CYIENTDLM,BUY,2,665.05,71.88,11.415,561.49,493.09,665.05,785.02,605.06,2.0,Industrials,54122553344,66.144516,10.31,N/A,17.021,-17.54 %,0.0 %,526.31,652.79,809.28,Medium-to-Long Term (1–6 months)
EMBASSY,HOLD,0,437.95,38.69,-1.4868,445.29,436.47,437.95,417.22,448.31,2.0,Unknown,350644862976,N/A,N/A,N/A,N/A,-0.35 %,50.0 %,401.57,441.12,484.46,Monitor weekly; re-evaluate on next earnings or macro event
GOLDIETF,HOLD,1,122.93,49.85,0.4893,121.82,126.45,122.93,113.72,127.54,2.0,Unknown,N/A,N/A,N/A,N/A,N/A,67.58 %,66.7 %,111.73,127.84,146.23,Monitor weekly; re-evaluate on next earnings or macro event
TATVA,HOLD,1,1800.1,83.83,42.3918,1423.28,1280.21,1800.1,1504.96,1947.67,2.0,Basic Materials,40192229376,78.242256,21.96,N/A,15.398,28.82 %,40.0 %,1431.22,1851.51,2393.86,Monitor weekly; re-evaluate on next earnings or macro event
RHETAN,BUY,3,29.05,59.1,0.164,27.74,28.62,29.05,33.58,26.79,2.0,Basic Materials,23523749888,227.07693,0.13,0.101660006,38.419,-3.01 %,50.0 %,24.17,30.2,37.72,Medium-to-Long Term (1–6 months)
PIRAMALFIN,STRONG SELL,-5,2044.8,34.38,-18.5104,2148.6,2060.96,2044.8,1838.76,2147.82,2.0,Financial Services,453320704000,26.872992,74.64,N/A,285.784,-13.23 %,0.0 %,1831.86,2188.49,2613.52,Short-to-Medium Term (2–8 weeks)
CPPLUS,SELL,-3,3557.8,50.28,-34.3696,3596.31,3352.33,3557.8,3103.78,3784.81,2.0,Industrials,404368588800,107.15802,32.02,0.25425,9.604,2.45 %,100.0 %,3252.44,4096.23,5156.32,Exit / Avoid new positions
RAMRAT,STRONG BUY,5,425.3,61.32,0.1004,414.1,412.29,425.3,474.2,400.85,2.0,Industrials,40704860160,38.11626,11.44,0.20249,115.438,5.38 %,60.0 %,353.6,440.78,549.18,Short-to-Medium Term (2–8 weeks)
GLAND,BUY,2,2427.1,37.49,-20.3374,2464.24,2348.23,2427.1,2668.06,2306.62,2.0,Healthcare,400571596800,38.92754,62.38,0.10532,2.738,-16.72 %,20.0 %,2076.75,2442.21,2870.95,Medium-to-Long Term (1–6 months)
PGIL,HOLD,1,2016.6,54.66,-17.6989,2016.7,1838.76,2016.6,1768.68,2140.56,2.0,Consumer Cyclical,92063416320,33.173573,60.09,0.20896,65.567,24.08 %,50.0 %,1561.97,2084.17,2779.17,Monitor weekly; re-evaluate on next earnings or macro event
SHAKTIPUMP,STRONG SELL,-6,529.5,23.31,-4.6379,562.46,544.85,529.5,481.95,553.27,2.0,Industrials,64025030656,30.236013,17.16,N/A,29.625,-32.23 %,16.7 %,400.98,515.84,663.23,Short-to-Medium Term (2–8 weeks)
BIRLACORPN,STRONG SELL,-7,910.2,39.47,-6.5056,979.56,984.56,910.2,803.97,963.32,2.0,Basic Materials,67437428736,12.178417,71.91,N/A,46.04,5.34 %,50.0 %,728.22,877.19,1056.21,Short-to-Medium Term (2–8 weeks)
TENNIND,STRONG SELL,-5,540.45,27.82,-3.8463,573.92,580.22,540.45,496.05,562.65,2.0,Consumer Cyclical,N/A,35.197063,14.97,0.42971,4.289,-2.99 %,0.0 %,446.65,546.52,668.42,Short-to-Medium Term (2–8 weeks)
STYLAMIND,STRONG BUY,6,3415.2,67.19,6.2729,3292.53,3151.46,3415.2,4071.0,3087.3,2.0,Consumer Cyclical,57783500800,34.049168,100.07,N/A,3.605,2.93 %,50.0 %,2842.93,3514.48,4342.63,Short-to-Medium Term (2–8 weeks)
BRIGADE,SELL,-4,543.45,56.97,-2.3954,538.23,520.71,543.45,477.84,576.25,2.0,Real Estate,182716170240,27.42046,20.43,0.10786,84.316,-39.85 %,20.0 %,433.82,522.46,628.95,Exit / Avoid new positions
GOLDAXIS,HOLD,1,119.57,50.61,0.488,118.38,122.62,119.57,112.97,122.87,2.0,Unknown,N/A,N/A,N/A,N/A,N/A,64.4 %,66.7 %,107.06,124.1,143.82,Monitor weekly; re-evaluate on next earnings or macro event
NELCO,HOLD,0,933.75,55.83,-1.8191,909.05,811.44,933.75,807.21,997.02,2.0,Technology,21960429568,572.8572,1.68,N/A,56.54,-24.71 %,60.0 %,716.66,931.58,1210.27,Monitor weekly; re-evaluate on next earnings or macro event
CAPILLARY,HOLD,0,535.3,58.54,1.1817,500.92,504.38,535.3,481.96,561.97,2.0,Technology,40641970176,74.65694,6.85,0.06582,5.238,-9.09 %,0.0 %,410.2,520.04,658.96,Monitor weekly; re-evaluate on next earnings or macro event
TEMBO,STRONG SELL,-8,552.3,36.39,-0.9692,556.39,569.87,552.3,493.38,581.76,2.0,Industrials,8680162304,10.950244,51.25,0.27723,78.443,35.78 %,50.0 %,447.09,579.05,749.54,Short-to-Medium Term (2–8 weeks)
ALKEM,HOLD,-1,5613.0,46.59,-8.6827,5612.93,5469.43,5613.0,5244.54,5797.23,2.0,Healthcare,675721576448,29.353867,192.53,0.17557,14.267,-4.4 %,20.0 %,4981.13,5619.56,6338.13,Monitor weekly; re-evaluate on next earnings or macro event
GUJENERGY,SELL,-3,265.55,24.82,0.5322,286.08,342.76,265.55,240.05,278.3,2.0,Utilities,251727331328,838.4375,0.32,0.12267999,118.64,-32.83 %,0.0 %,212.48,249.97,293.97,Exit / Avoid new positions
SUNTV,STRONG SELL,-8,488.7,31.6,-0.4908,500.01,507.71,488.7,458.52,503.79,2.0,Communication Services,193278803968,13.418605,36.55,0.1185,0.837,-22.87 %,0.0 %,399.99,469.93,551.9,Short-to-Medium Term (2–8 weeks)
SUVEN,HOLD,1,311.65,47.2,-5.6358,325.47,289.77,311.65,249.43,342.76,2.0,Healthcare,83115810816,N/A,-12.12,-0.78799003,2.823,55.1 %,33.3 %,239.2,324.18,439.06,Monitor weekly; re-evaluate on next earnings or macro event
DCBBANK,BUY,3,190.26,56.18,-0.1837,188.06,183.52,190.26,210.96,179.91,2.0,Financial Services,62837309440,7.986083,24.43,N/A,N/A,23.88 %,40.0 %,162.94,194.15,231.26,Medium-to-Long Term (1–6 months)
JINDALSAW,SELL,-2,250.85,43.02,-2.2658,262.78,251.38,250.85,215.51,268.52,2.0,Basic Materials,163964272640,25.136852,10.23,N/A,38.19,-44.81 %,0.0 %,193.72,246.42,313.29,Exit / Avoid new positions
JSLL,STRONG SELL,-9,565.35,48.1,-0.0523,573.66,594.6,565.35,506.4,594.83,2.0,Healthcare,70161547264,31.692871,17.81,0.59921,27.261,-66.15 %,50.0 %,279.01,530.36,1006.73,Short-to-Medium Term (2–8 weeks)
AEGISVOPAK,BUY,3,303.49,53.71,0.1691,276.72,238.42,303.49,355.78,277.35,2.0,Energy,324043210752,102.617546,2.85,0.11566,84.438,-7.55 %,0.0 %,241.21,308.56,394.5,Medium-to-Long Term (1–6 months)
JKCEMENT,HOLD,1,5730.0,69.64,27.3652,5487.62,5341.7,5730.0,5256.63,5966.69,2.0,Basic Materials,435986104320,46.016148,122.62,N/A,87.522,0.67 %,20.0 %,4935.54,5796.28,6804.72,Monitor weekly; re-evaluate on next earnings or macro event
ARIS,HOLD,-1,124.78,68.79,2.0258,112.82,116.03,124.78,108.52,132.91,2.0,Industrials,10489243648,18.748539,6.84,0.12219,9.356,-4.23 %,33.3 %,90.79,119.31,156.7,Monitor weekly; re-evaluate on next earnings or macro event
PRUDENT,BUY,2,2870.0,40.12,-17.4328,2940.58,2865.61,2870.0,3216.02,2696.99,2.0,Financial Services,127925936128,52.25812,59.12,N/A,3.866,-0.25 %,28.6 %,2230.16,2881.09,3719.91,Medium-to-Long Term (1–6 months)
MARSONS,SELL,-4,111.86,49.05,0.5133,113.61,122.98,111.86,92.45,121.56,2.0,Industrials,18841507840,40.850746,2.68,0.2724,0.321,-12.66 %,0.0 %,75.03,103.38,142.33,Exit / Avoid new positions
HONASA,BUY,3,452.75,39.37,-4.8869,463.36,428.75,452.75,497.9,430.18,2.0,Consumer Defensive,147395559424,73.993454,6.11,0.15449001,9.586,2.14 %,50.0 %,358.9,449.3,562.19,Medium-to-Long Term (1–6 months)
SEDEMAC,SELL,-3,2778.3,52.86,-14.726,2753.04,2574.19,2778.3,2479.17,2927.87,2.0,Consumer Cyclical,119490748416,114.53852,23.62,0.27527002,16.126,N/A,N/A,2648.07,3394.21,4348.2,Exit / Avoid new positions
BALKRISIND,STRONG SELL,-6,2025.2,24.85,-17.7272,2138.39,2162.3,2025.2,1831.19,2122.2,2.0,Consumer Cyclical,389186158592,31.358255,64.2,N/A,35.269,-43.63 %,0.0 %,1673.54,1957.34,2288.48,Short-to-Medium Term (2–8 weeks)
RUBICON,HOLD,0,1556.0,70.4,2.0292,1437.74,1300.37,1556.0,1344.86,1661.57,2.0,Healthcare,253515464704,100.69508,15.25,0.26968,24.131,N/A,N/A,1411.58,1782.37,2249.41,Monitor weekly; re-evaluate on next earnings or macro event
LICHSGFIN,HOLD,-1,551.75,54.94,-0.4247,547.47,546.96,551.75,517.91,568.67,2.0,Financial Services,300169363456,5.3578796,101.85,0.14409,642.522,-7.85 %,25.0 %,464.64,537.62,621.87,Monitor weekly; re-evaluate on next earnings or macro event
EDELWEISS,SELL,-4,116.91,40.53,-0.7085,120.4,117.22,116.91,104.31,123.21,2.0,Financial Services,107980333056,15.955245,7.15,0.11472999,319.986,-47.43 %,0.0 %,92.82,120.14,155.42,Exit / Avoid new positions
HCC,SELL,-4,21.73,32.14,-0.2644,23.38,23.75,21.73,19.21,22.99,2.0,Industrials,55218384896,28.106667,0.75,0.10915,47.912,-36.95 %,40.0 %,15.48,20.38,26.82,Exit / Avoid new positions
INOXGREEN,HOLD,-1,199.05,45.28,-0.3261,194.78,188.87,199.05,174.45,211.35,2.0,Utilities,78162468864,70.281586,2.77,0.05658,5.147,-12.72 %,40.0 %,151.53,199.42,262.28,Monitor weekly; re-evaluate on next earnings or macro event
VOLTAMP,SELL,-3,9183.0,30.96,-38.301,9557.12,9648.21,9183.0,8580.21,9484.4,2.0,Industrials,93988044800,30.749372,302.12,0.18073,0.03,-2.01 %,40.0 %,6982.34,8884.44,11298.68,Exit / Avoid new positions
SYNGENE,STRONG SELL,-8,413.85,41.14,-0.3686,420.47,437.73,413.85,382.05,429.75,2.0,Healthcare,164684169216,52.054707,7.86,0.06621,9.473,-35.23 %,10.0 %,336.38,395.98,465.97,Short-to-Medium Term (2–8 weeks)
KIMS,HOLD,1,800.45,46.72,-3.4771,808.18,789.59,800.45,745.07,828.14,2.0,Healthcare,319450906624,133.05833,6.0,0.09724,166.226,7.33 %,60.0 %,701.98,827.27,974.58,Monitor weekly; re-evaluate on next earnings or macro event
ANURAS,STRONG SELL,-5,1223.3,26.07,-2.2531,1262.49,1290.99,1223.3,1152.08,1258.91,2.0,Basic Materials,138712793088,79.065544,15.41,0.05763,41.317,30.94 %,25.0 %,1086.51,1251.86,1441.92,Short-to-Medium Term (2–8 weeks)
SBC,HOLD,1,42.09,49.12,-0.2067,42.11,40.04,42.09,40.32,42.98,1.99,Industrials,20019027968,79.32076,0.53,0.37219003,283.225,-11.92 %,0.0 %,36.67,43.82,52.35,Monitor weekly; re-evaluate on next earnings or macro event
MBAPL,BUY,4,163.95,81.39,2.7127,131.36,118.71,163.95,191.25,150.3,2.0,Basic Materials,70627311616,46.99708,3.43,N/A,156.708,35.81 %,80.0 %,142.29,175.24,215.73,Medium-to-Long Term (1–6 months)
NEULANDLAB,HOLD,0,18994.0,51.31,-108.3202,18884.4,17835.04,18994.0,17190.58,19895.71,2.0,Healthcare,242112839680,66.67962,283.01,N/A,16.072,32.37 %,66.7 %,15249.94,19802.7,25699.83,Monitor weekly; re-evaluate on next earnings or macro event
ADVANCE,SELL,-2,113.6,52.16,-0.3298,111.6,106.27,113.6,98.87,120.96,2.0,Basic Materials,7596643328,18.18,6.5,0.17179,31.588,-27.6 %,0.0 %,85.89,113.52,149.95,Exit / Avoid new positions
KERNEX,BUY,3,2321.2,57.64,-6.3679,2204.72,1966.58,2321.2,2659.96,2151.82,2.0,Technology,38352584704,43.317516,52.69,0.43605998,65.52,67.95 %,66.7 %,1843.11,2507.95,3410.29,Medium-to-Long Term (1–6 months)
KISSHT,HOLD,-1,342.25,65.89,0.9033,319.01,288.16,342.25,299.05,363.85,2.0,Financial Services,57755979776,35.895287,9.55,0.23966,180.902,N/A,N/A,318.05,442.02,613.85,Monitor weekly; re-evaluate on next earnings or macro event
JUSTDIAL,BUY,3,718.7,71.81,1.6735,657.49,582.47,718.7,866.72,644.69,2.0,Communication Services,61941207040,12.298209,59.22,N/A,1.655,-18.63 %,0.0 %,560.29,690.21,849.87,Medium-to-Long Term (1–6 months)
SUDEEPPHRM,SELL,-2,858.1,59.86,-4.2686,842.02,793.14,858.1,750.88,911.71,2.0,Healthcare,97339121664,55.492596,15.53,0.25056,16.749,-10.97 %,0.0 %,685.32,868.54,1100.16,Exit / Avoid new positions
GOLDIAM,BUY,3,355.75,56.7,-0.9385,346.78,334.92,355.75,417.88,324.69,2.0,Consumer Cyclical,54004842496,31.603525,11.35,0.1838,6.931,-46.3 %,0.0 %,266.35,372.5,520.57,Medium-to-Long Term (1–6 months)
DALBHARAT,HOLD,0,1826.5,55.26,4.2859,1789.82,1748.39,1826.5,1663.0,1908.25,2.0,Basic Materials,340014399488,36.32571,49.86,N/A,40.987,-19.55 %,16.7 %,1583.86,1818.86,2088.08,Monitor weekly; re-evaluate on next earnings or macro event
BBOX,SELL,-2,775.7,10.38,-13.9732,886.64,954.53,775.7,667.58,829.76,2.0,Technology,130082537472,57.946995,12.64,0.21267,89.594,80.81 %,66.7 %,621.95,793.68,1012.28,Exit / Avoid new positions
SHREEJISPG,HOLD,0,631.25,81.31,4.3658,565.13,507.25,631.25,572.15,660.8,2.0,Industrials,100333207552,63.35905,9.72,0.2987,36.166,25.16 %,100.0 %,564.27,706.64,884.49,Monitor weekly; re-evaluate on next earnings or macro event
SIGNATURE,STRONG SELL,-9,790.8,51.6,-2.5732,791.74,796.34,790.8,676.38,848.01,2.0,Real Estate,112591028224,10.285311,77.81,0.84882003,161.04,-34.21 %,20.0 %,632.14,756.77,905.63,Short-to-Medium Term (2–8 weeks)
CAPLIPOINT,HOLD,0,2621.4,53.8,-26.8733,2585.6,2369.81,2621.4,2319.24,2772.48,2.0,Healthcare,196741070848,30.75817,84.15,0.19939,0.127,-15.07 %,25.0 %,2157.84,2688.34,3347.64,Monitor weekly; re-evaluate on next earnings or macro event
ANTHEM,STRONG BUY,5,790.55,60.15,2.6188,767.87,768.92,790.55,856.58,757.53,2.0,Healthcare,440327503872,77.46048,10.12,N/A,1.772,0.83 %,50.0 %,676.64,794.38,932.27,Short-to-Medium Term (2–8 weeks)
SUDARSCHEM,BUY,2,1056.35,72.48,1.9409,990.3,942.86,1056.35,1182.77,993.14,2.0,Basic Materials,82182881280,362.2281,2.85,0.0103400005,64.172,14.4 %,25.0 %,847.65,1059.12,1322.69,Medium-to-Long Term (1–6 months)
INOXINDIA,BUY,2,1985.9,62.25,-5.128,1950.17,1790.15,1985.9,2280.17,1838.77,2.0,Industrials,172096684032,66.764084,28.4,0.25901,7.251,-3.59 %,33.3 %,1700.16,2027.14,2416.07,Medium-to-Long Term (1–6 months)
MEDPLUS,STRONG SELL,-6,716.9,22.92,-9.3377,792.73,839.79,716.9,635.93,757.38,2.0,Healthcare,84138115072,40.060036,17.49,N/A,72.133,-0.38 %,50.0 %,606.7,715.83,844.28,Short-to-Medium Term (2–8 weeks)
RPOWER,STRONG SELL,-8,23.76,34.77,-0.0373,24.79,25.93,23.76,21.57,24.86,1.99,Utilities,97025179648,N/A,-0.82,-0.0208,92.348,-32.15 %,20.0 %,17.38,23.18,30.9,Short-to-Medium Term (2–8 weeks)
SCHAEFFLER,BUY,3,4185.5,58.24,1.8107,4132.3,4118.62,4185.5,4488.11,4034.2,2.0,Consumer Cyclical,647816151040,51.742825,80.1,0.21645,0.783,-13.22 %,25.0 %,3559.49,4168.53,4880.08,Medium-to-Long Term (1–6 months)
EASEMYTRIP,SELL,-4,6.82,36.54,0.0177,6.92,7.36,6.82,6.25,7.11,1.97,Consumer Cyclical,23966863360,N/A,-0.11,-0.061139997,4.35,-45.27 %,16.7 %,4.84,6.32,8.26,Exit / Avoid new positions
AIIL,BUY,3,551.7,58.63,1.4162,527.43,513.12,551.7,624.9,515.1,2.0,Financial Services,473613041664,29.137932,19.14,N/A,24.59,40.81 %,50.0 %,443.0,580.88,761.23,Medium-to-Long Term (1–6 months)
RPTECH,HOLD,1,801.45,62.46,-5.2951,767.42,672.46,801.45,700.2,852.08,2.0,Technology,51751006208,19.065308,41.19,0.14938,48.65,-3.0 %,40.0 %,671.56,829.27,1023.54,Monitor weekly; re-evaluate on next earnings or macro event
VINCOFE,HOLD,-1,162.87,52.14,-0.4356,158.34,152.98,162.87,144.39,172.11,2.0,Consumer Defensive,23895814144,33.002014,4.97,0.16555001,21.719,19.02 %,20.0 %,131.01,163.5,203.97,Monitor weekly; re-evaluate on next earnings or macro event
BEPL,BUY,3,114.51,63.46,0.9262,108.52,102.1,114.51,138.09,102.72,2.0,Basic Materials,28223039488,14.105721,8.04,N/A,N/A,-3.87 %,33.3 %,91.51,111.87,136.69,Medium-to-Long Term (1–6 months)
SETFGOLD,HOLD,1,122.35,50.12,0.485,121.31,125.65,122.35,114.85,126.1,2.0,Unknown,N/A,N/A,N/A,N/A,N/A,66.13 %,66.7 %,111.74,127.19,144.73,Monitor weekly; re-evaluate on next earnings or macro event
GRWRHITECH,BUY,2,7160.0,58.04,-37.6239,6926.98,6447.5,7160.0,7859.33,6810.34,2.0,Basic Materials,165426266112,48.988647,145.35,0.13454,0.59,-44.1 %,40.0 %,5466.88,7568.31,10470.0,Medium-to-Long Term (1–6 months)
MARINE,HOLD,-1,269.95,60.03,-0.2494,261.71,255.4,269.95,235.15,287.35,2.0,Industrials,35753283584,64.01425,4.21,0.12887,17.661,-18.37 %,0.0 %,206.0,270.0,353.69,Monitor weekly; re-evaluate on next earnings or macro event
KAJARIACER,SELL,-2,1220.0,53.71,-5.6155,1220.41,1155.97,1220.0,1130.75,1264.62,2.0,Industrials,190001659904,39.487263,30.62,0.16499001,7.302,1.64 %,50.0 %,1028.95,1201.63,1402.81,Exit / Avoid new positions
TARIL,STRONG SELL,-6,302.5,34.56,-5.4288,330.88,325.05,302.5,263.35,322.07,2.0,Industrials,88729018368,34.292343,8.62,N/A,29.595,-22.91 %,28.6 %,219.63,295.96,398.57,Short-to-Medium Term (2–8 weeks)
GLAXO,HOLD,1,2551.2,67.95,3.8551,2462.81,2340.03,2551.2,2362.8,2645.4,2.0,Healthcare,445978345472,42.995266,61.23,0.49113,1.467,0.58 %,33.3 %,2116.4,2527.54,3017.37,Monitor weekly; re-evaluate on next earnings or macro event
AXISCADES,SELL,-3,1533.4,49.32,6.4424,1597.58,1764.84,1533.4,1339.39,1630.41,2.0,Industrials,63425933312,88.39359,16.87,0.10366999,52.834,93.56 %,75.0 %,1225.86,1616.28,2129.73,Exit / Avoid new positions
VIMTALABS,HOLD,-1,587.15,56.89,-0.4229,568.25,538.11,587.15,489.68,635.88,2.0,Healthcare,26899281920,33.72269,17.85,N/A,0.729,36.79 %,80.0 %,447.54,609.89,830.57,Monitor weekly; re-evaluate on next earnings or macro event
CHOICEIN,SELL,-2,800.0,57.29,-5.1972,800.57,732.36,800.0,738.29,830.86,2.0,Financial Services,177452613632,71.12054,11.2,0.16240999,49.768,71.98 %,50.0 %,706.2,831.47,978.61,Exit / Avoid new positions
SHILPAMED,BUY,3,620.6,56.29,-5.1209,614.39,564.66,620.6,688.34,586.73,2.0,Healthcare,118366126080,48.767124,12.41,0.09822,25.465,10.37 %,66.7 %,510.41,639.87,801.76,Medium-to-Long Term (1–6 months)
SKYGOLD,BUY,4,671.65,77.73,2.5732,611.39,548.74,671.65,764.05,625.45,2.0,Consumer Cyclical,103533191168,36.99502,18.07,0.29828,72.072,-5.17 %,25.0 %,547.39,712.28,926.29,Medium-to-Long Term (1–6 months)
SARDAEN,SELL,-4,512.3,63.58,2.6199,499.73,517.09,512.3,478.19,529.35,2.0,Basic Materials,179784925184,16.248407,31.4,0.15999,35.204,-6.49 %,33.3 %,423.2,528.13,658.77,Exit / Avoid new positions
CONFIPET,STRONG BUY,5,81.04,69.24,0.2924,74.84,71.38,81.04,93.22,74.95,2.0,Energy,25745358848,27.675,2.8,0.06458,49.394,9.72 %,100.0 %,61.14,80.04,104.71,Short-to-Medium Term (2–8 weeks)
CERA,HOLD,-1,6205.5,41.23,-33.3419,6251.1,6068.92,6205.5,5739.63,6438.44,2.0,Industrials,80767680512,39.58228,158.24,0.14467,3.172,-3.83 %,50.0 %,5118.17,6037.95,7120.44,Monitor weekly; re-evaluate on next earnings or macro event
SWANCORP,STRONG SELL,-7,312.2,29.42,-0.5321,315.33,316.99,312.2,288.62,323.99,2.0,Industrials,96858177536,35.722546,8.65,0.029949998,24.515,-34.47 %,14.3 %,231.32,294.45,374.61,Short-to-Medium Term (2–8 weeks)
MSUMI,HOLD,0,41.74,53.32,0.0265,40.45,39.33,41.74,38.62,43.3,2.0,Consumer Cyclical,275346620416,44.17021,0.94,0.32394,10.788,-11.87 %,40.0 %,35.5,41.1,47.58,Monitor weekly; re-evaluate on next earnings or macro event
ENGINERSIN,SELL,-2,226.42,29.93,-0.9983,233.11,236.44,226.42,208.45,235.4,2.0,Industrials,125105004544,18.111473,12.29,0.23786,0.534,-28.05 %,14.3 %,178.36,222.94,278.52,Exit / Avoid new positions
EMIL,HOLD,-1,125.67,36.72,-1.2048,131.26,121.07,125.67,110.46,133.28,2.0,Consumer Cyclical,48840007680,45.661873,2.78,0.06787,122.806,-37.56 %,20.0 %,95.23,120.53,152.46,Monitor weekly; re-evaluate on next earnings or macro event
KSHINTL,SELL,-4,885.1,65.16,-1.2414,863.58,829.01,885.1,760.21,947.55,2.0,Industrials,57189195776,45.847366,18.41,0.19903,39.74,N/A,N/A,788.08,1057.62,1418.43,Exit / Avoid new positions
ZFCVINDIA,STRONG SELL,-7,2299.1,41.86,-3.3693,2374.67,2446.6,2299.1,2028.2,2434.55,2.0,Consumer Cyclical,270504296448,2.6440847,898.95,N/A,N/A,-18.54 %,33.3 %,1911.76,2268.86,2691.65,Short-to-Medium Term (2–8 weeks)
AJANTPHARM,HOLD,1,3386.1,55.51,-13.298,3396.01,3210.5,3386.1,3077.67,3540.32,2.0,Healthcare,417584807936,39.484936,84.65,0.25393,5.747,-15.05 %,20.0 %,2899.75,3439.0,4076.99,Monitor weekly; re-evaluate on next earnings or macro event
LLOYDSENT,HOLD,1,81.64,62.68,-0.0008,77.32,73.55,81.64,70.6,87.16,2.0,Basic Materials,122032562176,44.910114,1.78,0.097440004,14.694,16.01 %,66.7 %,61.89,83.27,111.95,Monitor weekly; re-evaluate on next earnings or macro event
KRISHNADEF,BUY,3,1295.9,53.65,-2.6052,1283.03,1237.89,1295.9,1451.12,1218.29,2.0,Industrials,18029080576,43.133263,27.99,0.25428,1.121,-8.99 %,20.0 %,994.3,1323.44,1760.42,Medium-to-Long Term (1–6 months)
TRITURBINE,SELL,-4,623.4,45.09,-0.3648,630.13,662.25,623.4,563.34,653.43,2.0,Industrials,193709293568,55.546944,10.97,0.26217,2.476,-12.16 %,28.6 %,489.37,620.2,785.59,Exit / Avoid new positions
SMLMAH,STRONG SELL,-6,3903.8,53.07,-28.6794,4007.65,3928.63,3903.8,3392.06,4159.67,2.0,Consumer Cyclical,55064612864,35.18587,108.14,N/A,55.669,145.89 %,100.0 %,3050.32,4020.48,5295.97,Short-to-Medium Term (2–8 weeks)
NCC,STRONG SELL,-8,142.14,37.5,-0.2349,143.54,147.75,142.14,131.91,147.25,2.0,Industrials,86454476800,12.797398,10.76,0.093219995,57.389,-16.52 %,25.0 %,111.35,134.12,161.47,Short-to-Medium Term (2–8 weeks)
AETHER,BUY,2,1480.1,67.0,-8.8948,1427.99,1265.63,1480.1,1652.87,1393.71,2.0,Basic Materials,194384101376,88.34137,16.58,0.09375,18.646,-2.28 %,33.3 %,1254.1,1515.99,1831.79,Medium-to-Long Term (1–6 months)
OLECTRA,SELL,-4,1328.1,30.13,-14.2294,1403.68,1353.51,1328.1,1214.58,1384.86,2.0,Industrials,107747377152,60.632793,21.65,N/A,30.841,-8.53 %,33.3 %,1026.12,1299.34,1644.45,Exit / Avoid new positions
MARKSANS,HOLD,1,263.4,51.26,-3.1561,264.5,252.77,263.4,227.7,281.25,2.0,Healthcare,116304470016,27.836224,9.22,0.15159,11.248,-15.06 %,16.7 %,207.66,265.79,340.01,Monitor weekly; re-evaluate on next earnings or macro event
NRBBEARING,BUY,4,419.25,41.63,-3.3963,418.45,408.42,419.25,468.18,394.79,2.0,Consumer Cyclical,40978874368,28.722824,14.72,0.15174,15.653,-6.96 %,25.0 %,346.9,423.02,515.61,Medium-to-Long Term (1–6 months)
SCHNEIDER,BUY,2,1352.0,31.47,-11.5205,1391.99,1316.06,1352.0,1523.48,1266.26,2.0,Industrials,318653923328,149.40582,8.92,0.31813,70.795,37.64 %,60.0 %,1090.26,1386.51,1762.31,Medium-to-Long Term (1–6 months)
MEDANTA,BUY,2,1407.2,67.72,2.8514,1341.19,1282.43,1407.2,1509.23,1356.18,2.0,Healthcare,376555732992,67.72837,20.69,0.15032,29.869,2.51 %,25.0 %,1198.74,1412.2,1663.07,Medium-to-Long Term (1–6 months)
JAINREC,SELL,-4,338.45,44.02,1.7718,341.92,356.52,338.45,297.98,358.69,2.0,Basic Materials,116621754368,32.526466,10.39,0.28672,81.887,-26.29 %,33.3 %,253.13,339.86,456.01,Exit / Avoid new positions
ANANDRATHI,HOLD,1,2052.1,50.02,-14.3566,2063.61,1908.98,2052.1,1897.27,2129.51,2.0,Financial Services,338375507968,74.10545,27.5,N/A,8.25,50.53 %,60.0 %,1846.17,2144.04,2489.15,Monitor weekly; re-evaluate on next earnings or macro event
COROMANDEL,STRONG SELL,-5,2003.8,39.89,-10.097,2031.28,1945.96,2003.8,1847.05,2082.18,2.0,Basic Materials,596885831680,32.627174,62.12,N/A,11.469,3.68 %,50.0 %,1698.4,2015.39,2390.65,Short-to-Medium Term (2–8 weeks)
OMNI,SELL,-2,619.65,82.03,5.4769,551.59,505.75,619.65,530.25,664.35,2.0,Industrials,73674031104,80.07392,7.44,0.17963,63.958,N/A,N/A,600.51,860.61,1232.39,Exit / Avoid new positions
ARE&M,STRONG SELL,-5,874.0,60.36,-2.3117,877.21,859.06,874.0,794.68,913.66,2.0,Industrials,157740400640,17.61034,48.94,0.11567,5.015,-15.86 %,0.0 %,711.24,837.57,985.98,Short-to-Medium Term (2–8 weeks)
HDFCGOLD,HOLD,1,122.57,49.92,0.4871,121.5,126.18,122.57,116.87,125.42,2.0,Unknown,N/A,N/A,N/A,N/A,N/A,67.61 %,66.7 %,111.42,127.41,145.66,Monitor weekly; re-evaluate on next earnings or macro event
VIYASH,SELL,-3,259.7,37.22,-3.9966,274.47,262.5,259.7,229.49,274.81,2.0,Healthcare,110621605888,63.3625,4.0,0.07911,15.724,-1.07 %,50.0 %,208.8,267.43,342.34,Exit / Avoid new positions
SBISILVER,SELL,-2,218.31,45.06,1.3327,217.0,231.67,218.31,204.69,225.12,2.0,Unknown,N/A,N/A,N/A,N/A,N/A,130.42 %,75.0 %,179.58,230.05,294.54,Exit / Avoid new positions
SILVER,HOLD,-1,222.16,44.11,1.3595,221.08,236.09,222.16,208.09,229.19,2.0,Unknown,N/A,N/A,N/A,N/A,N/A,134.93 %,50.0 %,182.43,234.0,299.98,Monitor weekly; re-evaluate on next earnings or macro event
RAYMOND,HOLD,-1,595.0,43.9,-5.2876,607.01,577.44,595.0,524.77,630.12,2.0,Industrials,38386864128,113.992096,5.06,0.01472,34.127,-67.28 %,0.0 %,346.5,545.21,857.04,Monitor weekly; re-evaluate on next earnings or macro event
UCOBANK,SELL,-3,26.66,53.02,-0.0333,26.47,26.15,26.66,24.71,27.64,1.99,Financial Services,334430044160,11.853333,2.25,0.08541001,N/A,-19.02 %,20.0 %,21.09,25.32,30.39,Exit / Avoid new positions
WAKEFIT,HOLD,-1,127.7,51.37,0.1947,128.14,125.82,127.7,100.37,141.37,2.0,Consumer Cyclical,41807433728,21.03,6.0,0.22896999,24.021,-18.82 %,0.0 %,89.31,116.89,152.9,Monitor weekly; re-evaluate on next earnings or macro event
KMEW,BUY,3,2427.8,59.98,-7.8762,2352.81,2160.08,2427.8,2759.87,2261.77,2.0,Industrials,61893599232,72.991005,34.47,0.19958,38.764,121.78 %,100.0 %,1887.53,2540.6,3417.38,Medium-to-Long Term (1–6 months)
CRAFTSMAN,BUY,2,9327.0,60.59,-6.7021,9258.38,9134.67,9327.0,10049.67,8965.67,2.0,Consumer Cyclical,242974670848,57.573128,161.36,0.12547,111.011,0.64 %,25.0 %,7847.22,9591.38,11718.01,Medium-to-Long Term (1–6 months)
BEML,STRONG SELL,-6,1780.1,44.0,-11.233,1809.86,1788.01,1780.1,1637.03,1851.63,2.0,Industrials,146521997312,104.03311,16.91,0.04858,10.568,-2.52 %,20.0 %,1384.97,1740.49,2186.19,Short-to-Medium Term (2–8 weeks)
MOLDTKPAC,HOLD,-1,692.35,49.19,1.5296,695.38,693.13,692.35,608.71,734.17,2.0,Consumer Cyclical,21841364992,28.678009,22.92,0.10976,31.851,45.47 %,100.0 %,563.52,682.47,826.19,Monitor weekly; re-evaluate on next earnings or macro event
DYCL,BUY,3,414.9,67.35,1.6947,384.51,351.79,414.9,502.62,371.04,2.0,Industrials,19124201472,21.003191,18.79,N/A,9.424,12.68 %,25.0 %,309.54,419.78,568.9,Medium-to-Long Term (1–6 months)
GODIGIT,STRONG SELL,-6,254.8,20.01,-4.7711,296.14,302.09,254.8,221.29,271.56,2.0,Financial Services,227103178752,46.08818,5.33,N/A,7.469,-19.9 %,16.7 %,208.97,248.63,295.71,Short-to-Medium Term (2–8 weeks)
SSWL,BUY,4,293.95,88.92,3.1907,259.61,236.64,293.95,334.84,273.5,2.0,Consumer Cyclical,46391549952,21.862122,13.49,N/A,45.898,2.1 %,25.0 %,245.06,296.25,357.99,Medium-to-Long Term (1–6 months)
PRICOLLTD,STRONG BUY,5,665.35,66.31,1.6618,620.42,586.39,665.35,721.51,637.27,2.0,Consumer Cyclical,81063378944,32.34922,20.56,0.22087999,30.215,-1.97 %,40.0 %,558.98,673.32,810.71,Short-to-Medium Term (2–8 weeks)
RALLIS,STRONG SELL,-8,221.59,41.88,-0.8027,228.35,232.9,221.59,197.08,233.84,2.0,Basic Materials,41929437184,19.618744,10.99,N/A,2.991,3.32 %,20.0 %,174.93,214.66,263.29,Short-to-Medium Term (2–8 weeks)
SGFIN,BUY,2,688.1,52.78,2.5823,655.67,611.05,688.1,823.28,620.51,2.0,Financial Services,44383576064,25.359564,26.56,N/A,185.189,-12.54 %,0.0 %,588.55,731.84,909.58,Medium-to-Long Term (1–6 months)
BHARATCOAL,STRONG SELL,-6,35.25,31.17,-0.282,37.24,38.39,35.25,32.16,36.8,1.99,Basic Materials,N/A,N/A,-0.25,N/A,38.792,11.47 %,100.0 %,26.55,33.88,43.2,Short-to-Medium Term (2–8 weeks)
KRISHANA,BUY,4,167.65,86.46,2.7289,143.29,139.21,167.65,190.42,156.27,2.0,Basic Materials,50945941504,28.267582,5.83,N/A,130.807,73.0 %,33.3 %,140.91,177.62,223.78,Medium-to-Long Term (1–6 months)
JSFB,BUY,2,537.25,75.83,6.2624,494.02,479.68,537.25,607.33,502.21,2.0,Financial Services,56144957440,14.777407,35.94,N/A,N/A,16.06 %,60.0 %,425.19,527.95,655.22,Medium-to-Long Term (1–6 months)
EBGNG,SELL,-2,587.3,40.97,-9.0886,600.12,515.98,587.3,500.03,630.93,2.0,Technology,65818849280,377.32025,1.53,0.26766002,58.541,-3.74 %,0.0 %,476.75,624.64,817.93,Exit / Avoid new positions
DECNGOLD,SELL,-3,197.0,46.15,-1.8637,195.79,182.12,197.0,168.05,211.47,2.0,,N/A,N/A,N/A,-0.17496,10.288,N/A,N/A,161.01,242.92,366.15,Exit / Avoid new positions
PGINVIT,HOLD,0,101.33,98.56,0.3908,96.93,94.7,101.33,98.78,102.61,1.99,Unknown,87323525120,N/A,N/A,N/A,N/A,6.53 %,40.0 %,94.66,101.46,108.74,Monitor weekly; re-evaluate on next earnings or macro event
POCL,SELL,-3,522.8,30.86,-5.6469,556.08,542.3,522.8,453.08,557.66,2.0,Basic Materials,39130718208,29.197496,17.57,0.19094,19.293,3.06 %,40.0 %,401.72,543.3,734.29,Exit / Avoid new positions
HAPPYFORGE,HOLD,0,1650.7,81.28,-0.2707,1573.65,1480.41,1650.7,1506.79,1722.65,2.0,Industrials,152383897600,50.677963,31.86,0.15166001,15.489,34.79 %,100.0 %,1429.71,1670.52,1951.21,Monitor weekly; re-evaluate on next earnings or macro event
SAKSOFT,SELL,-4,164.69,40.29,-2.7232,176.81,157.56,164.69,137.21,178.43,2.0,Technology,20770033664,15.944063,10.19,0.19065,5.607,-2.01 %,20.0 %,123.64,160.02,206.99,Exit / Avoid new positions
ATALREAL,BUY,4,31.54,78.67,0.2287,29.49,29.55,31.54,35.62,29.5,2.0,Industrials,3882908416,31.656565,0.99,0.079569995,14.083,160.85 %,80.0 %,27.21,34.11,42.73,Medium-to-Long Term (1–6 months)
TIL,SELL,-3,214.06,46.75,-1.2118,213.32,201.82,214.06,184.12,229.03,2.0,Industrials,18485209088,N/A,-4.58,-0.31823,344.424,24.38 %,33.3 %,156.52,207.2,274.12,Exit / Avoid new positions
METROPOLIS,STRONG BUY,6,577.35,53.89,0.0867,562.3,545.97,577.35,635.82,548.12,2.0,Healthcare,121414467584,63.779953,9.18,0.13373,15.212,-3.99 %,25.0 %,494.4,577.94,675.36,Short-to-Medium Term (2–8 weeks)
JUNIORBEES,HOLD,0,783.45,52.45,-0.4773,778.5,770.06,783.45,750.3,800.03,2.0,Unknown,N/A,19.592339,N/A,N/A,N/A,-12.47 %,16.7 %,712.28,781.0,856.18,Monitor weekly; re-evaluate on next earnings or macro event
TBOTEK,HOLD,0,1519.2,52.37,-7.8285,1478.92,1375.61,1519.2,1378.2,1589.7,2.0,Consumer Cyclical,161094320128,66.195694,22.79,0.17795,48.762,2.37 %,25.0 %,1208.95,1498.88,1857.45,Monitor weekly; re-evaluate on next earnings or macro event
GMDCLTD,STRONG SELL,-6,562.15,32.26,-1.0477,584.78,614.54,562.15,514.18,586.13,2.0,Energy,176108388352,18.410904,30.08,0.14189,4.475,23.15 %,20.0 %,441.71,570.0,735.15,Short-to-Medium Term (2–8 weeks)
LGEINDIA,STRONG SELL,-5,1526.8,38.23,-4.8568,1553.64,1548.15,1526.8,1438.9,1570.75,2.0,Technology,1025082064896,60.67497,24.89,0.24716,5.99,-11.64 %,0.0 %,1298.38,1497.07,1725.63,Short-to-Medium Term (2–8 weeks)
FEDDERSHOL,SELL,-3,44.64,58.58,-0.094,44.2,39.02,44.64,33.21,50.36,2.0,,N/A,N/A,N/A,0.13532,9.218,N/A,N/A,38.52,48.68,61.5,Exit / Avoid new positions
POONAWALLA,SELL,-3,465.1,47.09,-3.0815,466.03,427.95,465.1,416.98,489.16,2.0,Financial Services,407936532480,48.882477,9.53,N/A,468.058,-22.51 %,28.6 %,381.31,467.99,574.13,Exit / Avoid new positions
STARHEALTH,BUY,3,592.05,51.2,-3.3152,589.23,559.19,592.05,646.71,564.72,2.0,Financial Services,343627661312,61.668427,9.47,N/A,N/A,8.17 %,60.0 %,513.66,588.36,673.72,Medium-to-Long Term (1–6 months)
FRACTAL,STRONG SELL,-7,809.3,45.54,-1.9458,857.61,921.75,809.3,691.31,868.29,2.0,Technology,136213569536,41.471203,19.1,N/A,13.131,-4.83 %,0.0 %,600.58,792.98,1046.37,Short-to-Medium Term (2–8 weeks)
SHRIPISTON,BUY,3,4241.8,48.77,-25.0392,4240.45,3819.33,4241.8,4690.0,4017.7,2.0,Consumer Cyclical,188105949184,34.010033,125.56,N/A,N/A,-5.37 %,50.0 %,3600.78,4431.1,5450.4,Medium-to-Long Term (1–6 months)
SKIPPER,SELL,-3,520.65,36.51,-4.4824,546.15,536.21,520.65,453.0,554.48,2.0,Industrials,57044762624,26.732805,18.9,0.15878999,63.557,11.14 %,33.3 %,410.01,527.74,678.9,Exit / Avoid new positions
CESC,SELL,-3,162.32,40.14,0.1861,165.2,171.11,162.32,152.18,167.39,2.0,Utilities,217234489344,14.103271,11.62,0.12547,164.311,-3.03 %,60.0 %,135.63,161.25,191.63,Exit / Avoid new positions
ORIENTTECH,SELL,-2,279.17,62.8,0.8226,261.86,261.99,279.17,231.89,302.81,2.0,Technology,12482112512,269.80197,1.01,0.01372,18.579,-30.71 %,16.7 %,202.24,276.95,379.0,Exit / Avoid new positions
RATEGAIN,HOLD,-1,905.8,40.32,-13.4721,931.88,842.38,905.8,792.46,962.47,2.0,Technology,107498586112,55.41489,16.39,0.105399996,47.296,-5.05 %,25.0 %,725.48,905.84,1130.47,Monitor weekly; re-evaluate on next earnings or macro event
ITDC,HOLD,0,735.15,55.41,-1.238,699.63,629.0,735.15,573.48,815.99,2.0,Consumer Cyclical,61526675456,74.49117,9.63,0.21701999,0.155,-24.23 %,16.7 %,548.61,723.67,954.01,Monitor weekly; re-evaluate on next earnings or macro event
MONARCH,HOLD,1,397.6,80.84,1.6974,356.15,344.5,397.6,356.2,418.3,2.0,Financial Services,31061108736,17.162577,22.82,0.20495,3.83,-2.17 %,50.0 %,325.08,399.86,491.62,Monitor weekly; re-evaluate on next earnings or macro event
ASHAPURMIN,BUY,3,702.1,72.65,3.0914,671.2,681.4,702.1,780.28,663.01,2.0,Basic Materials,65091485696,16.227673,41.99,0.29049,87.774,107.82 %,66.7 %,533.6,723.58,980.53,Medium-to-Long Term (1–6 months)
FINCABLES,SELL,-3,998.6,37.56,-7.1312,1050.74,1068.58,998.6,904.91,1045.44,2.0,Industrials,148825276416,20.868538,46.63,0.12326,0.314,2.83 %,50.0 %,787.38,965.67,1183.8,Exit / Avoid new positions
UBL,SELL,-2,1428.7,64.68,9.0298,1362.46,1344.55,1428.7,1323.22,1481.44,2.0,Consumer Defensive,379342061568,92.14515,15.57,0.09292,29.076,-31.28 %,0.0 %,1238.21,1395.39,1572.1,Exit / Avoid new positions
SPARC,SELL,-2,214.91,19.69,-6.2678,242.33,227.47,214.91,176.0,234.37,2.0,Healthcare,67812036608,4.366068,47.86,2.76893,41.776,-21.18 %,25.0 %,162.2,212.56,278.4,Exit / Avoid new positions
JKTYRE,STRONG SELL,-5,399.6,43.04,-2.1867,403.57,393.65,399.6,365.16,416.82,2.0,Consumer Cyclical,115546431488,14.708257,27.25,0.14051,80.551,16.28 %,75.0 %,326.93,395.04,477.14,Short-to-Medium Term (2–8 weeks)
BETA,SELL,-2,2230.7,57.02,-25.5798,2245.11,1884.77,2230.7,1736.78,2477.66,2.0,Healthcare,21297487872,51.68545,40.82,N/A,60.386,-1.03 %,25.0 %,1748.29,2287.61,2991.54,Exit / Avoid new positions
WENDT,BUY,2,8302.5,61.52,8.5557,7848.07,7481.28,8302.5,9096.63,7905.44,2.0,Industrials,16599000064,97.99858,84.69,N/A,0.075,-29.12 %,0.0 %,6375.49,7953.26,9916.66,Medium-to-Long Term (1–6 months)
CASTROLIND,HOLD,1,184.32,49.68,0.05,184.3,184.18,184.32,179.31,186.82,2.0,Energy,182057861120,18.975258,9.7,N/A,3.305,-14.08 %,0.0 %,154.52,179.43,208.27,Monitor weekly; re-evaluate on next earnings or macro event
GODREJIND,HOLD,-1,1332.9,62.83,-5.318,1297.62,1177.28,1332.9,1161.57,1418.57,2.0,Industrials,441005375488,35.585754,36.79,0.10832,222.411,-40.76 %,0.0 %,1083.91,1355.86,1695.2,Monitor weekly; re-evaluate on next earnings or macro event
GREAVESCOT,HOLD,-1,245.99,64.43,-2.5428,241.08,209.55,245.99,207.83,265.07,2.0,Industrials,55600848896,52.457138,4.55,N/A,12.328,31.65 %,75.0 %,192.06,249.9,324.97,Monitor weekly; re-evaluate on next earnings or macro event
QUESS,HOLD,0,295.75,46.81,-1.9715,291.43,254.14,295.75,261.97,312.64,2.0,Industrials,45293375488,20.420876,14.85,0.19714001,10.656,-55.69 %,50.0 %,200.18,277.8,385.24,Monitor weekly; re-evaluate on next earnings or macro event
KPRMILL,SELL,-3,1056.0,31.37,-14.2173,1122.92,1080.41,1056.0,933.93,1117.04,2.0,Consumer Cyclical,357353816064,41.172062,25.34,0.16197,10.463,-24.06 %,28.6 %,852.35,1061.16,1320.48,Exit / Avoid new positions
CEATLTD,STRONG SELL,-5,3369.7,21.32,-63.8751,3651.74,3445.46,3369.7,2982.97,3563.06,2.0,Consumer Cyclical,137586933760,23.311628,145.91,N/A,64.742,-5.91 %,33.3 %,2786.8,3398.14,4141.79,Short-to-Medium Term (2–8 weeks)
PYRAMID,HOLD,1,195.96,79.77,1.926,166.97,167.9,195.96,172.8,207.54,2.0,Consumer Cyclical,6751237120,23.055414,7.94,0.10957,66.496,-27.16 %,16.7 %,153.93,194.45,245.51,Monitor weekly; re-evaluate on next earnings or macro event
GOKEX,SELL,-2,834.25,47.51,-6.9404,839.8,774.62,834.25,742.75,880.0,2.0,Consumer Cyclical,59600773120,62.091602,13.1,0.047220003,58.934,-38.9 %,16.7 %,626.31,819.6,1071.9,Exit / Avoid new positions
ABSLAMC,HOLD,-1,989.2,27.61,-21.1458,1115.04,1096.4,989.2,857.47,1055.07,2.0,Financial Services,289032339456,28.778801,34.72,N/A,1.577,50.65 %,100.0 %,824.99,1003.2,1219.38,Monitor weekly; re-evaluate on next earnings or macro event
ENDURANCE,HOLD,-1,2732.8,57.42,-4.8146,2694.53,2659.79,2732.8,2480.92,2858.74,2.0,Consumer Cyclical,380788408320,39.945408,67.77,0.15156999,19.393,11.77 %,50.0 %,2308.7,2730.34,3227.77,Monitor weekly; re-evaluate on next earnings or macro event
ABBOTINDIA,BUY,2,27800.0,62.69,76.8705,27265.25,26801.2,27800.0,29507.87,26946.06,2.0,Healthcare,592961798144,38.166424,731.14,0.34460998,3.602,-14.52 %,50.0 %,24595.65,27690.1,31165.72,Medium-to-Long Term (1–6 months)
ATLANTAELE,STRONG SELL,-6,1614.3,45.77,-10.7501,1689.96,1793.88,1614.3,1349.55,1746.67,2.0,Industrials,117928656896,52.4846,29.22,N/A,5.461,93.5 %,100.0 %,1314.35,1767.36,2374.96,Short-to-Medium Term (2–8 weeks)
APCOTEXIND,BUY,4,588.5,77.38,5.4402,530.41,520.4,588.5,656.15,554.67,2.0,Basic Materials,30645555200,30.250765,19.54,0.17274,15.522,-2.61 %,25.0 %,492.2,593.69,715.8,Medium-to-Long Term (1–6 months)
PCBL,HOLD,0,326.15,55.78,-0.3883,318.84,305.4,326.15,288.77,344.84,2.0,Basic Materials,125278486528,62.1875,5.12,0.05125,124.132,-57.36 %,0.0 %,257.99,325.65,410.86,Monitor weekly; re-evaluate on next earnings or macro event
LANDMARK,BUY,2,538.5,73.19,4.3363,474.99,433.59,538.5,639.54,487.98,2.0,Consumer Cyclical,21895546880,58.737488,8.99,0.06664,173.699,-19.83 %,20.0 %,421.77,529.71,664.95,Medium-to-Long Term (1–6 months)
EPACKPEB,SELL,-2,255.19,55.38,-2.3547,253.63,232.58,255.19,212.89,276.34,2.0,Industrials,25478764544,25.446232,9.95,0.17021999,15.606,-5.77 %,0.0 %,189.36,264.98,370.51,Exit / Avoid new positions
ALKYLAMINE,SELL,-2,1821.5,52.92,-11.5786,1839.78,1798.28,1821.5,1599.41,1932.55,2.0,Basic Materials,92630835200,51.52489,35.15,N/A,N/A,-1.04 %,50.0 %,1480.14,1798.04,2183.27,Exit / Avoid new positions
CENTRALBK,STRONG SELL,-6,31.25,42.88,-0.1361,32.06,31.86,31.25,28.76,32.49,2.01,Financial Services,279597776896,6.1289682,5.04,0.115600005,N/A,-40.41 %,14.3 %,24.71,29.76,35.83,Short-to-Medium Term (2–8 weeks)
BAJAJHFL,STRONG SELL,-8,85.5,36.68,-0.4048,87.19,85.91,85.5,80.82,87.84,2.0,Financial Services,713433219072,27.902283,3.07,0.120570004,460.74,-7.84 %,50.0 %,69.7,81.57,95.43,Short-to-Medium Term (2–8 weeks)
SUNDARMFIN,STRONG SELL,-6,4416.8,20.2,-18.2267,4522.24,4427.0,4416.8,4119.95,4565.23,2.0,Financial Services,487393132544,23.669111,186.83,0.14659001,409.161,-15.02 %,25.0 %,3636.65,4399.28,5319.6,Short-to-Medium Term (2–8 weeks)
PSUBNKBEES,STRONG SELL,-8,93.52,52.01,-0.0559,93.82,93.61,93.52,86.38,97.09,2.0,Unknown,N/A,7.8787823,N/A,N/A,N/A,12.56 %,50.0 %,82.67,93.86,106.54,Short-to-Medium Term (2–8 weeks)
HDBFS,STRONG SELL,-5,686.3,29.78,-9.4168,732.6,700.21,686.3,629.15,714.88,2.0,Financial Services,565420228608,20.421904,33.42,N/A,484.313,-18.71 %,0.0 %,584.85,668.21,763.23,Short-to-Medium Term (2–8 weeks)
WELSPUNLIV,BUY,2,163.53,41.61,-1.3273,165.81,155.01,163.53,182.73,153.93,2.0,Consumer Cyclical,150847733760,74.873825,2.14,0.04301,46.501,-28.06 %,40.0 %,126.5,160.98,204.74,Medium-to-Long Term (1–6 months)
JUBLINGREA,BUY,3,744.1,64.84,1.019,712.07,677.13,744.1,836.02,698.14,2.0,Basic Materials,114557411328,37.40216,19.42,N/A,25.328,-28.37 %,20.0 %,597.69,748.51,936.91,Medium-to-Long Term (1–6 months)
MOREPENLAB,HOLD,-1,56.66,38.76,-1.1865,59.04,52.07,56.66,47.78,61.1,2.0,Healthcare,30301841408,31.965317,1.73,0.078590006,16.667,-34.72 %,20.0 %,43.1,56.07,72.89,Monitor weekly; re-evaluate on next earnings or macro event
ICIL,BUY,2,401.15,32.67,-4.3302,411.86,373.69,401.15,458.3,372.57,2.0,Consumer Cyclical,81350819840,63.97975,6.42,0.05469,56.992,-57.6 %,0.0 %,295.97,396.82,531.69,Medium-to-Long Term (1–6 months)
SUNCLAY,HOLD,1,1399.8,56.65,1.475,1364.23,1346.84,1399.8,1253.88,1472.76,2.0,Industrials,28787879936,11.404367,114.5,0.22271,100.167,-38.59 %,0.0 %,1089.48,1364.32,1707.64,Monitor weekly; re-evaluate on next earnings or macro event
SILVERCASE,HOLD,-1,22.56,44.54,0.1388,22.44,23.98,22.56,20.43,23.62,2.01,Unknown,N/A,N/A,N/A,N/A,N/A,99.34 %,50.0 %,18.16,24.08,31.91,Monitor weekly; re-evaluate on next earnings or macro event
KIRLPNU,SELL,-2,1489.6,17.66,-39.6665,1736.09,1716.5,1489.6,1283.02,1592.89,2.0,Industrials,93696417792,35.59477,40.52,N/A,0.265,29.94 %,66.7 %,1175.8,1488.38,1883.09,Exit / Avoid new positions
CMRGREEN,STRONG SELL,-6,219.1,29.1,-0.5954,227.91,,219.1,193.87,231.72,2.0,Basic Materials,N/A,33.041473,6.51,0.14072,82.682,N/A,N/A,160.46,199.53,248.0,Short-to-Medium Term (2–8 weeks)
BORORENEW,HOLD,0,585.1,42.91,-8.0639,611.3,571.76,585.1,506.92,624.19,2.0,Technology,80475004928,20.297873,28.2,N/A,10.74,-29.86 %,0.0 %,466.22,584.4,732.17,Monitor weekly; re-evaluate on next earnings or macro event
INDIAMART,STRONG SELL,-6,1759.7,27.45,-15.1939,1888.48,1963.64,1759.7,1587.92,1845.59,2.0,Communication Services,1048287248384,21.300257,81.83,0.23146,0.974,-20.33 %,16.7 %,1442.83,1694.51,1989.37,Short-to-Medium Term (2–8 weeks)
PREMEXPLN,SELL,-4,669.1,42.13,-5.1891,700.65,697.13,669.1,606.91,700.2,2.0,Basic Materials,35666956288,78.01765,8.5,0.17045,11.133,7.28 %,66.7 %,479.78,661.36,911.0,Exit / Avoid new positions
AWL,STRONG SELL,-5,187.64,53.96,0.1419,187.93,189.26,187.64,172.82,195.05,2.0,Consumer Defensive,240782442496,23.126707,8.05,0.10519,10.621,-23.15 %,0.0 %,148.97,179.91,217.19,Short-to-Medium Term (2–8 weeks)
UTIAMC,STRONG SELL,-7,904.0,33.78,-9.6001,952.14,943.72,904.0,818.5,946.75,2.0,Financial Services,115713245184,25.146648,35.8,N/A,3.129,30.27 %,75.0 %,738.76,891.08,1074.36,Short-to-Medium Term (2–8 weeks)
TRIVENI,STRONG SELL,-6,240.0,13.39,-29.18,420.62,400.56,240.0,153.48,283.26,2.0,Consumer Defensive,50408038400,18.765383,12.19,0.082650006,64.646,-36.38 %,12.5 %,173.55,230.42,305.75,Short-to-Medium Term (2–8 weeks)
MANAKCOAT,HOLD,-1,126.11,57.19,-0.1545,121.9,112.49,126.11,106.97,135.68,2.0,Industrials,13119186944,29.15403,4.22,N/A,33.071,36.06 %,50.0 %,101.51,130.46,167.56,Monitor weekly; re-evaluate on next earnings or macro event
MODEFENCE,HOLD,1,103.31,46.16,-0.1556,103.48,102.01,103.31,97.31,106.31,2.0,Unknown,N/A,46.439713,N/A,N/A,N/A,-3.61 %,20.0 %,90.36,104.77,121.44,Monitor weekly; re-evaluate on next earnings or macro event
GICRE,SELL,-3,359.2,44.72,0.2386,361.67,371.15,359.2,342.49,367.56,2.0,Financial Services,627548880896,6.49537,55.07,0.10686,N/A,-22.01 %,0.0 %,297.18,354.89,423.64,Exit / Avoid new positions
IGL,STRONG SELL,-8,150.27,44.91,-0.1001,153.23,159.78,150.27,140.88,154.97,2.0,Utilities,210980225024,13.61337,11.07,0.13926,0.848,-30.93 %,14.3 %,119.88,144.22,173.44,Short-to-Medium Term (2–8 weeks)
IZMO,HOLD,-1,1104.0,68.79,-0.282,1044.26,953.5,1104.0,939.42,1186.29,2.0,Technology,16397487104,34.343468,31.91,0.12384,4.055,127.13 %,40.0 %,836.14,1148.49,1576.42,Monitor weekly; re-evaluate on next earnings or macro event
GOLDCASE,HOLD,1,22.56,49.78,0.0904,22.37,23.17,22.56,20.94,23.37,2.0,Unknown,N/A,N/A,N/A,N/A,N/A,68.86 %,66.7 %,20.6,23.45,26.68,Monitor weekly; re-evaluate on next earnings or macro event
AVANTIFEED,SELL,-2,979.55,54.26,9.1175,965.76,1052.24,979.55,860.42,1039.12,2.0,Consumer Defensive,130530123776,21.592293,44.37,0.19055,0.357,39.18 %,75.0 %,758.32,991.74,1296.25,Exit / Avoid new positions
MAPMYINDIA,SELL,-4,1132.1,67.23,-1.8918,1046.46,935.04,1132.1,915.65,1240.32,2.0,Technology,62216773632,46.468304,24.45,0.15619999,0.778,-44.13 %,14.3 %,870.73,1076.44,1330.12,Exit / Avoid new positions
PRIVISCL,HOLD,1,3623.6,48.45,-19.8687,3656.94,3478.85,3623.6,3338.36,3766.22,2.0,Basic Materials,141766361088,44.7111,81.17,0.24757999,74.399,71.29 %,100.0 %,3082.55,3782.89,4640.24,Monitor weekly; re-evaluate on next earnings or macro event
RBA,STRONG SELL,-5,67.57,33.07,-0.7705,71.1,70.99,67.57,60.43,71.14,2.0,Consumer Cyclical,47450296320,N/A,-3.19,-0.25794,285.657,-20.2 %,20.0 %,55.22,65.29,77.17,Short-to-Medium Term (2–8 weeks)
LIQUID,STRONG SELL,-5,999.99,,0.0,999.99,999.99,999.99,994.59,1002.69,2.0,Unknown,N/A,N/A,N/A,N/A,N/A,-0.0 %,0.0 %,999.98,999.99,1000.0,Short-to-Medium Term (2–8 weeks)
GCSL,BUY,2,531.1,69.2,0.5843,497.33,447.85,531.1,586.99,503.16,2.0,Financial Services,11763404800,52.858593,9.83,0.11878,6.793,-18.84 %,0.0 %,427.97,565.25,746.12,Medium-to-Long Term (1–6 months)
HUBTOWN,STRONG SELL,-7,196.04,35.03,-1.3307,205.43,203.46,196.04,173.18,207.47,2.0,Real Estate,26945126400,17.838194,10.63,0.0637,44.93,-25.13 %,20.0 %,147.29,192.61,251.71,Short-to-Medium Term (2–8 weeks)
EXICOM,SELL,-2,165.2,50.98,-1.2006,166.6,158.04,165.2,136.64,179.48,2.0,Industrials,22096996352,N/A,-20.35,-0.43337002,109.474,-3.71 %,0.0 %,115.15,153.77,205.21,Exit / Avoid new positions
AQYLON,STRONG SELL,-6,24.98,1.27,-0.7804,36.35,47.29,24.98,18.62,28.16,2.0,Communication Services,6383860736,109.391304,0.23,N/A,N/A,-86.51 %,40.0 %,8.41,20.72,50.92,Short-to-Medium Term (2–8 weeks)
FILATEX,HOLD,1,74.64,80.6,0.6125,64.35,55.33,74.64,60.57,81.67,2.0,Consumer Cyclical,32367413248,17.64891,4.13,N/A,9.979,-22.68 %,16.7 %,59.1,74.92,94.91,Monitor weekly; re-evaluate on next earnings or macro event
SATIN,BUY,3,261.51,49.06,-0.8664,257.89,240.67,261.51,297.75,243.39,2.0,Financial Services,28552890368,8.596026,30.2,0.1228,383.33,-17.7 %,25.0 %,221.36,262.9,312.11,Medium-to-Long Term (1–6 months)
GOLD1,HOLD,1,119.7,49.92,0.4647,118.7,123.21,119.7,113.67,122.72,2.0,Unknown,N/A,N/A,N/A,N/A,N/A,73.38 %,66.7 %,109.17,124.55,142.07,Monitor weekly; re-evaluate on next earnings or macro event
TIPSMUSIC,STRONG BUY,7,712.55,54.58,0.1997,683.4,665.39,712.55,842.9,647.38,2.0,Communication Services,88453070848,41.138527,16.82,N/A,1.962,-27.87 %,28.6 %,581.84,715.78,880.15,Short-to-Medium Term (2–8 weeks)
SBILIQETF,SELL,-2,1049.18,,-0.0076,1047.24,1044.1,1049.18,1048.52,1049.51,2.0,,N/A,N/A,N/A,N/A,N/A,N/A,N/A,1054.36,1055.6,1056.84,Exit / Avoid new positions
LEMONTREE,STRONG SELL,-7,111.82,27.64,-0.7687,115.08,113.81,111.82,103.36,116.05,2.0,Consumer Cyclical,87348707328,38.43554,2.87,0.14905,96.367,-6.77 %,42.9 %,91.16,109.46,131.39,Short-to-Medium Term (2–8 weeks)
NIFTYIETF,SELL,-4,272.15,41.87,-0.4507,272.72,269.7,272.15,259.04,278.7,2.0,Unknown,N/A,21.468498,N/A,N/A,N/A,2.41 %,40.0 %,254.04,271.49,290.1,Exit / Avoid new positions
GAEL,STRONG BUY,7,157.31,45.75,0.0794,153.81,156.91,157.31,175.58,148.18,2.0,Consumer Defensive,71763615744,23.634443,6.62,0.09664,13.384,-3.02 %,33.3 %,130.04,157.57,190.85,Short-to-Medium Term (2–8 weeks)
MOBIKWIK,STRONG SELL,-5,205.56,53.95,-1.8398,209.66,201.6,205.56,177.48,219.6,2.0,Technology,15689536512,N/A,-7.93,-0.11015,51.207,-33.05 %,0.0 %,140.91,189.87,255.67,Short-to-Medium Term (2–8 weeks)
FAIRCHEMOR,BUY,2,806.5,66.92,6.6531,719.46,652.85,806.5,925.54,746.98,2.0,Basic Materials,10666209280,75.004425,11.29,N/A,31.852,-37.19 %,0.0 %,601.93,774.83,996.86,Medium-to-Long Term (1–6 months)
POWERMECH,BUY,4,2692.9,60.0,1.113,2619.16,2629.73,2692.9,2915.89,2581.41,2.0,Industrials,83343712256,22.924603,114.99,0.17255,25.632,22.53 %,66.7 %,2116.86,2648.35,3311.64,Medium-to-Long Term (1–6 months)
RAYMONDREL,SELL,-2,665.9,48.65,-8.2986,677.85,629.68,665.9,570.83,713.43,2.0,Real Estate,44063703040,14.535675,45.55,0.37721002,64.676,N/A,N/A,474.1,633.17,845.06,Exit / Avoid new positions
TIMEX,SELL,-3,561.25,59.68,-1.954,547.81,488.28,561.25,468.67,607.54,2.0,Consumer Cyclical,57208365056,77.630135,7.3,0.77263,31.919,N/A,N/A,530.9,695.26,909.95,Exit / Avoid new positions
BLUEJET,SELL,-3,576.05,48.99,-5.7722,578.39,520.98,576.05,504.83,611.66,2.0,Healthcare,99213549568,40.024494,14.29,0.19881001,3.102,21.43 %,33.3 %,445.11,580.72,757.2,Exit / Avoid new positions
SOTL,STRONG BUY,5,649.35,72.0,5.0418,580.78,539.56,649.35,755.19,596.43,2.0,Basic Materials,42483462144,23.391848,26.49,0.10462,0.098,-19.93 %,25.0 %,525.99,647.48,796.66,Short-to-Medium Term (2–8 weeks)
URBANCO,STRONG SELL,-5,130.42,36.4,-0.593,132.51,128.38,130.42,117.16,137.05,2.0,Technology,190522130432,N/A,-1.57,-0.11921,6.335,-9.74 %,50.0 %,99.63,125.16,157.15,Short-to-Medium Term (2–8 weeks)
EUREKAFORB,STRONG SELL,-7,439.7,41.03,-2.8705,457.62,455.85,439.7,397.43,460.83,2.0,Consumer Cyclical,88403591168,54.712574,8.35,0.0361,0.629,-26.43 %,16.7 %,362.23,433.51,518.61,Short-to-Medium Term (2–8 weeks)
RAMCOCEM,SELL,-4,919.75,43.49,-2.7955,927.7,903.11,919.75,855.13,952.06,2.0,Basic Materials,214671638528,30.775745,29.52,0.08996,47.897,5.52 %,75.0 %,807.98,922.77,1053.56,Exit / Avoid new positions
SILVERBETA,SELL,-2,215.47,45.5,1.3537,213.86,229.3,215.47,199.75,223.33,2.0,Unknown,N/A,N/A,N/A,N/A,N/A,130.56 %,75.0 %,176.68,226.8,290.99,Exit / Avoid new positions
SIRCA,SELL,-3,397.75,46.63,0.7335,397.14,408.61,397.75,367.66,412.8,2.0,Basic Materials,22277820416,33.703705,11.61,0.15767999,6.802,75.44 %,50.0 %,333.57,398.19,475.14,Exit / Avoid new positions
SOBHA,STRONG SELL,-6,1361.2,30.03,-16.5229,1445.04,1405.33,1361.2,1209.52,1437.04,2.0,Real Estate,143788736512,62.501163,21.51,N/A,24.62,-26.48 %,28.6 %,1103.65,1331.58,1605.92,Short-to-Medium Term (2–8 weeks)
KROSS,HOLD,1,190.31,59.73,1.3485,190.5,189.12,190.31,160.1,205.41,2.0,Consumer Cyclical,12629010432,21.84933,8.96,N/A,10.969,-44.54 %,0.0 %,142.48,185.13,240.39,Monitor weekly; re-evaluate on next earnings or macro event
TRUALT,SELL,-3,421.25,27.3,0.325,439.46,470.11,421.25,369.59,447.08,2.0,Energy,35943198720,34.077236,12.3,0.08254,104.636,9.93 %,50.0 %,324.38,406.67,509.58,Exit / Avoid new positions
WAAREERTL,STRONG SELL,-7,931.3,32.67,-9.5432,998.25,983.72,931.3,838.87,977.51,2.0,Industrials,96363339776,18.959146,48.71,N/A,15.598,-21.64 %,40.0 %,742.53,932.55,1170.62,Short-to-Medium Term (2–8 weeks)
DCMSHRIRAM,SELL,-3,1032.9,46.25,0.5271,1026.5,1041.2,1032.9,953.88,1072.41,2.0,Industrials,162582069248,19.179758,54.74,0.11617,37.802,-29.43 %,28.6 %,846.35,1026.11,1243.53,Exit / Avoid new positions
IIFLCAPS,HOLD,0,337.7,46.33,0.0674,338.75,340.74,337.7,325.46,343.82,2.0,Financial Services,105869434880,19.416859,17.32,N/A,59.292,-8.05 %,40.0 %,262.72,346.15,455.8,Monitor weekly; re-evaluate on next earnings or macro event
VENUSREM,SELL,-2,1572.0,38.65,-34.5774,1735.83,1618.26,1572.0,1265.7,1725.15,2.0,Healthcare,20484886528,17.60842,86.93,N/A,1.87,75.46 %,50.0 %,1299.64,1693.34,2205.01,Exit / Avoid new positions
BLISSGVS,BUY,4,459.4,26.27,-10.7658,499.61,452.85,459.4,528.73,424.73,2.0,Healthcare,47820410880,37.53962,11.99,0.115959994,1.766,-24.93 %,25.0 %,364.9,493.53,667.05,Medium-to-Long Term (1–6 months)
GSPCROP,SELL,-2,556.6,83.69,13.0086,451.58,442.46,556.6,462.52,603.64,2.0,Basic Materials,25417846784,21.90858,24.94,0.15499,34.017,-10.13 %,0.0 %,500.8,646.81,834.92,Exit / Avoid new positions
SPAL,BUY,2,1014.4,33.06,-22.1622,1080.72,948.58,1014.4,1220.53,911.34,2.0,Consumer Cyclical,24791967744,24.611929,40.07,0.11281,44.596,-19.76 %,20.0 %,765.39,1014.89,1344.89,Medium-to-Long Term (1–6 months)
ELECON,STRONG SELL,-6,423.7,15.77,-7.5351,486.21,510.29,423.7,364.72,453.19,2.0,Industrials,93092315136,39.47193,10.51,N/A,11.824,-21.31 %,16.7 %,319.61,410.35,526.57,Short-to-Medium Term (2–8 weeks)
MPSLTD,HOLD,1,2687.1,81.13,76.0065,2129.42,1941.0,2687.1,2306.01,2877.64,2.0,Communication Services,44304441344,23.516848,110.98,N/A,10.167,-40.02 %,20.0 %,2090.75,2707.44,3504.03,Monitor weekly; re-evaluate on next earnings or macro event
IOLCP,BUY,2,151.46,38.32,-2.7891,156.24,140.03,151.46,182.18,136.1,2.0,Healthcare,43192573952,31.30851,4.7,0.07896,7.529,-0.37 %,25.0 %,120.88,155.67,200.37,Medium-to-Long Term (1–6 months)
ICRA,STRONG SELL,-6,4745.0,17.47,-56.224,5171.15,5222.48,4745.0,4385.42,4924.79,2.0,Financial Services,45358305280,25.015924,188.38,0.16277,N/A,-18.32 %,14.3 %,4085.52,4674.05,5345.76,Short-to-Medium Term (2–8 weeks)
BLUEDART,SELL,-2,5114.2,62.52,12.0642,4894.72,4855.51,5114.2,4780.81,5280.89,2.0,Industrials,121095512064,48.916897,104.33,0.14832,N/A,-50.54 %,0.0 %,4204.35,4966.28,5864.12,Exit / Avoid new positions
ITIETF,SELL,-2,32.73,66.99,0.154,31.21,31.48,32.73,30.27,33.96,2.0,,N/A,N/A,N/A,N/A,N/A,-13.03 %,25.0 %,28.4,32.05,36.15,Exit / Avoid new positions
VENKEYS,BUY,3,1503.7,64.16,4.7919,1467.61,1451.31,1503.7,1664.53,1423.29,2.0,Consumer Defensive,21202849792,15.235348,98.79,0.090670004,10.432,-25.54 %,0.0 %,1214.49,1473.07,1785.95,Medium-to-Long Term (1–6 months)
GILLETTE,HOLD,-1,7940.5,54.91,12.1973,7792.18,7789.52,7940.5,7498.0,8161.75,2.0,Consumer Defensive,253838835712,47.624866,163.57,0.66443,0.002,1.98 %,20.0 %,6747.29,7911.07,9272.32,Monitor weekly; re-evaluate on next earnings or macro event
ZAGGLE,STRONG SELL,-9,203.34,47.43,-0.6265,207.78,208.0,203.34,183.87,213.07,2.0,Technology,27455330304,19.843231,10.27,0.104490004,3.884,-33.67 %,0.0 %,147.9,195.73,258.87,Short-to-Medium Term (2–8 weeks)
AIAENG,BUY,2,4634.5,40.26,-33.7846,4737.59,4580.33,4634.5,4997.92,4452.79,2.0,Industrials,429553647616,33.783485,136.25,0.16951999,0.128,-1.44 %,66.7 %,4025.45,4622.1,5305.57,Medium-to-Long Term (1–6 months)
FEDFINA,SELL,-4,150.27,43.47,-0.7882,154.56,155.42,150.27,128.61,161.1,2.0,Financial Services,56656568320,14.901381,10.14,N/A,467.341,39.62 %,50.0 %,124.11,151.18,184.08,Exit / Avoid new positions
SHAREINDIA,BUY,3,188.39,73.56,1.3465,169.99,150.58,188.39,221.6,171.78,2.0,Financial Services,39215726592,10.808806,16.58,N/A,27.925,-41.51 %,0.0 %,142.33,181.72,231.87,Medium-to-Long Term (1–6 months)
KWIL,STRONG SELL,-7,31.5,47.47,-0.2226,32.88,32.41,31.5,27.51,33.49,2.01,Consumer Defensive,72484888576,N/A,N/A,-1.0305,81.508,N/A,N/A,24.48,31.85,41.42,Short-to-Medium Term (2–8 weeks)
TITAGARH,SELL,-3,816.1,40.31,-6.3479,851.84,850.59,816.1,734.08,857.11,2.0,Industrials,109139615744,89.44812,9.06,0.049200002,25.363,-18.34 %,50.0 %,622.72,776.12,966.84,Exit / Avoid new positions
CRISIL,HOLD,0,4486.3,75.67,36.7108,4162.96,4076.87,4486.3,4080.22,4689.34,2.0,Financial Services,328346435584,37.066788,121.13,0.29052,10.23,12.41 %,40.0 %,3789.42,4474.84,5282.3,Monitor weekly; re-evaluate on next earnings or macro event
SWSOLAR,STRONG SELL,-5,208.27,25.59,-4.2819,229.04,217.55,208.27,175.81,224.5,2.0,Technology,48200609792,N/A,-12.31,N/A,182.951,-20.12 %,0.0 %,149.93,192.54,247.12,Short-to-Medium Term (2–8 weeks)
NATCOPHARM,STRONG SELL,-7,927.1,31.35,-2.8359,949.93,960.12,927.1,847.39,966.96,2.0,Healthcare,165685592064,11.602283,79.73,0.16853,7.742,-19.19 %,40.0 %,730.66,901.05,1110.65,Short-to-Medium Term (2–8 weeks)
FUSION,HOLD,1,220.7,45.16,-2.4777,222.72,195.22,220.7,187.31,237.39,2.0,Financial Services,33994391552,206.08824,1.02,0.00676,227.507,-16.53 %,0.0 %,160.83,210.22,274.61,Monitor weekly; re-evaluate on next earnings or macro event
ARVINDFASN,STRONG SELL,-7,463.7,47.91,-0.9018,469.76,466.14,463.7,422.33,484.38,2.0,Consumer Cyclical,60946677760,50.44248,9.04,N/A,115.111,29.78 %,100.0 %,378.42,459.6,557.97,Short-to-Medium Term (2–8 weeks)
GOODLUCK,HOLD,1,1527.6,56.12,-10.2407,1530.51,1432.13,1527.6,1353.15,1614.82,2.0,Basic Materials,50715316224,27.217268,56.06,0.12699,73.233,-10.87 %,25.0 %,1202.51,1560.9,2024.95,Monitor weekly; re-evaluate on next earnings or macro event
AURUM,HOLD,1,229.68,54.26,-2.5301,230.08,206.4,229.68,192.42,248.31,2.0,Real Estate,16989005824,29.473547,7.56,N/A,44.065,-3.37 %,40.0 %,184.45,232.48,292.86,Monitor weekly; re-evaluate on next earnings or macro event
REFEX,SELL,-2,331.55,42.76,-2.66,333.7,322.41,331.55,288.5,353.07,2.0,Energy,45021704192,18.25821,17.97,0.17817,14.918,-27.21 %,0.0 %,252.54,334.46,442.67,Exit / Avoid new positions
SETFNIF50,SELL,-4,258.69,42.17,-0.4243,259.15,256.24,258.69,244.2,265.94,2.0,Unknown,N/A,21.430729,N/A,N/A,N/A,4.19 %,40.0 %,241.75,258.04,275.39,Exit / Avoid new positions
IDEAFORGE,BUY,3,860.25,55.29,-2.0108,860.01,858.61,860.25,970.5,805.12,2.0,Technology,42130903040,N/A,-3.87,-0.028199999,13.974,45.85 %,40.0 %,639.31,853.34,1138.29,Medium-to-Long Term (1–6 months)
CPSEETF,SELL,-3,96.06,43.61,0.183,96.52,98.74,96.06,89.58,99.3,2.0,Unknown,N/A,12.718509,N/A,N/A,N/A,9.84 %,66.7 %,86.82,95.42,104.84,Exit / Avoid new positions
MUFIN,SELL,-2,125.61,33.19,-0.9104,129.73,126.45,125.61,115.05,130.89,2.0,Financial Services,24564185088,75.12727,1.65,0.06698,243.19,-7.79 %,16.7 %,98.59,125.6,159.92,Exit / Avoid new positions
BATAINDIA,HOLD,-1,699.65,55.6,0.8872,687.91,689.67,699.65,641.0,728.98,2.0,Consumer Cyclical,89320210432,66.693855,10.42,0.08465999,86.9,-27.77 %,0.0 %,570.07,662.22,769.0,Monitor weekly; re-evaluate on next earnings or macro event
SANDUMA,SELL,-3,198.15,39.96,0.0773,201.03,212.4,198.15,180.9,206.78,2.0,Basic Materials,97974427648,14.918579,13.51,0.22318001,30.577,-17.59 %,40.0 %,151.63,197.27,256.5,Exit / Avoid new positions
WALCHANNAG,SELL,-4,233.5,45.85,-1.7488,246.34,254.81,233.5,197.08,251.71,2.0,Industrials,15357903872,N/A,-2.17,-0.04013,61.011,-28.34 %,33.3 %,164.5,224.73,306.8,Exit / Avoid new positions
OMINFRAL,STRONG SELL,-7,87.04,37.5,-0.3173,88.91,87.27,87.04,74.77,93.18,2.0,Industrials,8700085248,43.019047,2.1,0.0257,10.595,-42.39 %,0.0 %,63.81,81.82,104.85,Short-to-Medium Term (2–8 weeks)
LOWVOLIETF,SELL,-2,22.29,51.61,-0.0056,22.07,21.72,22.29,21.03,22.92,2.0,Unknown,N/A,N/A,N/A,N/A,N/A,-1.97 %,40.0 %,20.95,22.28,23.69,Exit / Avoid new positions
AMAGI,HOLD,-1,625.05,64.96,1.3219,576.28,497.04,625.05,497.7,688.72,2.0,Technology,134714261504,188.12689,3.31,0.06325,1.763,N/A,N/A,549.79,712.39,922.56,Monitor weekly; re-evaluate on next earnings or macro event
IMFA,BUY,2,1371.8,52.19,1.3322,1359.74,1400.56,1371.8,1518.83,1298.28,2.0,Basic Materials,72546689024,17.10687,78.6,0.1671,35.121,37.92 %,60.0 %,1112.3,1416.01,1801.68,Medium-to-Long Term (1–6 months)
CIEINDIA,STRONG SELL,-5,413.4,27.88,-6.3951,458.78,457.32,413.4,364.53,437.83,2.0,Consumer Cyclical,154893647872,17.26427,23.65,N/A,6.63,6.27 %,50.0 %,345.19,403.18,470.74,Short-to-Medium Term (2–8 weeks)
BALUFORGE,STRONG SELL,-8,439.75,43.45,-1.4314,451.08,459.15,439.75,399.76,459.75,2.0,Industrials,51274891264,18.67253,23.88,0.19556,9.524,-42.95 %,14.3 %,319.22,434.2,590.2,Short-to-Medium Term (2–8 weeks)
PANAMAPET,STRONG BUY,5,487.1,66.23,4.7386,439.59,398.13,487.1,550.82,455.24,2.0,Energy,27303786496,12.851652,35.12,0.15604,7.548,-25.95 %,0.0 %,391.15,487.06,606.19,Short-to-Medium Term (2–8 weeks)
RSYSTEMS,HOLD,-1,252.85,62.1,1.4795,241.35,251.81,252.85,219.04,269.75,2.0,Technology,30120841216,14.804892,17.17,N/A,33.46,-17.71 %,16.7 %,193.72,241.6,301.17,Monitor weekly; re-evaluate on next earnings or macro event
GUJALKALI,BUY,4,694.1,75.98,12.395,612.77,639.57,694.1,771.95,655.18,2.0,Basic Materials,51402178560,77.59978,9.02,N/A,6.128,-18.28 %,20.0 %,562.36,684.73,833.36,Medium-to-Long Term (1–6 months)
JGCHEM,HOLD,1,507.75,78.7,5.7778,453.35,433.99,507.75,440.91,541.17,2.0,Basic Materials,19865374720,30.157646,16.81,0.13518,1.192,-7.35 %,25.0 %,401.66,525.05,685.93,Monitor weekly; re-evaluate on next earnings or macro event
FIRSTCRY,STRONG SELL,-5,213.51,51.21,0.1676,213.68,219.11,213.51,195.12,222.7,2.0,Consumer Cyclical,103070892032,N/A,-2.9,-0.0383,29.762,-50.7 %,0.0 %,152.54,197.34,255.16,Short-to-Medium Term (2–8 weeks)
ADOR,BUY,4,1523.0,77.47,11.6095,1367.43,1238.53,1523.0,1739.51,1414.74,2.0,Industrials,25338499072,22.33814,65.18,N/A,0.4,-1.96 %,50.0 %,1266.77,1519.84,1822.74,Medium-to-Long Term (1–6 months)
AARTIIND,BUY,3,486.1,53.79,-1.0122,483.99,475.6,486.1,534.55,461.88,2.0,Basic Materials,172929941504,41.205704,11.57,0.07249,83.392,-27.53 %,20.0 %,386.13,472.17,577.12,Medium-to-Long Term (1–6 months)
TTML,STRONG SELL,-6,39.48,29.87,-0.1091,41.02,42.5,39.48,35.4,41.52,2.0,Communication Services,76203081728,205.1579,0.19,N/A,N/A,-35.58 %,0.0 %,29.21,37.1,47.1,Short-to-Medium Term (2–8 weeks)
SMARTWORKS,BUY,4,485.0,58.37,0.9628,474.98,464.58,485.0,542.24,456.38,2.0,Real Estate,54725824512,N/A,-10.38,N/A,900.425,-18.8 %,0.0 %,404.2,487.35,587.35,Medium-to-Long Term (1–6 months)
PTCIL,BUY,3,17923.0,60.55,26.2629,17621.5,17593.12,17923.0,19311.13,17228.94,2.0,Industrials,267976818688,262.42844,68.11,0.07019,17.341,-16.35 %,40.0 %,14675.38,18063.42,22223.46,Medium-to-Long Term (1–6 months)
KIRLOSBROS,SELL,-2,1833.5,46.22,-16.1729,1898.55,1813.92,1833.5,1653.59,1923.45,2.0,Industrials,147406798848,39.395164,47.12,0.16486,10.101,26.87 %,60.0 %,1412.82,1795.81,2281.41,Exit / Avoid new positions
DEEPAKNTR,BUY,4,1678.9,58.87,3.1565,1641.86,1665.36,1678.9,1837.12,1599.79,2.0,Basic Materials,225225834496,40.985355,40.29,0.09751,27.903,-22.81 %,0.0 %,1367.27,1613.45,1903.25,Medium-to-Long Term (1–6 months)
TATAINVEST,STRONG SELL,-8,649.95,42.89,-3.5466,663.52,668.8,649.95,604.29,672.78,2.0,Financial Services,331045011456,76.25874,8.58,0.01438,0.007,-11.56 %,22.2 %,526.02,647.2,795.94,Short-to-Medium Term (2–8 weeks)
IKS,BUY,2,1829.0,43.45,-16.5814,1848.83,1738.6,1829.0,2008.88,1739.06,2.0,Healthcare,305235132416,43.067455,42.25,0.31441,26.873,1.09 %,50.0 %,1460.9,1808.39,2237.49,Medium-to-Long Term (1–6 months)
SHANTIGOLD,STRONG SELL,-5,216.91,48.49,-0.0887,215.27,219.79,216.91,192.28,229.22,2.0,Consumer Cyclical,15579224064,10.188119,21.21,0.37335998,36.138,-19.89 %,33.3 %,171.07,214.06,267.71,Short-to-Medium Term (2–8 weeks)
VTL,SELL,-3,628.25,42.42,-3.3004,637.24,628.3,628.25,570.86,656.95,2.0,Consumer Cyclical,177303928832,23.377861,26.2,0.07329,17.52,-19.21 %,20.0 %,518.7,628.61,761.48,Exit / Avoid new positions
JYOTHYLAB,SELL,-2,201.98,75.53,0.8468,197.1,200.55,201.98,188.24,208.85,2.0,Consumer Defensive,74808934400,22.460861,9.07,0.22428,3.247,-37.78 %,0.0 %,161.91,189.54,221.82,Exit / Avoid new positions
SAKAR,HOLD,1,830.0,51.02,-8.6079,847.54,822.59,830.0,674.12,907.94,2.0,Healthcare,18589378560,61.81752,13.7,N/A,21.739,3.13 %,50.0 %,684.98,871.28,1107.67,Monitor weekly; re-evaluate on next earnings or macro event
NEPHROPLUS,HOLD,1,681.65,57.89,3.9803,655.8,664.38,681.65,606.35,719.3,2.0,Healthcare,69365604352,85.371284,8.08,0.09037,7.139,0.57 %,50.0 %,579.23,729.09,917.26,Monitor weekly; re-evaluate on next earnings or macro event
IBULLSLTD,SELL,-2,31.16,60.04,-0.1817,29.56,25.66,31.16,25.88,33.8,2.0,Real Estate,66283216896,15.502619,1.91,N/A,14.753,-19.52 %,25.0 %,24.87,33.33,44.64,Exit / Avoid new positions
EPIGRAL,HOLD,-1,1157.0,67.81,18.5891,1066.64,1122.31,1157.0,986.57,1242.21,2.0,Basic Materials,50496933888,18.665285,62.71,N/A,25.751,-35.37 %,0.0 %,877.0,1122.56,1436.08,Monitor weekly; re-evaluate on next earnings or macro event
AFCONS,STRONG SELL,-6,284.25,28.41,-0.9935,298.69,310.55,284.25,257.49,297.63,2.0,Industrials,103071645696,41.092373,6.82,0.04681,66.542,-30.64 %,0.0 %,226.79,272.82,328.05,Short-to-Medium Term (2–8 weeks)
JUBLPHARMA,STRONG SELL,-8,979.7,50.28,-2.6329,985.46,982.31,979.7,897.14,1020.98,2.0,Healthcare,152598118400,38.415073,25.08,0.05962,50.943,16.32 %,50.0 %,812.93,992.19,1210.45,Short-to-Medium Term (2–8 weeks)
FMCGIETF,BUY,2,53.18,41.81,0.049,52.83,52.85,53.18,55.76,51.89,2.0,,N/A,N/A,N/A,N/A,N/A,-12.27 %,0.0 %,48.76,52.4,56.31,Short Term (1–4 weeks)
INDIGRID,HOLD,-1,177.2,46.08,-0.2961,178.48,174.64,177.2,172.61,179.49,2.0,Unknown,133416214528,N/A,N/A,N/A,N/A,18.5 %,50.0 %,169.92,179.3,189.18,Monitor weekly; re-evaluate on next earnings or macro event
SGMART,HOLD,1,720.65,70.86,6.8136,644.48,613.71,720.65,594.95,783.5,2.0,Industrials,89680347136,72.0922,9.87,N/A,16.781,-4.37 %,0.0 %,638.01,789.71,977.03,Monitor weekly; re-evaluate on next earnings or macro event
MANORAMA,STRONG BUY,5,1658.9,68.28,0.1151,1588.31,1530.35,1658.9,1808.09,1584.31,2.0,Consumer Defensive,103476543488,45.536114,36.0,0.39395002,52.154,37.42 %,40.0 %,1342.01,1737.41,2248.03,Short-to-Medium Term (2–8 weeks)
LINDEINDIA,SELL,-4,6766.5,32.34,-38.5274,7034.82,7079.65,6766.5,6230.46,7034.52,2.0,Basic Materials,568632541184,103.72589,64.28,0.13577,N/A,16.76 %,66.7 %,5631.6,6670.86,7898.95,Exit / Avoid new positions
BAJAJHCARE,STRONG SELL,-8,319.65,45.96,-5.8822,346.33,320.44,319.65,261.15,348.9,2.0,Healthcare,10830960640,45.964287,7.0,N/A,46.734,33.04 %,33.3 %,236.88,314.4,417.02,Short-to-Medium Term (2–8 weeks)
BLS,SELL,-4,237.5,37.4,0.3411,240.08,254.03,237.5,216.62,247.94,2.0,Industrials,96995786752,14.156157,16.65,0.30143,15.468,-14.18 %,50.0 %,181.29,230.08,291.85,Exit / Avoid new positions
RADHIKAJWE,SELL,-2,68.03,77.93,0.3257,61.74,58.77,68.03,54.83,74.63,2.0,Consumer Cyclical,8135373312,10.862776,6.34,0.20758,14.612,-31.65 %,0.0 %,51.23,67.37,88.55,Exit / Avoid new positions
GVPIL,SELL,-3,779.85,34.38,-7.8626,839.98,870.36,779.85,653.52,843.01,2.0,Industrials,50178588672,15.56297,47.96,0.71698,3.02,0.89 %,33.3 %,589.87,792.55,1064.16,Exit / Avoid new positions
EIDPARRY,HOLD,0,771.15,56.3,1.0743,755.37,746.19,771.15,706.5,803.48,2.0,Basic Materials,136678866944,24.05418,31.93,0.099130005,23.647,28.07 %,25.0 %,646.74,763.39,900.76,Monitor weekly; re-evaluate on next earnings or macro event
BAJAJCON,SELL,-3,540.85,35.82,-8.0413,587.42,579.93,540.85,438.79,591.88,2.0,Consumer Defensive,69351800832,31.56659,16.82,N/A,2.092,70.2 %,66.7 %,447.25,559.44,699.43,Exit / Avoid new positions
KPIL,SELL,-4,1298.4,36.74,-6.1851,1334.89,1324.42,1298.4,1195.77,1349.72,2.0,Industrials,216112660480,20.78338,60.89,0.14513999,45.814,-5.47 %,33.3 %,1075.25,1288.36,1543.09,Exit / Avoid new positions
SHYAMMETL,STRONG BUY,6,1035.1,63.61,1.8797,1000.42,978.78,1035.1,1149.76,977.77,2.0,Basic Materials,285841391616,25.57271,40.16,N/A,8.133,-12.54 %,20.0 %,890.13,1053.86,1247.23,Short-to-Medium Term (2–8 weeks)
TEXRAIL,SELL,-4,112.77,40.54,-0.8087,114.1,110.05,112.77,101.19,118.56,2.0,Industrials,44637110272,22.667355,4.84,0.073850006,37.094,-8.99 %,40.0 %,82.94,105.97,135.32,Exit / Avoid new positions
KECL,BUY,2,137.33,73.11,1.5524,120.01,114.19,137.33,158.27,126.86,2.0,Industrials,9492562944,113.4365,1.26,0.06521,76.213,-20.03 %,0.0 %,103.52,132.07,168.4,Medium-to-Long Term (1–6 months)
STYRENIX,BUY,2,2476.0,67.61,20.2149,2322.25,2276.96,2476.0,2741.23,2343.39,2.0,Basic Materials,42963136512,23.479181,103.99,0.14432,40.115,9.81 %,40.0 %,2074.52,2454.13,2902.13,Medium-to-Long Term (1–6 months)
ASKAUTOLTD,BUY,2,514.4,74.46,3.814,474.66,459.54,514.4,559.55,491.82,2.0,Consumer Cyclical,103332290560,34.781025,15.07,0.25258,51.789,-10.55 %,33.3 %,429.83,518.2,624.49,Medium-to-Long Term (1–6 months)
DWARKESH,SELL,-3,42.52,41.47,-0.0579,43.41,43.73,42.52,37.63,44.97,2.0,Consumer Defensive,7675186688,24.951807,1.66,0.037720002,40.6,19.62 %,50.0 %,32.87,40.81,50.65,Exit / Avoid new positions
IONEXCHANG,BUY,3,427.4,56.8,-2.7883,425.58,394.42,427.4,490.85,395.67,2.0,Industrials,51477123072,34.751038,12.05,0.11233,35.976,-31.57 %,20.0 %,337.63,411.39,501.05,Medium-to-Long Term (1–6 months)
AVANTEL,SELL,-3,165.05,33.2,-2.0394,175.21,172.26,165.05,144.86,175.15,2.0,Technology,42492477440,371.90695,0.43,N/A,10.164,-25.29 %,0.0 %,123.6,161.68,211.37,Exit / Avoid new positions
GODREJAGRO,HOLD,-1,574.35,58.06,1.274,564.84,569.87,574.35,539.55,591.75,2.0,Consumer Defensive,111010930688,23.478437,24.58,0.18681,72.751,-32.61 %,16.7 %,474.75,558.42,656.59,Monitor weekly; re-evaluate on next earnings or macro event
EIEL,HOLD,0,218.76,41.7,-2.6073,227.88,209.42,218.76,189.54,233.37,2.0,Industrials,37993467904,20.792507,10.41,0.16886,34.127,-17.19 %,33.3 %,162.58,217.82,291.62,Monitor weekly; re-evaluate on next earnings or macro event
HIRECT,BUY,4,1332.3,77.9,16.9742,1174.88,1128.94,1332.3,1555.47,1220.71,2.0,Industrials,45079191552,100.42113,13.06,0.21110001,118.871,50.62 %,75.0 %,1051.31,1427.26,1936.36,Medium-to-Long Term (1–6 months)
JLHL,HOLD,1,327.0,86.28,1.8791,301.25,280.81,327.0,297.78,341.61,2.0,Healthcare,107626618880,55.456078,5.92,0.1339,37.837,-26.91 %,14.3 %,288.68,330.02,377.16,Monitor weekly; re-evaluate on next earnings or macro event
NACLIND,HOLD,-1,193.1,36.66,-5.3473,216.1,189.65,193.1,147.23,216.03,2.0,Basic Materials,43421683712,370.74,0.5,N/A,45.68,94.81 %,100.0 %,147.87,203.6,280.14,Monitor weekly; re-evaluate on next earnings or macro event
WSTCSTPAPR,STRONG BUY,5,581.7,68.64,3.624,536.44,516.4,581.7,650.1,547.5,2.0,Basic Materials,37667692544,25.013159,22.8,0.037720002,8.243,-13.39 %,25.0 %,477.46,576.32,695.36,Short-to-Medium Term (2–8 weeks)
ORIENTELEC,STRONG SELL,-8,172.98,47.8,-0.0179,174.74,178.86,172.98,149.01,184.96,2.0,Consumer Cyclical,36385148928,33.108738,5.15,N/A,12.281,-32.72 %,0.0 %,136.97,167.22,204.08,Short-to-Medium Term (2–8 weeks)
NUVOCO,HOLD,1,351.15,62.59,1.9243,335.34,325.4,351.15,290.91,381.27,2.0,Basic Materials,125165379584,32.389095,10.82,N/A,48.061,2.18 %,25.0 %,296.1,349.26,411.8,Monitor weekly; re-evaluate on next earnings or macro event
RHIM,STRONG SELL,-5,401.05,60.63,-0.8393,398.77,389.72,401.05,357.1,423.03,2.0,Industrials,80917585920,N/A,-18.53,-0.10132,12.595,-39.71 %,0.0 %,319.06,388.74,473.43,Short-to-Medium Term (2–8 weeks)
STOVEKRAFT,HOLD,-1,795.9,54.6,-6.1569,776.91,700.89,795.9,709.83,838.93,2.0,Consumer Cyclical,26376601600,62.98024,12.65,0.08613,23.223,-19.52 %,33.3 %,629.14,802.43,1022.91,Monitor weekly; re-evaluate on next earnings or macro event
RUSHIL,HOLD,-1,17.64,63.27,0.2089,16.32,16.18,17.64,14.67,19.12,2.01,Consumer Cyclical,5398869504,83.63636,0.22,0.00992,39.929,-24.07 %,40.0 %,12.91,16.8,21.84,Monitor weekly; re-evaluate on next earnings or macro event
IT,SELL,-2,32.74,66.35,0.1486,31.21,31.45,32.74,29.83,34.2,1.99,Unknown,N/A,19.630121,N/A,N/A,N/A,-9.72 %,28.6 %,28.44,32.08,36.16,Exit / Avoid new positions
SETL,HOLD,-1,282.8,60.49,-4.4726,279.69,209.62,282.8,239.78,304.31,2.0,Industrials,54460903424,67.089554,4.02,0.10995,10.365,2.76 %,25.0 %,223.11,293.02,384.6,Monitor weekly; re-evaluate on next earnings or macro event
NAVA,STRONG SELL,-6,564.65,30.01,-3.7803,592.43,599.22,564.65,517.94,588.0,2.0,Industrials,156441788416,19.838362,27.84,0.10309,20.684,-30.31 %,14.3 %,451.38,569.05,717.03,Short-to-Medium Term (2–8 weeks)
INDIAGLYCO,BUY,2,1184.45,69.25,5.6132,1103.12,1027.59,1184.45,1316.3,1118.53,2.0,Basic Materials,76940025856,24.976067,45.96,0.112849995,57.645,-1.32 %,40.0 %,969.25,1226.36,1550.87,Medium-to-Long Term (1–6 months)
CLEAN,STRONG SELL,-6,728.3,29.4,-4.3525,759.25,768.47,728.3,655.82,764.54,2.0,Basic Materials,77596868608,33.754047,21.63,0.15309,0.135,-19.41 %,50.0 %,580.01,693.26,828.29,Short-to-Medium Term (2–8 weeks)
PICCADIL,BUY,2,757.05,75.62,3.0074,690.99,622.67,757.05,844.68,713.23,2.0,Consumer Defensive,72729444352,51.851723,14.23,0.17366,58.89,-18.73 %,0.0 %,625.94,772.03,951.78,Medium-to-Long Term (1–6 months)
JMFINANCIL,STRONG SELL,-8,124.36,35.87,-0.2491,125.75,125.52,124.36,112.93,130.07,2.0,Financial Services,117418983424,9.776892,12.55,0.111269996,102.435,37.41 %,33.3 %,97.98,124.96,159.27,Short-to-Medium Term (2–8 weeks)
MON100,SELL,-2,322.11,44.31,-0.8192,328.51,329.73,322.11,309.27,328.53,2.0,Unknown,N/A,31.951334,N/A,N/A,N/A,103.68 %,75.0 %,291.82,335.01,384.48,Exit / Avoid new positions
BLSE,BUY,2,288.32,64.6,0.0752,265.91,240.1,288.32,325.55,269.7,2.0,Industrials,25621563392,44.578865,6.34,0.12732,1.076,-22.07 %,20.0 %,230.08,290.67,367.03,Medium-to-Long Term (1–6 months)
SULA,SELL,-3,150.85,49.0,0.3279,150.76,154.44,150.85,142.57,154.99,2.0,Consumer Defensive,13322394624,51.72459,3.05,0.043709997,56.679,-15.84 %,25.0 %,118.79,139.71,164.26,Exit / Avoid new positions
GNFC,SELL,-3,513.95,50.26,-0.1674,510.98,518.88,513.95,478.49,531.68,2.0,Basic Materials,75196899328,9.306237,54.99,0.091350004,0.066,5.73 %,50.0 %,426.19,502.48,592.2,Exit / Avoid new positions
SASKEN,SELL,-3,1819.0,36.81,-23.5469,1989.54,2103.06,1819.0,1533.13,1961.93,2.0,Technology,26457868288,49.11756,35.47,0.06988,3.212,33.3 %,50.0 %,1404.25,1812.51,2338.14,Exit / Avoid new positions
MANBA,SELL,-2,146.37,67.19,-0.1173,138.0,126.53,146.37,132.27,153.42,2.0,Financial Services,6901387264,14.118192,9.73,0.1165,379.637,-20.81 %,20.0 %,119.73,145.19,175.98,Exit / Avoid new positions
DREDGECORP,BUY,2,1064.9,52.73,0.2613,1042.05,1092.72,1064.9,1176.77,1008.97,2.0,Industrials,29803200512,200.07518,5.32,0.0038800002,88.388,9.15 %,60.0 %,781.89,1045.54,1397.21,Medium-to-Long Term (1–6 months)
RELAXO,HOLD,0,401.4,52.49,-2.3507,400.01,363.72,401.4,333.03,435.58,2.0,Consumer Cyclical,97571487744,54.513214,7.19,0.0833,10.545,-3.21 %,50.0 %,313.38,380.95,462.9,Monitor weekly; re-evaluate on next earnings or macro event
GENESYS,STRONG SELL,-6,300.55,32.02,-5.5786,322.9,305.33,300.55,250.99,325.33,2.0,Technology,11966673920,36.246838,7.9,0.051960003,24.515,-14.88 %,33.3 %,205.68,283.01,389.15,Short-to-Medium Term (2–8 weeks)
TRANSRAILL,STRONG SELL,-7,485.0,37.31,-2.3784,501.37,499.06,485.0,451.58,501.71,2.0,Industrials,64590577664,16.101072,29.88,0.19392,29.726,-1.44 %,33.3 %,373.87,476.82,607.8,Short-to-Medium Term (2–8 weeks)
WEBELSOLAR,HOLD,-1,99.01,43.77,0.0338,100.99,104.08,99.01,88.15,104.44,2.0,Technology,43181895680,14.249284,6.98,0.66685,20.729,22.45 %,50.0 %,74.28,101.22,137.83,Monitor weekly; re-evaluate on next earnings or macro event
WAAREEINDO,STRONG SELL,-6,335.05,24.52,-4.3622,381.19,391.12,335.05,294.64,355.25,2.0,Technology,13267417088,7.9725,40.0,N/A,1.07,25.14 %,50.0 %,244.24,332.43,452.15,Short-to-Medium Term (2–8 weeks)
JAMNAAUTO,BUY,3,135.06,49.53,-0.4929,134.29,128.04,135.06,149.19,128.0,2.0,Consumer Cyclical,52758036480,22.859617,5.77,0.21584,13.054,-4.58 %,40.0 %,109.74,134.13,163.87,Medium-to-Long Term (1–6 months)
SHRINGARMS,HOLD,-1,220.18,35.34,-1.4529,225.23,216.79,220.18,200.71,229.92,2.0,Consumer Cyclical,21186127872,16.225996,13.54,0.26288998,27.898,-19.79 %,0.0 %,179.1,224.25,280.65,Monitor weekly; re-evaluate on next earnings or macro event
KPIGREEN,STRONG SELL,-7,392.45,42.4,-0.8618,400.78,407.48,392.45,362.24,407.56,2.0,Utilities,76499050496,16.08479,24.06,0.17253,158.765,-42.46 %,16.7 %,298.13,378.93,481.36,Short-to-Medium Term (2–8 weeks)
WEWORK,SELL,-2,724.4,47.13,-4.6435,718.28,654.76,724.4,623.3,774.95,2.0,Real Estate,98412937216,116.79276,6.08,N/A,1854.959,-1.02 %,0.0 %,596.4,735.96,907.75,Exit / Avoid new positions
NESCO,STRONG SELL,-6,1008.3,16.97,-5.516,1087.66,1124.61,1008.3,925.32,1049.79,2.0,Industrials,73884311552,17.745811,59.09,N/A,9.068,25.53 %,20.0 %,848.26,1008.65,1198.91,Short-to-Medium Term (2–8 weeks)
CSBBANK,STRONG SELL,-7,337.25,40.86,-2.0527,352.97,356.42,337.25,298.34,356.7,2.0,Financial Services,57486798848,8.854085,38.31,N/A,N/A,-35.16 %,20.0 %,273.45,334.88,409.93,Short-to-Medium Term (2–8 weeks)
GNA,BUY,3,511.85,57.64,-5.0438,500.82,431.87,511.85,624.35,455.6,2.0,Consumer Cyclical,21935493120,16.60546,30.77,0.12285,N/A,-49.55 %,0.0 %,413.7,514.63,639.88,Medium-to-Long Term (1–6 months)
YATHARTH,HOLD,0,843.9,55.23,-0.6793,843.46,835.28,843.9,771.03,880.34,2.0,Healthcare,80354721792,45.746025,18.23,0.09889,14.614,88.07 %,100.0 %,708.33,869.77,1067.53,Monitor weekly; re-evaluate on next earnings or macro event
GOLDETF,HOLD,1,139.4,49.52,0.5507,138.27,143.13,139.4,133.61,142.3,2.0,Unknown,N/A,N/A,N/A,N/A,N/A,69.39 %,66.7 %,127.95,144.98,164.23,Monitor weekly; re-evaluate on next earnings or macro event
ARVIND,BUY,2,523.45,41.82,-4.5365,540.02,516.91,523.45,575.2,497.58,2.0,Consumer Cyclical,134045114368,32.343452,15.81,0.10657,40.071,-24.0 %,25.0 %,428.73,530.92,657.16,Medium-to-Long Term (1–6 months)
NIACL,SELL,-2,165.57,26.19,-2.1619,179.33,171.49,165.57,148.68,174.01,2.0,Financial Services,268739379200,34.91863,4.67,N/A,N/A,-20.91 %,20.0 %,127.39,159.37,199.28,Exit / Avoid new positions
KALAMANDIR,STRONG SELL,-6,87.34,16.23,-1.108,97.57,103.18,87.34,77.44,92.29,2.0,Consumer Cyclical,12947642368,9.489201,9.26,N/A,28.658,-30.29 %,20.0 %,65.64,83.25,105.53,Short-to-Medium Term (2–8 weeks)
PACEDIGITK,SELL,-2,197.8,38.24,-2.1998,206.26,196.66,197.8,173.86,209.77,2.0,Technology,41849257984,12.831238,15.11,0.17754999,43.556,-5.9 %,0.0 %,154.47,193.7,242.77,Exit / Avoid new positions
SAMBHV,SELL,-2,121.69,68.38,-0.2278,116.87,111.32,121.69,107.14,128.97,2.0,Basic Materials,35298689024,23.72079,5.05,0.18355,35.435,-17.2 %,0.0 %,97.5,123.92,157.41,Exit / Avoid new positions
SOLARA,STRONG SELL,-6,505.0,29.78,-8.979,558.95,562.15,505.0,414.07,550.47,2.0,Healthcare,24460728320,N/A,-0.61,N/A,54.682,-29.97 %,16.7 %,389.12,496.11,632.17,Short-to-Medium Term (2–8 weeks)
JAYBARMARU,BUY,2,169.42,39.47,-4.2576,177.01,153.63,169.42,203.35,152.45,2.0,Consumer Cyclical,17433663488,12.494182,12.89,0.22193001,76.31,-27.67 %,25.0 %,130.87,171.52,224.66,Medium-to-Long Term (1–6 months)
ABREL,STRONG SELL,-6,1400.2,48.53,-8.5725,1411.95,1324.23,1400.2,1260.13,1470.24,2.0,Real Estate,153891176448,N/A,-29.54,-0.08911,152.371,-20.21 %,20.0 %,1079.76,1348.97,1684.48,Short-to-Medium Term (2–8 weeks)
PVTBANIETF,SELL,-3,27.66,37.73,-0.1436,28.2,27.58,27.66,25.62,28.68,2.0,Unknown,N/A,N/A,N/A,N/A,N/A,0.54 %,33.3 %,25.55,27.72,30.08,Exit / Avoid new positions
WHIRLPOOL,SELL,-3,794.8,46.8,1.2833,787.31,803.4,794.8,738.13,823.13,2.0,Consumer Cyclical,99048636416,33.739735,23.13,0.072459996,8.621,-42.54 %,20.0 %,604.84,744.04,914.85,Exit / Avoid new positions
IGIL,STRONG SELL,-7,329.7,35.67,-1.2276,347.77,356.59,329.7,297.39,345.86,2.0,Basic Materials,142072496128,27.766047,11.84,N/A,9.594,-15.85 %,40.0 %,251.85,314.8,393.3,Short-to-Medium Term (2–8 weeks)
EMAMILTD,SELL,-4,414.1,48.76,-0.3355,413.34,405.72,414.1,378.61,431.85,2.0,Consumer Defensive,177699160064,22.922297,17.76,0.2761,5.541,-19.32 %,0.0 %,336.31,396.16,466.49,Exit / Avoid new positions
BALRAMCHIN,STRONG BUY,6,611.65,67.61,1.9266,585.95,556.64,611.65,668.77,583.09,2.0,Consumer Defensive,127869476864,32.557827,18.59,0.095410004,76.606,-14.05 %,50.0 %,512.24,618.12,745.59,Short-to-Medium Term (2–8 weeks)
LMW,HOLD,0,16140.0,58.13,-28.1732,15963.5,15803.26,16140.0,14558.13,16930.94,2.0,Industrials,169314861056,97.227165,163.01,N/A,N/A,-12.55 %,40.0 %,13750.41,16101.13,18847.17,Monitor weekly; re-evaluate on next earnings or macro event
SBCL,BUY,3,742.25,54.67,-0.5324,742.18,731.91,742.25,834.47,696.14,2.0,Industrials,42033786880,43.878536,16.63,0.21614,14.779,-21.16 %,25.0 %,587.1,742.84,939.42,Medium-to-Long Term (1–6 months)
MAHLOG,STRONG BUY,5,419.1,64.1,2.0659,391.54,368.45,419.1,473.43,391.94,2.0,Industrials,40720904192,97.02128,4.23,N/A,46.725,-25.8 %,20.0 %,338.53,410.9,498.53,Short-to-Medium Term (2–8 weeks)
ALPL30IETF,SELL,-2,27.97,52.24,-0.0091,27.67,27.08,27.97,27.04,28.43,2.02,,N/A,N/A,N/A,N/A,N/A,-15.44 %,20.0 %,25.85,27.77,29.83,Exit / Avoid new positions
SAPPHIRE,SELL,-4,187.09,47.25,-0.1123,183.11,181.47,187.09,167.05,197.11,2.0,Consumer Cyclical,59277471744,N/A,-0.49,N/A,102.058,-21.26 %,40.0 %,146.64,180.2,221.33,Exit / Avoid new positions
OSWALPUMPS,STRONG SELL,-6,349.2,22.25,-7.5619,397.32,395.36,349.2,305.49,371.06,2.0,Industrials,39291785216,9.917985,34.75,0.3508,14.111,-18.4 %,0.0 %,255.28,325.37,414.47,Short-to-Medium Term (2–8 weeks)
SMALLCAP,SELL,-3,46.91,49.43,-0.1276,47.03,46.03,46.91,44.54,48.09,2.01,Unknown,N/A,27.354439,N/A,N/A,N/A,-3.14 %,60.0 %,41.67,46.39,51.64,Exit / Avoid new positions
COHANCE,STRONG SELL,-6,428.0,43.49,-3.1127,442.06,435.19,428.0,372.86,455.57,2.0,Healthcare,162890825728,91.16702,4.67,0.03836,9.928,-15.93 %,25.0 %,322.85,406.63,511.89,Short-to-Medium Term (2–8 weeks)
STAR,SELL,-2,1043.0,28.24,-5.3863,1075.21,1087.61,1043.0,928.19,1100.4,2.0,Healthcare,96016310272,17.249544,60.39,0.20033,55.821,29.33 %,37.5 %,711.8,1032.79,1497.3,Exit / Avoid new positions
ABDL,HOLD,0,624.3,28.2,-5.5775,643.39,609.18,624.3,554.46,659.22,2.0,Consumer Defensive,173504200704,78.22194,7.93,N/A,68.251,83.25 %,66.7 %,521.7,646.93,801.84,Monitor weekly; re-evaluate on next earnings or macro event
IRB,STRONG SELL,-6,19.62,28.06,-0.0565,20.31,20.91,19.62,18.66,20.1,2.0,Industrials,234917117952,27.785715,0.7,0.04171,95.6,-15.11 %,40.0 %,15.97,18.91,22.38,Short-to-Medium Term (2–8 weeks)
RAILTEL,STRONG SELL,-6,288.55,28.3,-1.6093,301.9,310.55,288.55,266.98,299.34,2.0,Communication Services,91964891136,28.944445,9.9,0.16254,2.817,-23.23 %,20.0 %,219.92,276.98,348.67,Short-to-Medium Term (2–8 weeks)
INDSWFTLAB,BUY,2,239.91,63.45,-2.1438,226.34,187.64,239.91,278.76,220.49,2.0,Healthcare,20549885952,48.723713,4.85,0.032390002,1.481,21.14 %,66.7 %,186.14,245.44,323.45,Medium-to-Long Term (1–6 months)
FISCHER,STRONG SELL,-6,37.7,51.12,-0.1827,38.82,36.77,37.7,33.32,39.89,2.0,Healthcare,24131983360,81.933334,0.45,0.08625,27.698,-36.94 %,0.0 %,25.58,34.4,46.23,Short-to-Medium Term (2–8 weeks)
ONWARDTEC,HOLD,-1,292.75,58.67,-0.026,285.49,271.66,292.75,245.17,316.54,2.0,Technology,6498810368,15.644138,18.94,N/A,15.717,-6.67 %,50.0 %,220.4,283.08,363.38,Monitor weekly; re-evaluate on next earnings or macro event
CENTUM,SELL,-3,3503.1,46.54,-27.5734,3644.58,3516.23,3503.1,3114.03,3697.63,2.0,Technology,50943361024,50.591423,68.31,0.28000998,37.984,-11.22 %,25.0 %,2746.92,3632.7,4801.16,Exit / Avoid new positions
PATELENG,STRONG SELL,-6,27.98,14.6,-0.5782,31.28,29.64,27.98,24.53,29.71,1.99,Industrials,25843589120,9.528169,2.84,0.0655,27.377,-34.46 %,14.3 %,21.58,26.56,32.67,Short-to-Medium Term (2–8 weeks)
LUMAXTECH,HOLD,-1,1493.9,50.28,7.2669,1483.69,1576.73,1493.9,1334.99,1573.36,2.0,Consumer Cyclical,101507268608,36.386513,40.93,0.24350001,83.409,-0.65 %,22.2 %,1210.69,1571.16,2037.78,Monitor weekly; re-evaluate on next earnings or macro event
SILVER1,SELL,-2,21.57,44.54,0.1705,21.48,22.94,21.57,19.68,22.52,1.99,Unknown,N/A,N/A,N/A,N/A,N/A,105.53 %,33.3 %,7.89,19.39,47.59,Exit / Avoid new positions
DEVYANI,HOLD,-1,116.06,49.23,0.2452,112.48,113.31,116.06,106.97,120.61,2.0,Consumer Cyclical,140209913856,N/A,-0.31,-0.025880001,203.327,-41.19 %,0.0 %,92.64,112.41,136.34,Monitor weekly; re-evaluate on next earnings or macro event
QUADFUTURE,SELL,-2,362.7,23.22,-10.8116,417.82,379.35,362.7,295.14,396.48,2.0,Industrials,13831999488,N/A,-10.7,-0.15451,10.233,-41.17 %,0.0 %,251.13,353.51,497.27,Exit / Avoid new positions
RAYMONDLSL,STRONG SELL,-6,705.6,21.26,-2.957,740.53,755.23,705.6,653.91,731.45,2.0,Consumer Cyclical,43075616768,92.814964,7.62,0.0047999998,22.681,-15.62 %,25.0 %,502.84,640.74,816.02,Short-to-Medium Term (2–8 weeks)
GANESHHOU,HOLD,-1,819.85,42.86,-6.9809,822.08,772.91,819.85,715.9,871.83,2.0,Real Estate,64378998784,24.27067,31.81,N/A,13.079,-2.76 %,50.0 %,650.03,808.52,1005.18,Monitor weekly; re-evaluate on next earnings or macro event
APTUS,SELL,-2,279.05,45.27,-2.4003,288.94,273.7,279.05,252.35,292.4,2.0,Financial Services,140872990720,14.930997,18.84,0.20113,156.2,-28.45 %,0.0 %,232.96,275.49,325.68,Exit / Avoid new positions
CMSINFO,SELL,-3,272.6,54.88,1.372,271.56,289.02,272.6,245.51,286.15,2.0,Industrials,43465216000,14.871303,18.26,0.12913,9.102,-15.2 %,50.0 %,220.41,259.07,304.4,Exit / Avoid new positions
CHALET,HOLD,-1,846.5,57.99,-3.7435,835.3,804.95,846.5,777.65,880.92,2.0,Consumer Cyclical,184863899648,28.654108,29.46,0.19132,64.041,-11.02 %,60.0 %,714.58,843.74,995.88,Monitor weekly; re-evaluate on next earnings or macro event
MID150BEES,HOLD,-1,237.47,50.93,-0.4636,237.25,234.3,237.47,227.12,242.65,2.0,,N/A,N/A,N/A,N/A,N/A,-9.74 %,33.3 %,217.37,237.82,260.15,Monitor weekly; re-evaluate on next earnings or macro event
WANBURY,STRONG BUY,6,329.25,71.36,0.6499,310.64,287.87,329.25,389.88,298.94,2.0,Healthcare,10916815872,16.080803,19.43,N/A,N/A,-45.04 %,20.0 %,251.05,335.0,446.74,Short-to-Medium Term (2–8 weeks)
TRIDENT,STRONG SELL,-8,25.08,35.86,-0.0855,25.61,25.15,25.08,23.13,26.05,2.01,Consumer Cyclical,126268579840,31.769234,0.78,N/A,38.323,-29.29 %,40.0 %,20.43,24.33,28.96,Short-to-Medium Term (2–8 weeks)
AIMTRON,BUY,3,1339.3,56.58,-9.1952,1322.4,1259.2,1339.3,1519.57,1249.16,2.0,Unknown,11131658240,N/A,N/A,N/A,N/A,43.85 %,75.0 %,1050.38,1402.81,1872.31,Medium-to-Long Term (1–6 months)
JARO,STRONG SELL,-8,478.55,31.23,-3.1092,500.04,530.42,478.55,434.09,500.78,2.0,Consumer Defensive,10804478976,19.57039,24.79,0.19894,2.159,-4.27 %,0.0 %,330.18,444.4,597.74,Short-to-Medium Term (2–8 weeks)
VIJAYA,HOLD,1,1350.8,52.19,-8.3249,1357.12,1321.03,1350.8,1200.41,1425.99,2.0,Healthcare,139984191488,81.1403,16.75,0.19698,44.15,-25.47 %,14.3 %,1111.82,1386.08,1727.14,Monitor weekly; re-evaluate on next earnings or macro event
COSMOFIRST,BUY,2,909.2,64.0,4.8635,837.97,792.03,909.2,1003.19,862.21,2.0,Consumer Cyclical,23110545408,14.9279,59.64,0.10119,103.944,26.6 %,33.3 %,695.94,904.71,1175.42,Medium-to-Long Term (1–6 months)
FACT,STRONG SELL,-6,819.55,28.78,-3.2525,847.33,875.57,819.55,756.19,851.23,2.0,Basic Materials,528657809408,N/A,-0.57,N/A,295.147,-0.27 %,40.0 %,636.32,803.55,1014.21,Short-to-Medium Term (2–8 weeks)
RAJRATAN,STRONG BUY,6,504.5,58.71,0.966,478.19,450.7,504.5,592.7,460.4,2.0,Basic Materials,24697552896,31.003826,15.69,N/A,49.797,22.43 %,100.0 %,390.22,495.84,629.72,Short-to-Medium Term (2–8 weeks)
CHAMBLFERT,STRONG SELL,-6,439.7,29.09,-2.4491,454.65,463.53,439.7,412.4,453.35,2.0,Basic Materials,175645966336,8.990976,48.76,0.20451,10.274,-23.3 %,28.6 %,364.56,433.92,516.28,Short-to-Medium Term (2–8 weeks)
OPTIEMUS,BUY,3,610.45,72.72,1.3584,560.01,483.23,610.45,694.69,568.33,2.0,Technology,55270486016,83.78891,7.39,0.087139994,45.355,-21.05 %,25.0 %,462.99,616.93,821.52,Medium-to-Long Term (1–6 months)
INDIACEM,HOLD,1,398.35,58.62,2.2533,389.1,388.39,398.35,355.54,419.75,2.0,Basic Materials,120844869632,130.41806,2.99,N/A,12.888,-7.22 %,50.0 %,333.29,397.93,474.93,Monitor weekly; re-evaluate on next earnings or macro event
JBMA,STRONG SELL,-5,665.0,46.6,-3.4184,679.94,673.92,665.0,611.72,691.64,2.0,Consumer Cyclical,155861549056,71.32576,9.24,0.15988,190.282,-24.69 %,0.0 %,506.24,642.75,815.64,Short-to-Medium Term (2–8 weeks)
VENUSPIPES,BUY,3,1688.0,31.75,-23.7618,1756.89,1585.21,1688.0,1903.67,1580.16,2.0,Basic Materials,34417745920,33.590782,49.46,0.16994,42.948,-29.86 %,20.0 %,1306.92,1649.68,2081.27,Medium-to-Long Term (1–6 months)
JKLAKSHMI,STRONG SELL,-5,574.2,50.71,1.667,574.79,591.44,574.2,535.77,593.42,2.0,Basic Materials,69887107072,16.961435,33.19,0.11098,66.59,-15.7 %,20.0 %,478.01,557.14,649.14,Short-to-Medium Term (2–8 weeks)
TINNARUBR,BUY,2,1139.3,69.94,9.3899,1010.42,913.13,1139.3,1386.29,1015.8,2.0,Basic Materials,19882188800,32.184307,34.29,N/A,42.978,-15.55 %,0.0 %,907.33,1143.61,1440.68,Medium-to-Long Term (1–6 months)
APOLLOTYRE,SELL,-2,419.95,15.25,-3.1959,434.99,414.71,419.95,390.1,434.88,2.0,Consumer Cyclical,268119588864,19.5593,21.67,0.08719,21.987,-15.8 %,50.0 %,355.1,411.36,476.39,Exit / Avoid new positions
CRAMC,BUY,2,262.87,58.79,0.4195,256.87,251.21,262.87,299.53,244.54,2.0,Financial Services,52329127936,23.942518,10.96,N/A,2.358,-32.0 %,0.0 %,205.34,255.86,318.66,Short Term (1–4 weeks)
PGHH,SELL,-3,8993.5,49.53,38.4121,8903.88,9153.79,8993.5,8642.83,9168.83,2.0,Consumer Defensive,291270197248,34.051838,263.51,1.14931,0.115,-8.1 %,0.0 %,7752.89,8621.28,9584.69,Exit / Avoid new positions
PFOCUS,STRONG BUY,5,287.75,76.48,2.9499,262.42,244.92,287.75,326.39,268.43,2.0,Communication Services,224584368128,73.97187,3.91,0.13137001,224.567,-5.87 %,40.0 %,223.28,297.38,395.83,Short-to-Medium Term (2–8 weeks)
IRCON,STRONG SELL,-7,126.48,30.17,-0.252,130.39,134.46,126.48,117.9,130.77,2.0,Industrials,117113012224,19.70253,6.32,0.09084,85.833,-27.62 %,20.0 %,94.71,119.29,150.17,Short-to-Medium Term (2–8 weeks)
INDOBORAX,HOLD,1,406.6,49.49,-8.7351,424.11,380.87,406.6,292.45,463.68,2.0,Basic Materials,12693198848,25.27476,15.65,0.13925,0.37,-4.64 %,20.0 %,329.74,422.77,541.75,Monitor weekly; re-evaluate on next earnings or macro event
GROWWPOWER,STRONG SELL,-8,11.73,49.57,-0.0022,11.84,12.07,11.73,10.89,12.15,2.0,Unknown,N/A,23.620977,N/A,N/A,N/A,9.37 %,100.0 %,11.05,12.43,13.98,Short-to-Medium Term (2–8 weeks)
GPPL,STRONG SELL,-7,148.31,37.76,-0.3835,151.67,153.59,148.31,139.49,152.72,2.0,Industrials,71736221696,13.914635,10.66,0.21802999,1.544,14.52 %,75.0 %,121.82,143.66,169.35,Short-to-Medium Term (2–8 weeks)
AEROENTER,HOLD,1,122.1,50.67,-0.6856,124.58,116.44,122.1,102.06,132.12,2.0,Basic Materials,13694000128,21.304579,5.68,0.09559,4.218,-4.23 %,50.0 %,94.17,122.65,159.64,Monitor weekly; re-evaluate on next earnings or macro event
TVSHLTD,BUY,2,14694.0,62.72,66.311,14182.1,13747.16,14694.0,16034.79,14023.6,2.0,Consumer Cyclical,298504454144,15.144578,974.21,N/A,289.853,34.29 %,40.0 %,12256.81,14673.23,17559.08,Medium-to-Long Term (1–6 months)
FINOPB,HOLD,0,166.46,65.64,0.8399,154.33,143.3,166.46,126.83,186.28,2.0,Financial Services,13568760832,25.9221,6.29,0.067600004,N/A,-6.91 %,66.7 %,118.85,159.28,213.31,Monitor weekly; re-evaluate on next earnings or macro event
GALLANTT,STRONG SELL,-6,547.25,28.66,-14.9886,642.41,665.3,547.25,458.27,591.74,2.0,Basic Materials,138640031744,28.615538,20.08,N/A,N/A,71.21 %,33.3 %,429.08,561.68,734.84,Short-to-Medium Term (2–8 weeks)
MOREALTY,HOLD,0,90.38,54.07,-0.5885,89.74,82.97,90.38,82.49,94.32,2.0,Unknown,N/A,39.698895,N/A,N/A,N/A,-21.96 %,20.0 %,77.08,88.97,102.67,Monitor weekly; re-evaluate on next earnings or macro event
CANFINHOME,STRONG SELL,-5,812.8,24.82,-12.1859,878.81,861.87,812.8,728.68,854.86,2.0,Financial Services,108793954304,9.628211,84.86,N/A,636.585,31.15 %,40.0 %,694.21,806.82,937.38,Short-to-Medium Term (2–8 weeks)
KRN,BUY,3,1244.6,51.75,-2.9338,1239.09,1197.03,1244.6,1386.98,1173.41,2.0,Technology,80297926656,99.5698,12.32,0.14258,32.633,3.41 %,40.0 %,985.07,1315.39,1755.35,Medium-to-Long Term (1–6 months)
ELGIEQUIP,SELL,-4,578.85,45.47,-0.608,584.83,589.61,578.85,526.86,604.85,2.0,Industrials,179514261504,41.871323,13.6,0.20998,23.885,-4.92 %,42.9 %,464.92,568.33,694.44,Exit / Avoid new positions
RCF,STRONG SELL,-7,126.27,35.91,-0.6377,129.24,129.46,126.27,117.48,130.66,2.0,Basic Materials,69678211072,16.296774,7.75,0.08665,80.607,-18.96 %,16.7 %,99.47,121.57,148.51,Short-to-Medium Term (2–8 weeks)
PNGSREVA,SELL,-3,414.1,50.72,-0.2964,408.91,395.9,414.1,355.81,443.25,2.0,Consumer Cyclical,13438536704,14.922563,28.41,0.21013,32.942,4.22 %,100.0 %,321.07,411.9,528.14,Exit / Avoid new positions
SMCGLOBAL,BUY,2,76.31,60.81,-0.346,75.31,70.14,76.31,86.72,71.11,2.0,Financial Services,16724779008,16.400412,4.87,0.081750005,163.316,-9.22 %,16.7 %,60.48,75.61,94.48,Medium-to-Long Term (1–6 months)
EMSLIMITED,SELL,-2,401.75,49.75,-6.7785,421.15,370.79,401.75,342.59,431.33,2.0,Industrials,21598707712,23.847334,16.31,0.08956,14.575,-48.17 %,0.0 %,295.06,382.15,494.67,Exit / Avoid new positions
LTFOODS,STRONG SELL,-8,376.4,44.49,-0.4682,380.32,384.95,376.4,349.16,390.02,2.0,Consumer Defensive,128535666688,20.57532,17.99,0.14936,28.488,-22.78 %,20.0 %,304.04,380.26,475.36,Short-to-Medium Term (2–8 weeks)
BHARATSE,HOLD,-1,211.85,36.86,-4.3664,229.71,202.98,211.85,167.33,234.11,2.0,Consumer Cyclical,13221911552,31.330357,6.72,0.1991,47.94,16.44 %,33.3 %,167.87,228.22,310.05,Monitor weekly; re-evaluate on next earnings or macro event
V2RETAIL,SELL,-4,223.46,41.44,-0.1115,224.71,229.89,223.46,202.85,233.77,2.0,Consumer Cyclical,80902127616,48.44323,4.58,0.25959,110.224,2.02 %,60.0 %,186.32,235.18,296.71,Exit / Avoid new positions
TURTLEMINT,STRONG SELL,-6,125.92,41.07,-1.1411,135.17,,125.92,102.58,137.59,2.0,Financial Services,N/A,N/A,-8.76,-0.51498,6.062,N/A,N/A,86.11,112.12,145.9,Short-to-Medium Term (2–8 weeks)
AKUMS,BUY,3,675.6,57.91,-2.4628,666.88,607.87,675.6,755.82,635.49,2.0,Healthcare,101376532480,39.67346,16.69,0.08019,5.756,-28.5 %,25.0 %,537.56,664.78,821.73,Medium-to-Long Term (1–6 months)
ROLEXRINGS,SELL,-4,137.92,46.9,-1.3919,145.86,143.55,137.92,116.05,148.85,2.0,Industrials,37462142976,26.504816,5.19,0.123459995,N/A,-32.07 %,0.0 %,108.23,132.48,162.09,Exit / Avoid new positions
PANACEABIO,SELL,-2,433.1,25.35,-15.9893,523.31,506.11,433.1,351.71,473.8,2.0,Healthcare,25382307840,N/A,-0.87,N/A,2.786,8.77 %,50.0 %,334.67,459.49,630.42,Exit / Avoid new positions
AADHARHFC,HOLD,-1,502.0,26.22,-4.946,522.56,498.23,502.0,458.5,523.75,2.0,Financial Services,217728286720,20.115152,24.75,0.15753001,255.574,15.43 %,75.0 %,424.66,502.31,593.93,Monitor weekly; re-evaluate on next earnings or macro event
VGUARD,STRONG SELL,-7,294.4,34.1,-0.9557,301.58,304.37,294.4,276.64,303.28,2.0,Industrials,127681404928,41.69044,7.01,0.13793,6.964,-18.07 %,0.0 %,248.37,285.43,327.93,Short-to-Medium Term (2–8 weeks)
GOCOLORS,STRONG SELL,-7,329.4,40.77,-3.1251,346.51,351.55,329.4,285.33,351.44,2.0,Consumer Cyclical,16496730112,28.591612,10.97,0.08529,77.141,-19.11 %,33.3 %,244.02,303.13,376.37,Short-to-Medium Term (2–8 weeks)
UNIMECH,SELL,-2,1203.2,54.38,-5.8786,1208.54,1121.18,1203.2,1036.07,1286.77,2.0,Industrials,60105080832,95.302666,12.39,0.09,17.186,10.42 %,50.0 %,917.53,1182.27,1522.54,Exit / Avoid new positions
MUTHOOTMF,STRONG BUY,5,255.03,69.43,0.6063,233.61,207.34,255.03,294.03,235.53,2.0,Financial Services,42916392960,25.202957,10.15,0.062069997,341.252,-28.33 %,50.0 %,205.21,254.34,315.1,Short-to-Medium Term (2–8 weeks)
VADILALIND,HOLD,0,6761.5,59.88,-25.6249,6543.12,5921.59,6761.5,6122.62,7080.94,2.0,Consumer Defensive,48456757248,31.255505,215.69,0.20063,26.996,-5.08 %,20.0 %,5458.85,6902.32,8722.96,Monitor weekly; re-evaluate on next earnings or macro event
SUPRIYA,STRONG SELL,-5,844.9,50.6,-4.6149,880.34,891.19,844.9,755.62,889.54,2.0,Healthcare,66808770560,32.00077,25.94,0.19059,0.454,-1.4 %,28.6 %,672.38,876.32,1141.45,Short-to-Medium Term (2–8 weeks)
MIDHANI,SELL,-2,397.1,33.87,-2.3422,412.71,419.32,397.1,363.2,414.05,2.0,Basic Materials,73390448640,55.72546,7.03,0.08922,26.557,10.51 %,40.0 %,308.29,389.27,491.26,Exit / Avoid new positions
3MINDIA,HOLD,0,35195.0,49.54,-101.2898,35083.0,33579.3,35195.0,32319.29,36632.86,2.0,Industrials,395291295744,75.53221,464.57,0.289,9.6,-16.75 %,25.0 %,30170.55,34840.46,40220.43,Monitor weekly; re-evaluate on next earnings or macro event
SJVN,STRONG SELL,-6,68.04,20.44,-0.1909,70.27,72.07,68.04,64.74,69.69,2.0,Utilities,265850650624,41.503067,1.63,0.04514,226.528,-15.31 %,25.0 %,53.7,64.51,77.47,Short-to-Medium Term (2–8 weeks)
MGL,STRONG SELL,-8,1098.0,40.79,-4.2693,1113.24,1117.31,1098.0,1019.97,1137.02,2.0,Utilities,106551582720,12.660798,85.2,0.13627,3.461,-45.8 %,14.3 %,880.97,1058.7,1271.77,Short-to-Medium Term (2–8 weeks)
VMART,SELL,-2,714.95,27.66,-8.6499,768.74,730.1,714.95,630.65,757.1,2.0,Consumer Cyclical,56828768256,41.44806,17.23,N/A,100.682,-30.95 %,0.0 %,570.97,703.22,865.72,Exit / Avoid new positions
IXIGO,STRONG SELL,-5,195.99,35.93,-3.1071,203.32,184.77,195.99,169.29,209.34,2.0,Consumer Cyclical,84193763328,111.587204,1.72,0.053260002,2.15,27.54 %,50.0 %,148.7,195.41,256.63,Short-to-Medium Term (2–8 weeks)
EMBDL,STRONG SELL,-5,62.17,51.06,-0.4123,63.35,62.05,62.17,55.06,65.73,2.0,Real Estate,86348873728,N/A,-6.43,-0.090459995,53.414,-45.97 %,0.0 %,44.59,58.83,77.56,Short-to-Medium Term (2–8 weeks)
GLOBUSSPR,STRONG SELL,-6,889.45,46.19,-7.0117,915.34,887.17,889.45,780.85,943.75,2.0,Consumer Defensive,25423486976,10.060414,86.9,N/A,48.422,-37.38 %,20.0 %,694.4,884.1,1125.02,Short-to-Medium Term (2–8 weeks)
UFBL,BUY,3,699.35,48.38,-12.1562,695.55,609.46,699.35,814.49,641.78,2.0,Consumer Cyclical,27346792448,N/A,-15.11,-0.17889,275.522,-34.71 %,0.0 %,525.54,703.9,942.19,Medium-to-Long Term (1–6 months)
GANECOS,BUY,3,1212.1,67.17,4.9233,1117.02,1007.56,1212.1,1372.9,1131.7,2.0,Consumer Cyclical,31696486400,82.132454,14.42,0.0315,38.851,30.07 %,75.0 %,917.53,1183.75,1526.36,Medium-to-Long Term (1–6 months)
BLACKBUCK,STRONG SELL,-5,547.6,38.91,-4.4259,562.45,545.16,547.6,489.07,576.87,2.0,Technology,98955886592,62.020546,8.76,0.12059,4.164,9.89 %,20.0 %,441.64,573.53,744.38,Short-to-Medium Term (2–8 weeks)
JSWCEMENT,SELL,-4,134.41,46.85,-0.9084,137.04,132.4,134.41,123.55,139.84,2.0,Basic Materials,180023214080,N/A,-6.2,-0.17950001,68.39,-11.72 %,0.0 %,112.61,132.38,155.56,Exit / Avoid new positions
RTNPOWER,STRONG SELL,-7,8.63,38.66,-0.0152,8.87,9.17,8.63,7.88,9.01,1.97,Utilities,45699600384,40.52381,0.21,N/A,80.012,-6.73 %,25.0 %,6.53,8.24,10.41,Short-to-Medium Term (2–8 weeks)
ABFRL,STRONG SELL,-8,57.05,37.02,-0.2066,58.82,60.6,57.05,52.22,59.46,2.0,Consumer Cyclical,68991270912,N/A,-6.38,-0.12693,98.822,-72.44 %,0.0 %,32.2,50.57,79.33,Short-to-Medium Term (2–8 weeks)
RELIGARE,HOLD,-1,255.45,36.33,-2.2699,263.25,251.27,255.45,228.99,268.68,2.0,Financial Services,85410799616,97.01551,2.58,0.02001,12.72,-29.16 %,33.3 %,206.6,253.8,311.64,Monitor weekly; re-evaluate on next earnings or macro event
MOIL,SELL,-4,268.4,38.62,0.2079,273.37,285.44,268.4,250.58,277.31,2.0,Basic Materials,54381424640,20.323195,13.15,0.10005,N/A,-35.5 %,16.7 %,208.71,257.16,316.72,Exit / Avoid new positions
CAMPUS,STRONG SELL,-7,219.44,36.81,-0.9048,228.12,235.42,219.44,197.21,230.56,2.0,Consumer Cyclical,66136862720,43.97561,4.92,0.18053,26.059,-28.43 %,16.7 %,181.17,213.91,252.48,Short-to-Medium Term (2–8 weeks)
GULPOLY,STRONG BUY,6,197.74,56.15,1.3484,187.78,192.98,197.74,226.24,183.49,2.0,Basic Materials,11758263296,11.006402,17.18,0.16091,43.497,-23.42 %,50.0 %,152.82,196.34,252.12,Short-to-Medium Term (2–8 weeks)
AGI,HOLD,-1,707.15,49.44,-3.9652,694.69,660.8,707.15,636.74,742.36,2.0,Consumer Cyclical,45168476160,12.83836,54.38,0.15612,10.126,-10.42 %,25.0 %,546.86,698.31,891.22,Monitor weekly; re-evaluate on next earnings or macro event
ERIS,STRONG SELL,-7,1403.5,42.86,-8.3453,1440.07,1412.52,1403.5,1280.02,1465.24,2.0,Healthcare,192734986240,30.776722,45.19,0.18068,60.545,12.01 %,50.0 %,1191.47,1417.38,1685.48,Short-to-Medium Term (2–8 weeks)
PARACABLES,SELL,-3,62.9,34.79,-0.7902,66.67,65.9,62.9,55.52,66.59,2.0,Technology,20360841216,31.744898,1.96,N/A,15.807,-36.67 %,0.0 %,46.3,61.59,81.87,Exit / Avoid new positions
ZOTA,STRONG SELL,-6,1283.1,29.37,-20.5594,1374.6,1290.76,1283.1,1129.32,1359.99,2.0,Healthcare,38671101952,N/A,-22.45,-0.16046,38.847,55.88 %,66.7 %,1052.32,1333.38,1688.63,Short-to-Medium Term (2–8 weeks)
DYNAMATECH,STRONG BUY,7,10546.0,45.16,6.1056,10448.95,10517.78,10546.0,11644.63,9996.68,2.0,Consumer Cyclical,70243893248,217.9309,47.46,0.0429,80.387,-5.04 %,50.0 %,8573.11,10706.39,13363.95,Short-to-Medium Term (2–8 weeks)
DIVGIITTS,BUY,3,962.35,49.74,-6.8591,959.56,863.78,962.35,1091.53,897.76,2.0,Consumer Cyclical,29332084736,62.68627,15.3,0.07616,0.279,39.61 %,66.7 %,793.39,976.98,1202.5,Medium-to-Long Term (1–6 months)
SFL,HOLD,0,767.2,55.79,-5.6835,761.33,703.87,767.2,671.86,814.87,2.0,Consumer Cyclical,83513229312,52.45199,14.58,0.05119,27.85,-27.27 %,0.0 %,631.19,750.07,891.0,Monitor weekly; re-evaluate on next earnings or macro event
JWL,STRONG SELL,-8,247.6,40.3,-0.2263,255.03,268.79,247.6,229.87,256.46,2.0,Industrials,104983535616,61.259346,4.01,0.05768,33.365,-28.28 %,20.0 %,181.34,232.49,297.9,Short-to-Medium Term (2–8 weeks)
PHARMABEES,HOLD,0,26.72,55.76,-0.0554,26.43,25.66,26.72,24.35,27.9,2.01,,N/A,N/A,N/A,N/A,N/A,-10.34 %,16.7 %,24.9,26.97,29.21,Monitor weekly; re-evaluate on next earnings or macro event
PARAGMILK,STRONG SELL,-7,217.41,34.68,-1.5237,226.37,226.76,217.41,197.4,227.41,2.0,Consumer Defensive,27815432192,20.801325,10.57,0.118360005,48.262,31.15 %,50.0 %,170.71,217.11,275.97,Short-to-Medium Term (2–8 weeks)
TIMKEN,STRONG SELL,-7,3126.9,30.02,-0.1348,3225.53,3458.0,3126.9,2914.14,3233.28,2.0,Industrials,231342751744,55.88952,55.03,0.14275,0.5,-2.74 %,33.3 %,2597.31,3059.15,3601.81,Short-to-Medium Term (2–8 weeks)
ALGOQUANT,SELL,-2,69.3,81.5,0.8144,61.49,58.64,69.3,61.41,73.24,2.0,Financial Services,19021768704,56.865543,1.19,0.28374,25.483,-3.86 %,0.0 %,57.34,68.97,82.92,Exit / Avoid new positions
POLYMED,HOLD,0,1680.7,51.31,-9.0382,1677.53,1566.56,1680.7,1502.23,1769.93,2.0,Healthcare,167207763968,51.86339,31.77,0.10845,11.227,-5.83 %,33.3 %,1312.11,1653.92,2083.7,Monitor weekly; re-evaluate on next earnings or macro event
ZYDUSWELL,BUY,2,559.35,45.67,-5.9303,579.6,536.05,559.35,628.89,524.58,2.0,Consumer Defensive,174813396992,88.478264,6.21,0.0343,54.974,-1.52 %,40.0 %,470.09,561.87,671.31,Medium-to-Long Term (1–6 months)
SILVERTUC,HOLD,-1,202.42,68.18,0.5131,189.98,181.88,202.42,169.99,218.63,2.0,Technology,25952935936,72.83274,2.81,0.23551,19.451,-81.23 %,66.7 %,74.88,181.91,441.04,Monitor weekly; re-evaluate on next earnings or macro event
SEPC,STRONG SELL,-6,6.06,21.3,-0.0111,6.33,6.82,6.06,5.49,6.34,2.04,Industrials,11420163072,19.566666,0.3,0.031229999,18.404,-46.05 %,20.0 %,4.1,5.57,7.58,Short-to-Medium Term (2–8 weeks)
SHILCTECH,SELL,-2,4407.1,54.19,-24.0428,4398.98,4271.18,4407.1,3904.81,4658.25,2.0,Industrials,50608013312,31.96777,138.38,0.37762,N/A,4.74 %,100.0 %,3295.4,4411.77,5902.52,Exit / Avoid new positions
AUTOBEES,BUY,2,285.24,55.33,0.4909,278.75,274.22,285.24,298.59,278.56,2.0,Unknown,N/A,29.984173,N/A,N/A,N/A,-3.35 %,33.3 %,256.51,285.38,317.43,Medium-to-Long Term (1–6 months)
SAMHI,BUY,2,178.54,54.92,0.1432,172.18,168.46,178.54,197.68,168.97,2.0,Consumer Cyclical,39175684096,6.8542557,25.73,0.33367002,81.102,-7.4 %,25.0 %,143.87,177.06,217.8,Medium-to-Long Term (1–6 months)
ASALCBR,STRONG SELL,-7,791.7,33.26,-3.0897,830.37,833.31,791.7,695.67,839.72,2.0,Consumer Defensive,15214010368,17.887157,42.36,N/A,9.922,-38.16 %,14.3 %,606.26,783.88,1012.96,Short-to-Medium Term (2–8 weeks)
CCAVENUE,SELL,-3,16.73,49.01,-0.2207,17.1,15.44,16.73,14.69,17.75,2.0,Technology,57610870784,17.795698,0.93,0.06686,8.63,-36.34 %,33.3 %,12.95,16.02,19.8,Exit / Avoid new positions
KPL,SELL,-4,2708.0,60.13,-13.5597,2686.67,2450.43,2708.0,2327.99,2898.01,2.0,,N/A,N/A,N/A,0.2274,39.543,N/A,N/A,2526.96,3342.39,4418.21,Exit / Avoid new positions
PNCINFRA,HOLD,-1,241.85,53.17,-1.5141,239.98,224.56,241.85,216.47,254.54,2.0,Industrials,60025032704,7.2149243,32.43,0.1299,75.883,-4.29 %,33.3 %,188.34,229.77,280.19,Monitor weekly; re-evaluate on next earnings or macro event
ESAFSFB,STRONG BUY,5,38.29,68.97,0.127,35.18,31.9,38.29,44.23,35.32,2.0,Financial Services,19221673984,N/A,-3.23,-0.089090005,N/A,-12.29 %,50.0 %,30.72,37.45,45.63,Short-to-Medium Term (2–8 weeks)
RMDRIP,STRONG SELL,-8,18.65,42.42,-0.1313,19.22,18.65,18.65,16.16,19.89,2.01,Industrials,7716679168,21.97561,0.82,0.35848,47.645,45.8 %,66.7 %,15.04,19.25,24.62,Short-to-Medium Term (2–8 weeks)
ARFIN,BUY,3,91.17,49.87,0.5196,88.75,90.3,91.17,103.02,85.25,2.0,Basic Materials,15039922176,96.891304,0.92,0.094469994,75.884,56.67 %,66.7 %,81.03,100.52,124.64,Medium-to-Long Term (1–6 months)
VRLLOG,HOLD,1,262.75,74.43,2.8237,236.81,237.39,262.75,238.15,275.05,2.0,Industrials,45508112384,19.226904,13.53,0.21269,101.023,-17.86 %,40.0 %,220.52,260.23,306.96,Monitor weekly; re-evaluate on next earnings or macro event
MANINDS,SELL,-3,526.8,36.8,-4.5079,553.88,551.38,526.8,464.52,557.94,2.0,Basic Materials,39458783232,22.59665,23.28,0.09231,30.097,-21.98 %,33.3 %,397.67,526.98,697.89,Exit / Avoid new positions
ACI,HOLD,1,576.75,67.35,3.7818,542.69,535.63,576.75,512.22,609.01,2.0,Basic Materials,68698423296,64.32948,8.65,0.05552,24.128,19.72 %,33.3 %,464.2,563.47,683.69,Monitor weekly; re-evaluate on next earnings or macro event
UDS,HOLD,1,206.6,63.57,0.8557,194.42,185.97,206.6,180.62,219.59,2.0,Industrials,14045402112,16.234972,12.81,0.08194,4.253,-9.92 %,33.3 %,159.7,199.97,250.27,Monitor weekly; re-evaluate on next earnings or macro event
DHANBANK,STRONG BUY,7,35.4,44.49,0.0346,34.02,33.51,35.4,39.93,33.13,2.0,Financial Services,13471072256,13.126924,2.6,0.07162,N/A,-34.32 %,33.3 %,27.49,34.74,43.88,Short-to-Medium Term (2–8 weeks)
YATRA,STRONG SELL,-6,110.65,45.59,-0.646,111.22,105.95,110.65,98.92,116.52,2.0,Consumer Cyclical,16843383808,36.020134,2.98,0.05801,12.403,21.16 %,40.0 %,81.28,108.63,145.09,Short-to-Medium Term (2–8 weeks)
GRINDWELL,SELL,-4,2014.6,49.02,-18.1556,2081.02,2025.1,2014.6,1670.71,2186.55,2.0,Industrials,226234187776,51.74221,39.49,N/A,2.381,-13.92 %,50.0 %,1630.91,1967.12,2371.65,Exit / Avoid new positions
METALIETF,HOLD,0,12.54,46.09,0.0089,12.61,12.94,12.54,11.52,13.05,2.0,Unknown,N/A,18.439371,N/A,N/A,N/A,0.15 %,50.0 %,11.29,12.74,14.38,Monitor weekly; re-evaluate on next earnings or macro event
ORISSAMINE,SELL,-4,3713.3,35.71,1.862,3797.56,3948.66,3713.3,3414.83,3862.54,2.0,Basic Materials,22630799360,N/A,-44.56,N/A,N/A,-39.35 %,14.3 %,2846.47,3529.4,4374.11,Exit / Avoid new positions
SANGHVIMOV,HOLD,0,450.0,50.18,-2.123,443.15,408.06,450.0,385.53,482.24,2.0,Industrials,37786095616,20.500235,21.29,0.15026,51.403,-5.55 %,50.0 %,330.68,440.32,585.94,Monitor weekly; re-evaluate on next earnings or macro event
INDIASHLTR,STRONG SELL,-7,727.95,33.7,-9.3424,784.8,776.39,727.95,660.36,761.75,2.0,Financial Services,79300542464,16.192486,44.99,0.17036,195.303,5.16 %,25.0 %,614.08,724.03,853.35,Short-to-Medium Term (2–8 weeks)
HCG,BUY,3,676.95,59.38,0.8817,657.3,641.57,676.95,742.08,644.38,2.0,Healthcare,101428453376,715.1052,0.95,0.01898,123.057,60.7 %,66.7 %,589.44,700.27,831.63,Medium-to-Long Term (1–6 months)
AYE,STRONG SELL,-5,166.81,47.54,-0.9781,171.8,160.71,166.81,137.41,181.51,2.0,Financial Services,39842373632,16.778578,9.71,N/A,199.987,N/A,N/A,123.7,177.14,253.47,Short-to-Medium Term (2–8 weeks)
KANSAINER,STRONG SELL,-6,203.88,45.51,-0.1924,203.17,209.92,203.88,187.08,212.28,2.0,Basic Materials,160348471296,27.233515,7.28,0.08796,4.526,-8.44 %,20.0 %,173.28,199.13,228.78,Short-to-Medium Term (2–8 weeks)
MMFL,BUY,4,559.5,84.27,3.227,516.71,479.88,559.5,615.27,531.62,2.0,Industrials,26719039488,27.100883,20.42,0.10556,126.624,-13.25 %,20.0 %,450.69,553.39,679.18,Medium-to-Long Term (1–6 months)
CARBORUNIV,SELL,-3,1073.1,40.9,-5.2111,1096.77,1088.92,1073.1,962.28,1128.51,2.0,Industrials,202208854016,103.05825,10.3,0.043670002,10.292,-24.07 %,0.0 %,876.54,1036.82,1225.95,Exit / Avoid new positions
NSLNISP,STRONG SELL,-7,42.15,38.7,-0.0616,42.99,45.18,42.15,39.3,43.57,2.01,Basic Materials,123231969280,210.25,0.2,0.00447,35.019,6.68 %,50.0 %,33.57,41.11,50.33,Short-to-Medium Term (2–8 weeks)
HDFCNIFTY,SELL,-4,270.58,41.53,-0.4622,271.21,268.01,270.58,255.22,278.26,2.0,,N/A,N/A,N/A,N/A,N/A,-0.78 %,40.0 %,251.95,269.9,289.09,Exit / Avoid new positions
RISHABH,HOLD,1,624.7,47.71,-7.3028,640.45,582.65,624.7,541.96,666.07,2.0,Technology,23290974208,28.643707,21.05,0.12069,10.752,-26.81 %,16.7 %,486.45,634.12,826.14,Monitor weekly; re-evaluate on next earnings or macro event
FIEMIND,STRONG BUY,5,2356.6,64.0,11.7686,2274.36,2273.01,2356.6,2546.08,2261.86,2.0,Consumer Cyclical,61327441920,23.999384,97.09,0.22686,5.395,7.68 %,28.6 %,2020.53,2424.09,2907.07,Short-to-Medium Term (2–8 weeks)
GHCLTEXTIL,STRONG BUY,7,116.15,59.67,0.1462,110.12,100.84,116.15,131.75,108.35,2.0,Consumer Cyclical,10918764544,15.520381,7.36,0.047870003,8.933,-14.29 %,33.3 %,94.19,116.21,143.32,Short-to-Medium Term (2–8 weeks)
NETWORK18,STRONG SELL,-6,28.85,27.89,-0.2847,30.86,31.54,28.85,26.06,30.25,1.99,Communication Services,44573917184,N/A,-0.23,N/A,65.925,0.32 %,25.0 %,21.3,26.7,33.45,Short-to-Medium Term (2–8 weeks)
APLLTD,SELL,-3,814.45,46.15,-5.6937,824.52,780.25,814.45,742.48,850.44,2.0,Healthcare,160955711488,23.824556,34.37,0.12356,25.224,-6.93 %,33.3 %,661.99,790.1,942.62,Exit / Avoid new positions
POWERICA,STRONG SELL,-5,565.7,51.19,-3.3813,571.84,559.31,565.7,498.77,599.17,2.0,Industrials,69369413632,41.58953,13.18,0.17886999,28.506,N/A,N/A,505.79,645.86,824.26,Short-to-Medium Term (2–8 weeks)
PTC,STRONG SELL,-7,166.33,40.38,-0.0739,171.92,181.96,166.33,154.03,172.48,2.0,Utilities,49110740992,8.108994,20.46,0.103769995,25.059,4.59 %,40.0 %,135.4,162.53,195.01,Short-to-Medium Term (2–8 weeks)
BUILDPRO,HOLD,0,1219.3,73.71,2.1698,1162.73,1112.73,1219.3,1015.57,1321.16,2.0,Consumer Cyclical,28917321728,22.585228,52.8,0.25518999,11.14,0.66 %,100.0 %,959.9,1323.14,1822.55,Monitor weekly; re-evaluate on next earnings or macro event
SHK,HOLD,-1,148.26,68.04,1.7947,133.21,132.09,148.26,131.73,156.52,2.0,Basic Materials,19928442880,28.794,5.0,0.05249,75.521,-32.39 %,16.7 %,112.47,144.72,186.11,Monitor weekly; re-evaluate on next earnings or macro event
TECHNOE,STRONG SELL,-6,997.2,22.07,-4.01,1042.3,1076.74,997.2,926.22,1032.69,2.0,Industrials,115357548544,25.70355,38.59,0.11364,1.744,-30.3 %,16.7 %,758.05,960.83,1217.23,Short-to-Medium Term (2–8 weeks)
MINDACORP,HOLD,0,692.55,52.18,-4.0068,688.02,652.0,692.55,630.69,723.48,2.0,Consumer Cyclical,160892715008,45.27152,15.1,0.14739001,55.348,-24.69 %,16.7 %,580.52,703.94,853.25,Monitor weekly; re-evaluate on next earnings or macro event
INDNIPPON,HOLD,-1,1198.9,69.62,-2.6291,1128.8,982.21,1198.9,1004.05,1296.33,2.0,Consumer Cyclical,26310977536,23.664291,49.15,0.14508,N/A,10.06 %,33.3 %,1005.71,1222.08,1484.36,Monitor weekly; re-evaluate on next earnings or macro event
DCXINDIA,STRONG SELL,-6,182.98,24.73,-1.5993,193.4,194.86,182.98,166.75,191.09,2.0,Industrials,19905867776,N/A,-0.7,-0.0053399997,0.193,-36.98 %,14.3 %,134.81,173.7,223.68,Short-to-Medium Term (2–8 weeks)
GPTHEALTH,BUY,2,165.99,61.43,0.6313,155.13,149.58,165.99,184.41,156.78,2.0,Healthcare,13729414144,32.489323,5.15,0.16324,33.842,-32.07 %,0.0 %,138.62,164.73,195.69,Medium-to-Long Term (1–6 months)
SHARDACROP,STRONG SELL,-8,888.6,40.01,-0.824,894.64,900.77,888.6,823.02,921.39,2.0,Basic Materials,79123374080,11.625133,75.44,0.24157,0.104,4.62 %,28.6 %,680.88,907.0,1207.46,Short-to-Medium Term (2–8 weeks)
ELLEN,SELL,-4,282.45,61.55,-0.3512,277.77,273.44,282.45,239.25,304.05,2.0,Basic Materials,38736150528,36.452255,7.54,0.14199,18.873,6.37 %,100.0 %,202.21,260.94,336.54,Exit / Avoid new positions
NITINSPIN,HOLD,1,539.85,49.01,-3.4996,549.63,537.48,539.85,486.57,566.49,2.0,Consumer Cyclical,29959639040,16.874605,31.58,0.12764,76.458,-7.03 %,25.0 %,446.3,544.87,664.92,Monitor weekly; re-evaluate on next earnings or macro event
KPEL,STRONG SELL,-7,311.15,37.74,-1.2288,322.86,340.52,311.15,280.13,326.66,2.0,Industrials,21115717632,11.612603,26.82,0.43485,100.154,15.88 %,66.7 %,229.38,296.02,381.8,Short-to-Medium Term (2–8 weeks)
GSFC,STRONG SELL,-7,160.08,47.65,-0.114,159.51,163.33,160.08,150.54,164.85,2.0,Basic Materials,63593029632,9.459988,16.87,0.0551,0.217,-12.98 %,16.7 %,131.78,155.56,183.56,Short-to-Medium Term (2–8 weeks)
TIRUMALCHM,SELL,-3,172.09,45.24,1.03,169.8,178.06,172.09,153.64,181.31,2.0,Basic Materials,20790532096,N/A,-14.9,-0.123500004,139.084,-29.27 %,20.0 %,129.66,163.87,207.0,Exit / Avoid new positions
HLEGLAS,HOLD,-1,418.95,54.66,-1.2728,408.99,379.69,418.95,346.8,455.02,2.0,Industrials,29167517696,58.245495,7.21,0.09648,56.224,-9.33 %,25.0 %,317.58,414.38,540.37,Monitor weekly; re-evaluate on next earnings or macro event
NAVNETEDUL,SELL,-4,144.54,40.13,-0.8073,147.26,143.75,144.54,130.08,151.77,2.0,Communication Services,31567120384,8.91875,16.0,0.18575001,5.145,0.11 %,40.0 %,120.02,142.8,169.84,Exit / Avoid new positions
MSTCLTD,HOLD,-1,602.7,30.09,-12.1818,652.43,588.9,602.7,510.99,648.56,2.0,Industrials,41997119488,19.218748,31.04,0.266,16.041,-29.25 %,25.0 %,458.87,582.95,740.21,Monitor weekly; re-evaluate on next earnings or macro event
MOL,HOLD,-1,55.61,71.96,1.0107,49.42,49.32,55.61,48.32,59.26,2.0,Basic Materials,14178017280,49.336285,1.13,0.01878,46.995,8.56 %,50.0 %,42.41,53.8,68.22,Monitor weekly; re-evaluate on next earnings or macro event
OCCLLTD,HOLD,1,152.2,81.67,1.6783,131.68,125.3,152.2,132.88,161.86,2.0,Basic Materials,7674887680,16.10587,9.54,N/A,N/A,42.16 %,50.0 %,117.03,156.12,208.14,Monitor weekly; re-evaluate on next earnings or macro event
INDGN,STRONG SELL,-5,508.05,61.47,-0.546,504.88,512.86,508.05,466.41,528.87,2.0,Healthcare,122308812800,30.614086,16.61,0.13941,5.043,-26.17 %,0.0 %,414.94,498.7,599.11,Short-to-Medium Term (2–8 weeks)
GREENPLY,HOLD,0,294.75,34.45,-3.5205,313.92,292.17,294.75,257.22,313.51,2.0,Basic Materials,35259846656,35.734177,7.9,N/A,57.505,6.14 %,100.0 %,234.04,291.62,363.19,Monitor weekly; re-evaluate on next earnings or macro event
IFBIND,SELL,-4,1323.8,60.18,-7.1851,1320.43,1263.15,1323.8,1158.53,1406.43,2.0,Consumer Cyclical,53184970752,36.99549,35.48,0.15630999,15.671,-32.92 %,50.0 %,990.08,1290.14,1680.15,Exit / Avoid new positions
RSL,HOLD,-1,134.33,60.14,0.5823,130.43,129.73,134.33,121.46,140.77,2.0,Basic Materials,11653509120,19.449093,7.17,0.19338,18.946,1.9 %,100.0 %,119.99,141.8,167.51,Monitor weekly; re-evaluate on next earnings or macro event
DATAMATICS,HOLD,0,854.8,49.65,-4.3234,844.14,810.75,854.8,761.26,901.57,2.0,Technology,49649364992,25.59415,32.82,0.1348,14.384,7.83 %,28.6 %,670.29,863.24,1111.11,Monitor weekly; re-evaluate on next earnings or macro event
BANSALWIRE,STRONG SELL,-5,316.45,35.18,-2.2537,330.85,319.44,316.45,264.46,342.44,2.0,Basic Materials,48399269888,34.047356,9.08,N/A,38.769,-16.68 %,40.0 %,255.1,312.19,381.88,Short-to-Medium Term (2–8 weeks)
BAYERCROP,SELL,-4,4238.5,60.08,19.2842,4182.49,4267.74,4238.5,3978.67,4368.41,2.0,Basic Materials,189628661760,27.50049,153.43,0.237,2.758,-26.35 %,16.7 %,3547.13,4097.17,4731.0,Exit / Avoid new positions
SHAH,SELL,-2,4.56,42.59,0.005,4.57,4.71,4.56,3.78,4.95,2.0,Basic Materials,4068734208,27.333332,0.15,0.051230002,77.528,-17.94 %,40.0 %,3.4,4.5,5.95,Exit / Avoid new positions
SUNTECK,STRONG SELL,-5,310.75,40.66,-2.0637,317.21,306.1,310.75,269.86,331.19,2.0,Real Estate,45087842304,21.117605,14.54,N/A,17.311,-23.17 %,25.0 %,240.19,296.91,366.85,Short-to-Medium Term (2–8 weeks)
LIQUIDETF,STRONG SELL,-7,999.99,50.0,-0.0004,1000.0,1000.0,999.99,999.93,1000.02,2.0,Unknown,N/A,N/A,N/A,N/A,N/A,-0.01 %,0.0 %,999.94,999.99,1000.04,Short-to-Medium Term (2–8 weeks)
SURYAROSNI,STRONG SELL,-7,239.2,23.56,-1.7898,249.72,250.58,239.2,216.82,250.39,2.0,Basic Materials,52091154432,18.229246,13.13,0.112110004,3.031,17.19 %,50.0 %,184.8,234.39,297.13,Short-to-Medium Term (2–8 weeks)
ARMANFIN,STRONG BUY,6,1993.4,73.18,3.99,1855.75,1738.59,1993.4,2253.95,1863.12,2.0,Financial Services,20274561024,35.96046,53.62,0.06263,190.256,-15.79 %,40.0 %,1582.36,1986.05,2491.48,Short-to-Medium Term (2–8 weeks)
RITES,SELL,-3,217.15,26.83,-1.3253,220.7,212.04,217.15,200.2,225.62,2.0,Industrials,102988578816,25.121923,8.53,0.16396,0.236,0.37 %,33.3 %,169.87,208.73,256.35,Exit / Avoid new positions
WELENT,HOLD,0,596.8,39.63,-5.4403,612.02,567.52,596.8,548.83,620.78,2.0,Industrials,80602062848,22.633282,26.26,0.13603,60.918,-19.94 %,14.3 %,491.21,597.24,725.83,Monitor weekly; re-evaluate on next earnings or macro event
KINGFA,BUY,2,5128.5,51.61,10.1569,5086.5,5162.17,5128.5,5616.54,4884.48,2.0,Basic Materials,67973726208,34.806744,144.11,0.17412001,1.101,19.16 %,66.7 %,4240.24,5287.16,6589.35,Medium-to-Long Term (1–6 months)
CONSUMIETF,HOLD,-1,123.07,52.34,-0.0044,121.37,118.89,123.07,118.72,125.24,2.0,Unknown,N/A,36.570065,N/A,N/A,N/A,4.94 %,50.0 %,114.29,123.29,132.97,Monitor weekly; re-evaluate on next earnings or macro event
DPABHUSHAN,BUY,2,1412.35,78.14,15.2216,1191.54,1033.52,1412.35,1725.64,1255.7,2.0,Consumer Cyclical,31593840640,13.188488,104.94,N/A,48.027,-36.77 %,16.7 %,1126.03,1410.49,1765.93,Medium-to-Long Term (1–6 months)
MAXIND,BUY,2,184.96,73.38,2.1323,163.74,162.1,184.96,213.28,170.8,2.0,Healthcare,9113136128,N/A,-23.84,-0.31774,23.564,-15.04 %,42.9 %,140.78,177.86,224.58,Medium-to-Long Term (1–6 months)
BUTTERFLY,HOLD,0,766.1,57.6,-0.6353,734.56,687.01,766.1,679.4,809.45,2.0,Consumer Cyclical,13529457664,29.662878,25.51,0.13085,2.054,-8.09 %,25.0 %,605.06,756.18,944.57,Monitor weekly; re-evaluate on next earnings or macro event
JNKINDIA,HOLD,1,469.4,45.9,-7.2644,491.0,457.27,469.4,379.37,514.41,2.0,Industrials,26105298944,40.393936,11.55,0.12089,15.97,-21.39 %,0.0 %,345.07,451.9,591.45,Monitor weekly; re-evaluate on next earnings or macro event
IKIO,HOLD,-1,207.98,60.58,-1.2839,199.75,173.49,207.98,161.18,231.38,2.0,Technology,16038064128,42.613964,4.87,0.07095,11.438,-11.62 %,66.7 %,156.31,200.98,258.28,Monitor weekly; re-evaluate on next earnings or macro event
SILVERAXIS,HOLD,-1,221.3,44.7,1.3704,219.82,234.91,221.3,203.51,230.2,2.0,Unknown,N/A,N/A,N/A,N/A,N/A,137.43 %,50.0 %,182.5,233.08,297.53,Monitor weekly; re-evaluate on next earnings or macro event
NIFTYETF,SELL,-4,261.26,42.52,-0.4901,261.88,258.85,261.26,248.15,267.81,2.0,Unknown,N/A,21.39643,N/A,N/A,N/A,1.81 %,20.0 %,243.25,260.58,279.11,Exit / Avoid new positions
YASHO,BUY,2,3092.6,63.72,-17.8139,3017.75,2693.57,3092.6,3481.37,2898.22,2.0,Basic Materials,38510379008,151.94008,21.03,0.05849,125.684,-15.45 %,40.0 %,2463.51,3160.33,4052.04,Medium-to-Long Term (1–6 months)
BBL,STRONG SELL,-6,2562.0,36.71,-18.7093,2685.78,2748.57,2562.0,2362.62,2661.69,2.0,Industrials,28522291200,23.734009,106.32,0.060500003,15.116,-27.96 %,0.0 %,1932.67,2448.34,3099.97,Short-to-Medium Term (2–8 weeks)
VSTIND,STRONG SELL,-6,234.7,21.23,-1.5096,246.83,253.66,234.7,216.34,243.88,2.0,Consumer Defensive,38867886080,13.328487,17.2,0.21114,N/A,-26.05 %,33.3 %,189.6,226.31,270.03,Short-to-Medium Term (2–8 weeks)
QPOWER,SELL,-4,1105.6,49.43,-9.278,1156.52,1158.52,1105.6,943.96,1186.42,2.0,Industrials,84925194240,69.84713,15.7,0.27146998,5.195,150.55 %,66.7 %,866.96,1198.06,1654.44,Exit / Avoid new positions
COMSYN,BUY,2,174.48,37.45,-2.9106,186.72,170.46,174.48,215.61,153.91,2.0,Consumer Cyclical,7230801408,28.634184,6.26,0.16072,72.4,62.98 %,75.0 %,143.62,182.85,232.67,Medium-to-Long Term (1–6 months)
KABRAEXTRU,BUY,4,404.8,81.77,6.6934,317.37,267.96,404.8,474.22,370.09,2.0,Industrials,13964652544,N/A,-1.54,N/A,32.04,-38.23 %,16.7 %,310.3,401.89,520.2,Medium-to-Long Term (1–6 months)
CANHLIFE,SELL,-4,145.01,52.72,-0.2009,146.39,141.78,145.01,125.6,154.72,2.0,Financial Services,134230188032,101.92086,1.39,0.08276,15.304,-2.98 %,0.0 %,127.79,150.41,176.96,Exit / Avoid new positions
BIKAJI,STRONG SELL,-8,641.25,48.41,-0.1889,643.12,651.25,641.25,605.31,659.22,2.0,Consumer Defensive,158954340352,61.429268,10.32,0.15961,17.531,-11.21 %,20.0 %,535.44,634.36,751.27,Short-to-Medium Term (2–8 weeks)
BERGEPAINT,HOLD,0,504.0,46.9,0.1626,502.17,509.92,504.0,466.68,522.66,2.0,Basic Materials,582243516416,51.585743,9.68,0.17226,9.165,15.7 %,50.0 %,434.93,499.99,574.59,Monitor weekly; re-evaluate on next earnings or macro event
VIKRAN,STRONG SELL,-8,71.83,32.25,-0.3745,73.56,71.91,71.83,64.63,75.43,2.0,Industrials,18236889088,17.459259,4.05,0.10755,24.318,-24.29 %,0.0 %,52.42,68.58,89.68,Short-to-Medium Term (2–8 weeks)
IVALUE,SELL,-4,288.9,55.0,-3.0535,290.21,266.21,288.9,246.27,310.21,2.0,Technology,15539612672,15.829161,17.97,0.19117,12.223,-14.36 %,0.0 %,228.89,288.05,362.33,Exit / Avoid new positions
BIRET,SELL,-2,343.44,58.25,-0.2924,338.7,327.67,343.44,329.55,350.38,2.0,Unknown,218665304064,N/A,N/A,N/A,N/A,2.19 %,60.0 %,316.72,347.57,381.33,Exit / Avoid new positions
UTLSOLAR,SELL,-3,384.4,68.75,-0.1367,363.93,330.26,384.4,327.31,412.94,2.0,Technology,117405261824,37.394917,10.23,0.36418,40.802,6.91 %,100.0 %,334.88,425.34,539.94,Exit / Avoid new positions
DOMS,SELL,-4,2263.5,44.75,-8.9612,2291.07,2251.31,2263.5,2076.24,2357.13,2.0,Industrials,137987063808,60.150795,37.8,0.20091999,10.849,-21.08 %,42.9 %,1851.14,2241.14,2712.17,Exit / Avoid new positions
IOB,STRONG SELL,-5,34.12,50.77,-0.0187,34.15,33.95,34.12,31.54,35.41,2.0,Financial Services,651642994688,11.355704,2.98,0.16525999,N/A,-32.8 %,0.0 %,27.22,32.55,38.92,Short-to-Medium Term (2–8 weeks)
BIRDYS,SELL,-3,92.1,53.09,1.1469,91.85,105.48,92.1,87.6,94.35,2.0,Unknown,374990400,N/A,N/A,N/A,N/A,-11.28 %,16.7 %,75.59,92.95,114.23,Exit / Avoid new positions
MINDSPACE,HOLD,0,494.07,56.15,-0.7097,488.89,473.05,494.07,475.89,503.16,2.0,Unknown,228427464704,N/A,N/A,N/A,N/A,12.72 %,25.0 %,463.82,503.75,547.01,Monitor weekly; re-evaluate on next earnings or macro event
GMMPFAUDLR,SELL,-2,830.75,73.91,5.5814,786.3,791.53,830.75,758.09,867.08,2.0,Industrials,36226531328,62.56211,12.88,0.04581,84.461,-24.33 %,25.0 %,686.19,799.25,930.62,Exit / Avoid new positions
GALAPREC,BUY,2,1164.2,43.55,-12.1369,1171.7,1045.82,1164.2,1334.78,1078.91,2.0,Industrials,14092693504,40.710846,27.01,0.1292,13.04,-27.05 %,0.0 %,899.22,1187.4,1566.97,Medium-to-Long Term (1–6 months)
SANDHAR,SELL,-2,599.55,23.34,-6.8945,647.4,667.55,599.55,526.56,636.04,2.0,Consumer Cyclical,35287117824,17.733475,32.98,0.1607,86.084,33.14 %,75.0 %,473.21,593.79,744.73,Exit / Avoid new positions
SHRIRAMPPS,SELL,-3,85.49,35.01,-0.4535,87.86,87.85,85.49,76.19,90.14,2.0,Real Estate,14840105984,14.714045,5.91,0.07159,42.189,-16.54 %,33.3 %,66.48,83.84,105.69,Exit / Avoid new positions
SPANDANA,SELL,-3,266.0,37.53,-5.3428,292.11,268.46,266.0,219.14,289.43,2.0,Financial Services,23662317568,N/A,-39.0,N/A,185.142,-36.02 %,0.0 %,191.09,249.73,326.16,Exit / Avoid new positions
ETHOSLTD,SELL,-2,2578.8,57.57,-7.2069,2563.44,2460.26,2578.8,2273.52,2731.44,2.0,Consumer Cyclical,68250845184,70.65651,36.1,0.07265,19.366,-30.13 %,16.7 %,2091.65,2532.52,3065.01,Exit / Avoid new positions
UFLEX,BUY,2,476.45,70.51,4.1739,445.75,431.01,476.45,535.85,446.75,2.0,Consumer Cyclical,34083821568,10.744366,43.93,0.04085,124.991,13.42 %,60.0 %,382.15,468.55,574.23,Medium-to-Long Term (1–6 months)
KSB,BUY,4,877.4,28.14,-9.5697,919.26,875.25,877.4,957.17,837.51,2.0,Industrials,147367706624,57.0971,14.83,N/A,0.31,0.34 %,50.0 %,742.08,867.71,1014.27,Medium-to-Long Term (1–6 months)
AJMERA,STRONG SELL,-9,126.18,45.76,-1.2021,130.07,126.74,126.18,109.5,134.52,2.0,Real Estate,24987144192,16.684626,7.61,0.11054,46.832,-15.75 %,20.0 %,95.94,124.1,160.43,Short-to-Medium Term (2–8 weeks)
MAYURUNIQ,BUY,2,817.65,39.82,-7.4052,830.74,792.2,817.65,923.79,764.58,2.0,Consumer Cyclical,34149398528,17.80068,44.15,0.18365,0.687,-9.67 %,16.7 %,682.25,825.87,999.3,Medium-to-Long Term (1–6 months)
GULFOILLUB,SELL,-2,1048.2,44.31,-3.7242,1035.17,992.76,1048.2,960.03,1092.29,2.0,Basic Materials,51319705600,14.155275,73.16,0.22142,35.781,-18.6 %,25.0 %,862.85,1034.55,1239.91,Exit / Avoid new positions
ANUP,HOLD,-1,2144.4,34.54,-16.354,2192.7,2091.73,2144.4,1919.73,2256.74,2.0,Industrials,42418634752,38.57195,54.9,0.16945,15.903,-16.01 %,28.6 %,1668.62,2151.9,2773.59,Monitor weekly; re-evaluate on next earnings or macro event
MMTC,STRONG SELL,-5,61.66,28.21,-0.3214,64.53,66.58,61.66,56.86,64.06,2.0,Industrials,90884997120,23.484497,2.58,0.20266001,0.114,7.85 %,20.0 %,46.67,59.3,75.31,Short-to-Medium Term (2–8 weeks)
ITETF,SELL,-2,31.16,67.01,0.1403,29.76,30.0,31.16,28.85,32.31,2.01,Unknown,N/A,19.508999,N/A,N/A,N/A,-6.6 %,40.0 %,26.86,30.47,34.55,Exit / Avoid new positions
AGARWALEYE,SELL,-3,476.2,52.81,-2.0328,482.25,472.19,476.2,428.77,499.91,2.0,Healthcare,156325609472,117.68497,4.19,0.083100006,50.3,2.77 %,66.7 %,411.62,480.82,561.46,Exit / Avoid new positions
BHARTIHEXA,HOLD,0,1614.3,68.74,2.2433,1565.65,1526.41,1614.3,1469.4,1686.75,2.0,Communication Services,802299969536,46.228752,34.71,0.26466998,85.654,-20.4 %,16.7 %,1367.77,1637.9,1960.61,Monitor weekly; re-evaluate on next earnings or macro event
SERVOTECH,SELL,-4,95.6,40.08,-0.3361,98.79,99.13,95.6,83.87,101.46,2.0,Industrials,21014878208,57.08589,1.63,N/A,71.469,-34.06 %,14.3 %,70.22,93.55,124.56,Exit / Avoid new positions
CEIGALL,HOLD,-1,335.8,12.62,-3.4697,359.01,359.8,335.8,301.57,352.92,2.0,Industrials,56573030400,18.316414,17.73,0.15484,61.085,-19.45 %,33.3 %,278.59,331.26,393.72,Monitor weekly; re-evaluate on next earnings or macro event
VIDYAWIRES,STRONG SELL,-6,91.3,37.56,-0.7452,94.81,97.32,91.3,82.24,95.83,2.0,Industrials,19069992960,33.084873,2.71,0.17844999,17.772,79.47 %,100.0 %,76.93,100.54,131.31,Short-to-Medium Term (2–8 weeks)
RAMCOIND,HOLD,-1,336.85,40.19,-5.2766,349.49,318.69,336.85,293.47,358.54,2.0,Industrials,28835739648,9.395868,35.34,0.06996,3.792,42.38 %,75.0 %,280.39,341.67,416.17,Monitor weekly; re-evaluate on next earnings or macro event
DJML,STRONG BUY,8,114.49,43.38,0.1821,111.63,109.43,114.49,135.13,104.17,2.0,Industrials,4208752128,36.95268,3.17,0.13528,42.847,-21.94 %,40.0 %,88.8,114.15,146.66,Short-to-Medium Term (2–8 weeks)
MOCAPITAL,STRONG SELL,-6,53.14,42.56,-0.2164,54.55,,53.14,49.36,55.03,2.0,Unknown,N/A,43.822475,N/A,N/A,N/A,N/A,N/A,45.38,50.71,56.66,Short-to-Medium Term (2–8 weeks)
KNRCON,STRONG SELL,-8,122.58,36.64,-0.57,126.39,129.17,122.58,112.41,127.66,2.0,Industrials,33857832960,7.747104,15.54,0.091850005,49.162,-24.66 %,20.0 %,92.76,113.67,139.22,Short-to-Medium Term (2–8 weeks)
TALBROAUTO,BUY,3,386.85,40.94,-4.2144,406.21,377.81,386.85,435.3,362.62,2.0,Consumer Cyclical,24361015296,23.393597,16.87,0.15137,11.266,-29.88 %,25.0 %,306.09,385.91,486.29,Medium-to-Long Term (1–6 months)
CORONA,SELL,-4,2098.2,66.57,-4.5023,2035.98,1873.2,2098.2,1906.32,2194.14,2.0,Healthcare,N/A,68.51043,30.21,0.2736,22.072,-5.8 %,0.0 %,1887.3,2249.27,2679.62,Exit / Avoid new positions
KRBL,STRONG SELL,-8,350.55,34.24,-2.0408,362.49,362.0,350.55,321.99,364.83,2.0,Consumer Defensive,79150120960,12.210452,28.32,0.11731,2.924,-5.63 %,33.3 %,286.1,350.98,430.38,Short-to-Medium Term (2–8 weeks)
CAMLINFINE,STRONG SELL,-7,127.38,35.91,-0.3077,127.83,128.87,127.38,113.46,134.34,2.0,Basic Materials,24316876800,N/A,-1.59,-0.03362,71.951,73.22 %,75.0 %,93.75,126.69,171.11,Short-to-Medium Term (2–8 weeks)
MAHLIFE,HOLD,-1,380.25,56.74,-0.6446,372.64,353.94,380.25,340.53,400.11,2.0,Real Estate,81123565568,24.266113,15.67,0.12038,18.26,11.69 %,100.0 %,308.31,367.55,437.99,Monitor weekly; re-evaluate on next earnings or macro event
3IINFOLTD,HOLD,1,20.68,76.79,0.2295,18.49,17.77,20.68,18.13,21.95,2.01,Technology,4556660224,12.071428,1.82,N/A,16.298,-25.05 %,20.0 %,16.08,19.84,24.45,Monitor weekly; re-evaluate on next earnings or macro event
HARDWYN,STRONG SELL,-6,11.14,10.92,-0.3373,14.45,16.49,11.14,7.66,12.88,2.0,Industrials,7856950272,60.473682,0.19,0.03258,1.563,16.04 %,33.3 %,8.2,10.84,14.31,Short-to-Medium Term (2–8 weeks)
RATNAMANI,STRONG SELL,-6,2404.3,29.58,-23.3713,2546.26,2577.22,2404.3,2186.35,2513.28,2.0,Basic Materials,165171789824,34.271378,68.76,0.13578,7.549,-0.29 %,33.3 %,1949.71,2333.91,2792.71,Short-to-Medium Term (2–8 weeks)
NIBE,SELL,-3,1494.2,46.09,-15.9723,1570.0,1548.9,1494.2,1294.25,1594.17,2.0,Industrials,22469820416,421.36627,3.44,0.00021,33.611,-15.11 %,33.3 %,1105.24,1474.17,1965.0,Exit / Avoid new positions
VISHNU,STRONG BUY,6,636.3,59.06,1.7835,616.79,608.06,636.3,704.97,601.96,2.0,Basic Materials,41755668480,29.356365,21.13,0.14218001,49.066,8.58 %,75.0 %,526.81,645.17,789.76,Short-to-Medium Term (2–8 weeks)
CARYSIL,HOLD,1,1154.1,54.84,-8.2189,1164.37,1142.85,1154.1,1001.58,1230.36,2.0,Consumer Cyclical,32771569664,33.387424,34.51,0.17277001,45.99,6.9 %,25.0 %,912.33,1172.52,1506.07,Monitor weekly; re-evaluate on next earnings or macro event
DIGITIDE,SELL,-4,100.72,35.74,-0.7676,101.43,92.19,100.72,84.28,108.94,2.0,Industrials,14529356800,N/A,-1.1,N/A,57.944,-11.17 %,0.0 %,68.83,91.34,121.13,Exit / Avoid new positions
CARERATING,BUY,3,1700.6,59.39,4.1509,1665.74,1661.78,1700.6,1849.73,1626.03,2.0,Financial Services,50341810176,29.457747,56.8,0.19754,2.776,45.14 %,66.7 %,1427.35,1743.19,2127.99,Medium-to-Long Term (1–6 months)
NELCAST,STRONG SELL,-6,116.64,32.37,-1.0987,135.07,136.84,116.64,90.96,129.48,2.0,Industrials,10148183040,24.64407,4.72,N/A,N/A,39.59 %,66.7 %,85.95,113.95,150.98,Short-to-Medium Term (2–8 weeks)
SEAMECLTD,HOLD,1,1411.2,44.85,2.5117,1416.85,1495.06,1411.2,1254.66,1489.47,2.0,Industrials,36709568512,14.543617,98.93,0.21945,27.069,-2.04 %,33.3 %,1143.99,1395.4,1701.32,Monitor weekly; re-evaluate on next earnings or macro event
ADVAIT,HOLD,-1,2314.8,65.08,12.8086,2203.45,2200.96,2314.8,2013.33,2465.54,2.0,Industrials,24908509184,47.99789,47.45,0.22072001,44.021,N/A,N/A,1928.21,2586.24,3466.58,Monitor weekly; re-evaluate on next earnings or macro event
SWARAJ,BUY,2,354.4,64.89,-0.3703,337.87,284.94,354.4,402.37,330.41,2.0,Unknown,6319240704,N/A,N/A,N/A,N/A,27.03 %,66.7 %,274.02,354.33,457.92,Medium-to-Long Term (1–6 months)
PGHL,HOLD,-1,6784.0,74.94,-21.8459,6632.5,6295.1,6784.0,6220.21,7065.9,2.0,Healthcare,110809178112,33.93057,196.74,0.61592996,1.771,-6.47 %,40.0 %,6026.81,6871.2,7831.62,Monitor weekly; re-evaluate on next earnings or macro event
LIQGRWBEES,SELL,-2,1049.18,,-0.0071,1047.35,1044.4,1049.18,1047.35,1050.1,1.99,,N/A,N/A,N/A,N/A,N/A,N/A,N/A,1054.13,1055.19,1056.24,Exit / Avoid new positions
EUROPRATIK,SELL,-2,314.6,55.38,-1.6351,305.93,281.13,314.6,278.87,332.47,2.0,Basic Materials,31349850112,40.62914,7.55,0.27798998,7.636,-16.13 %,0.0 %,249.65,323.13,417.99,Exit / Avoid new positions
HDFCBSE500,SELL,-2,37.29,44.18,-0.0756,37.38,36.91,37.29,33.75,39.06,2.0,Unknown,N/A,22.681112,N/A,N/A,N/A,-2.87 %,40.0 %,34.08,37.19,40.57,Exit / Avoid new positions
BANCOINDIA,STRONG SELL,-7,626.1,32.72,-7.0728,659.66,653.72,626.1,566.88,655.71,2.0,Consumer Cyclical,89019260928,19.339651,32.18,0.3225,36.44,69.48 %,75.0 %,476.97,639.92,858.0,Short-to-Medium Term (2–8 weeks)
NEXT50IETF,HOLD,0,76.41,52.4,-0.043,75.92,75.04,76.41,71.94,78.64,2.0,Unknown,N/A,N/A,N/A,N/A,N/A,-15.52 %,16.7 %,69.47,76.17,83.51,Monitor weekly; re-evaluate on next earnings or macro event
ADVENZYMES,SELL,-4,316.6,46.49,0.6154,319.96,350.6,316.6,287.14,331.33,2.0,Basic Materials,34807787520,20.627075,15.07,0.11016,1.902,-32.52 %,33.3 %,249.94,309.35,382.69,Exit / Avoid new positions
JINDRILL,HOLD,0,594.35,62.18,0.9679,587.43,598.17,594.35,507.41,637.82,2.0,Energy,16922066944,8.032742,72.69,0.12358,5.119,-20.37 %,25.0 %,450.02,589.42,771.55,Monitor weekly; re-evaluate on next earnings or macro event
ALPHA,SELL,-3,51.44,54.04,-0.0963,51.46,50.96,51.44,48.56,52.88,2.0,Unknown,N/A,22.8215,N/A,N/A,N/A,-17.7 %,20.0 %,45.5,50.95,57.04,Exit / Avoid new positions
CHEMPLASTS,SELL,-3,206.98,52.07,1.4355,201.38,208.66,206.98,181.69,219.62,2.0,Basic Materials,31960268800,N/A,-17.7,-0.14641,111.239,-33.32 %,14.3 %,157.21,194.29,240.01,Exit / Avoid new positions
ENTERO,STRONG BUY,6,1273.4,59.03,3.7507,1211.99,1187.35,1273.4,1411.04,1204.58,2.0,Healthcare,53785812992,46.88164,26.36,0.0828,38.638,-44.35 %,14.3 %,1035.67,1271.08,1559.29,Short-to-Medium Term (2–8 weeks)
AWFIS,STRONG SELL,-8,288.65,40.64,-0.8682,294.61,306.48,288.65,256.58,304.69,2.0,Industrials,20170084352,28.383686,9.93,0.14007,271.732,-38.05 %,0.0 %,214.47,271.89,344.5,Short-to-Medium Term (2–8 weeks)
SYMPHONY,STRONG SELL,-7,678.95,42.18,-2.615,697.67,694.6,678.95,623.39,706.73,2.0,Consumer Cyclical,47283691520,N/A,-20.57,-0.21604,31.64,-39.35 %,0.0 %,536.97,653.08,793.94,Short-to-Medium Term (2–8 weeks)
AAVAS,STRONG SELL,-6,1390.6,34.73,-18.547,1482.4,1422.17,1390.6,1246.27,1462.76,2.0,Financial Services,109111001088,15.960334,86.22,N/A,310.553,-22.84 %,16.7 %,1170.01,1366.33,1595.04,Short-to-Medium Term (2–8 weeks)
TAC,SELL,-2,515.1,76.06,9.2619,448.44,411.32,515.1,436.86,554.22,2.0,Unknown,10495319040,N/A,N/A,N/A,N/A,-49.84 %,28.6 %,335.69,509.16,771.55,Exit / Avoid new positions
JTLIND,HOLD,-1,73.18,27.42,-0.8912,77.57,74.58,73.18,63.91,77.82,2.0,Basic Materials,28195745792,27.377865,2.62,0.07521,16.038,-58.25 %,0.0 %,53.17,70.94,94.6,Monitor weekly; re-evaluate on next earnings or macro event
DENTA,SELL,-3,333.85,45.98,-3.1049,336.92,297.86,333.85,289.3,356.12,2.0,Industrials,8949839872,14.701756,22.8,0.14036,2.636,-15.32 %,33.3 %,248.84,330.58,438.89,Exit / Avoid new positions
HERITGFOOD,STRONG SELL,-8,327.2,45.71,-0.5707,332.68,328.3,327.2,295.34,343.13,2.0,Consumer Defensive,30000945152,22.204668,14.56,N/A,32.621,-11.84 %,25.0 %,261.68,314.92,378.84,Short-to-Medium Term (2–8 weeks)
ORCHPHARMA,SELL,-2,987.95,57.19,-13.0583,1004.95,920.11,987.95,804.68,1079.59,2.0,Healthcare,49976066048,243.29628,4.05,N/A,N/A,-10.33 %,0.0 %,750.13,961.7,1232.26,Exit / Avoid new positions
MIDCAPETF,SELL,-3,23.41,50.64,-0.0473,23.43,23.15,23.41,22.09,24.07,2.0,,N/A,N/A,N/A,N/A,N/A,-10.77 %,33.3 %,21.37,23.45,25.71,Exit / Avoid new positions
ORKLAINDIA,STRONG SELL,-6,568.9,24.46,-2.5914,589.3,608.3,568.9,531.52,587.59,2.0,Consumer Defensive,77700292608,27.243036,20.82,0.10967,2.284,1.09 %,100.0 %,472.58,545.57,629.64,Short-to-Medium Term (2–8 weeks)
ORIENTCEM,STRONG SELL,-8,136.11,44.31,-0.2487,136.88,136.27,136.11,126.36,140.99,2.0,Basic Materials,27681607680,13.2217865,10.19,N/A,3.377,-13.18 %,0.0 %,106.27,128.01,154.13,Short-to-Medium Term (2–8 weeks)
KITEX,STRONG SELL,-7,147.18,28.42,-0.6102,152.71,156.14,147.18,136.02,152.76,2.0,Consumer Cyclical,28933484544,500.10345,0.29,-0.01079,96.813,16.28 %,42.9 %,109.71,151.64,209.44,Short-to-Medium Term (2–8 weeks)
SUNDRMFAST,HOLD,-1,958.3,62.97,-3.8124,948.15,895.23,958.3,902.62,986.14,2.0,Consumer Cyclical,200409923584,33.85694,28.17,0.14583999,14.532,-9.98 %,33.3 %,815.73,931.98,1064.49,Monitor weekly; re-evaluate on next earnings or macro event
RPEL,BUY,3,1292.7,47.16,-9.5448,1282.84,1161.48,1292.7,1441.02,1218.54,2.0,Basic Materials,58063716352,92.29198,13.7,N/A,2.213,78.53 %,100.0 %,1047.64,1361.76,1769.04,Medium-to-Long Term (1–6 months)
EFCIL,HOLD,0,197.05,52.75,0.1683,193.44,188.96,197.05,176.53,207.31,2.0,Real Estate,29277065216,11.913907,16.61,0.33648998,172.783,-24.17 %,0.0 %,146.42,182.16,226.52,Monitor weekly; re-evaluate on next earnings or macro event
INDIGOPNTS,HOLD,0,1073.9,45.23,-3.1937,1059.57,1019.54,1073.9,972.08,1124.81,2.0,Basic Materials,50911629312,35.097073,30.39,0.13514,1.831,-0.02 %,33.3 %,881.79,1047.93,1244.89,Monitor weekly; re-evaluate on next earnings or macro event
ASAHIINDIA,STRONG SELL,-8,878.15,52.39,-2.751,887.31,881.42,878.15,800.21,917.12,2.0,Consumer Cyclical,221939613696,63.1327,13.79,0.104940005,55.868,15.45 %,50.0 %,732.5,887.09,1073.84,Short-to-Medium Term (2–8 weeks)
LOWVOL1,HOLD,-1,21.25,49.51,-0.011,21.06,20.75,21.25,20.02,21.86,2.02,Unknown,N/A,26.777838,N/A,N/A,N/A,-0.11 %,25.0 %,19.67,21.24,22.94,Monitor weekly; re-evaluate on next earnings or macro event
IRBINVIT,HOLD,0,63.47,82.05,0.1561,61.83,61.07,63.47,61.67,64.37,2.0,Unknown,85072601088,N/A,N/A,N/A,N/A,7.01 %,25.0 %,58.84,63.14,67.76,Monitor weekly; re-evaluate on next earnings or macro event
STYL,SELL,-4,359.4,53.47,-2.9247,363.33,312.75,359.4,285.6,396.3,2.0,Technology,55556030464,20.328598,16.89,N/A,5.865,N/A,N/A,278.1,350.02,440.32,Exit / Avoid new positions
PRECWIRE,SELL,-4,373.95,50.03,-0.1565,381.02,403.33,373.95,331.89,394.98,2.0,Industrials,67017400320,42.827103,8.56,0.23027,39.377,95.61 %,75.0 %,297.14,390.59,513.12,Exit / Avoid new positions
BAJAJHIND,SELL,-3,16.93,41.16,0.0005,17.4,18.24,16.93,15.4,17.7,1.99,Consumer Defensive,39610806272,19.534882,0.86,0.031400003,92.996,12.78 %,50.0 %,12.85,15.89,19.64,Exit / Avoid new positions
WEL,HOLD,-1,109.97,75.0,0.4882,103.05,98.23,109.97,102.56,113.67,2.0,Consumer Cyclical,14821284864,162.64705,0.68,0.08762,107.754,-9.75 %,60.0 %,82.0,108.35,143.07,Monitor weekly; re-evaluate on next earnings or macro event
RENUKA,STRONG SELL,-7,21.86,30.35,-0.0466,22.55,22.74,21.86,20.18,22.7,2.0,Consumer Defensive,46060515328,N/A,-3.72,N/A,N/A,-22.27 %,20.0 %,17.02,20.66,25.07,Short-to-Medium Term (2–8 weeks)
TNPL,HOLD,1,156.04,71.69,1.0807,146.12,146.48,156.04,141.22,163.45,2.0,Basic Materials,10439727104,4.213408,35.8,0.11254,69.638,-13.53 %,25.0 %,125.52,150.53,180.44,Monitor weekly; re-evaluate on next earnings or macro event
AARTIPHARM,STRONG SELL,-6,684.35,45.05,-4.8795,697.54,677.35,684.35,618.23,717.41,2.0,Healthcare,61267820544,35.13521,19.23,0.08492,37.359,-32.58 %,12.5 %,545.99,685.43,860.04,Short-to-Medium Term (2–8 weeks)
SETFNIFBK,SELL,-4,587.2,41.58,-2.0987,592.27,579.4,587.2,558.22,601.69,2.0,Unknown,N/A,14.682667,N/A,N/A,N/A,-4.68 %,20.0 %,544.52,590.07,639.33,Exit / Avoid new positions
VARROC,HOLD,0,665.7,55.56,-2.9702,652.85,614.71,665.7,604.56,696.27,2.0,Consumer Cyclical,100648919040,44.779064,14.71,0.13456,50.855,-15.68 %,25.0 %,545.12,664.16,808.83,Monitor weekly; re-evaluate on next earnings or macro event
PAUSHAKLTD,SELL,-3,572.15,60.52,-1.4441,548.99,499.86,572.15,489.98,613.24,2.0,Basic Materials,14363883520,36.500626,15.96,0.08222,15.666,0.51 %,100.0 %,439.64,565.18,726.18,Exit / Avoid new positions
INA,STRONG SELL,-8,112.04,49.93,-0.2993,116.13,119.61,112.04,93.05,121.54,2.0,Technology,24456654848,12.191209,9.1,0.28151,109.826,-14.7 %,0.0 %,82.15,116.13,164.03,Short-to-Medium Term (2–8 weeks)
THOMASCOOK,STRONG SELL,-7,98.45,31.57,-0.7976,103.45,102.81,98.45,88.67,103.34,2.0,Consumer Cyclical,46250647552,20.869936,4.69,0.09263,21.373,-14.8 %,25.0 %,71.92,92.29,118.35,Short-to-Medium Term (2–8 weeks)
NPST,SELL,-2,1557.1,39.7,-18.2337,1599.21,1473.95,1557.1,1343.68,1663.81,2.0,Technology,32353028096,75.459854,20.55,0.17201,3.119,-44.67 %,0.0 %,1082.27,1491.27,2053.38,Exit / Avoid new positions
NFL,STRONG SELL,-7,71.04,30.93,-0.2627,73.08,74.77,71.04,66.84,73.14,2.0,Basic Materials,34978242560,16.542925,4.31,0.07612,139.519,-9.53 %,25.0 %,55.8,67.62,81.91,Short-to-Medium Term (2–8 weeks)
POLYPLEX,HOLD,1,1161.9,76.55,7.0461,1056.52,980.55,1161.9,1050.78,1217.46,2.0,Basic Materials,35829784576,79.87054,14.29,0.00617,13.292,1.6 %,66.7 %,954.03,1160.66,1411.44,Monitor weekly; re-evaluate on next earnings or macro event
EPACK,STRONG SELL,-9,232.1,46.9,-0.773,236.65,233.42,232.1,209.03,243.63,2.0,Consumer Cyclical,22308648960,662.37146,0.35,0.00341,76.95,-32.45 %,28.6 %,174.42,228.28,298.6,Short-to-Medium Term (2–8 weeks)
SMSPHARMA,BUY,3,391.9,27.3,-2.0755,400.04,387.11,391.9,428.89,373.4,2.0,Healthcare,35658010624,34.086838,11.17,0.14310001,46.455,14.63 %,75.0 %,307.08,397.17,513.4,Medium-to-Long Term (1–6 months)
MANOMAY,HOLD,-1,206.46,78.82,3.3097,185.23,183.37,206.46,180.24,219.57,2.0,Consumer Cyclical,3788429568,19.292278,10.88,0.12309,203.436,-23.48 %,33.3 %,159.1,202.13,256.67,Monitor weekly; re-evaluate on next earnings or macro event
TARC,HOLD,-1,132.93,58.98,1.4341,124.19,126.51,132.93,117.27,140.76,2.0,Real Estate,38622208000,204.50002,0.64,0.01808,178.38,-5.06 %,50.0 %,101.72,128.73,162.83,Monitor weekly; re-evaluate on next earnings or macro event
NOVARTIND,HOLD,0,1631.0,63.74,2.297,1556.62,1456.94,1631.0,1333.7,1779.65,2.0,Healthcare,38994173952,39.851124,39.63,N/A,0.393,N/A,N/A,1457.88,2328.38,3714.84,Monitor weekly; re-evaluate on next earnings or macro event
JISLJALEQS,STRONG SELL,-7,30.43,26.28,-0.2461,32.05,31.78,30.43,27.73,31.78,2.0,Industrials,22056652800,N/A,-0.34,-0.0068,71.789,-27.76 %,25.0 %,22.44,28.65,36.56,Short-to-Medium Term (2–8 weeks)
ORIENTHOT,HOLD,0,137.35,49.64,-1.0145,135.47,120.46,137.35,108.91,151.57,2.0,Consumer Cyclical,24396650496,36.524067,3.74,N/A,17.136,-19.94 %,0.0 %,106.49,136.16,173.99,Monitor weekly; re-evaluate on next earnings or macro event
CRIZAC,SELL,-2,194.98,44.86,0.1685,194.09,205.05,194.98,175.42,204.76,2.0,Consumer Defensive,33304418304,15.202076,12.52,0.40003,0.31,-25.79 %,0.0 %,144.53,183.76,233.52,Exit / Avoid new positions
VMARCIND,SELL,-2,279.0,43.39,33.643,275.25,929.21,279.0,233.1,301.95,2.0,Unknown,26476918784,N/A,N/A,N/A,N/A,-45.98 %,40.0 %,131.56,277.15,582.91,Exit / Avoid new positions
THELEELA,HOLD,-1,475.6,42.12,-4.1083,486.42,456.61,475.6,425.32,500.74,2.0,Consumer Cyclical,158830379008,38.323933,12.41,0.08014,28.065,-21.66 %,0.0 %,407.87,477.84,559.61,Monitor weekly; re-evaluate on next earnings or macro event
MEDICO,SELL,-3,40.75,56.7,0.2157,39.2,42.41,40.75,36.37,42.94,2.0,Healthcare,3613123328,27.556961,1.58,0.19015,25.444,1.77 %,60.0 %,30.62,40.63,53.87,Exit / Avoid new positions
FERMENTA,SELL,-4,442.05,66.44,-1.8523,408.2,356.26,442.05,353.28,486.44,2.0,,N/A,N/A,N/A,0.18511,28.294,N/A,N/A,377.06,507.69,683.13,Exit / Avoid new positions
BHAGYANGR,STRONG BUY,5,426.7,61.52,1.1815,390.45,352.86,426.7,488.26,395.92,2.0,Basic Materials,13023564800,20.736118,19.63,N/A,100.527,45.84 %,60.0 %,346.2,458.87,607.81,Short-to-Medium Term (2–8 weeks)
SPORTKING,BUY,4,215.56,83.37,2.1282,191.44,181.9,215.56,245.65,200.52,2.0,Consumer Cyclical,27360626688,22.870213,9.4,0.11286,42.272,0.41 %,33.3 %,169.15,220.71,287.81,Medium-to-Long Term (1–6 months)
HARSHA,SELL,-4,405.75,31.32,-2.7654,418.97,413.5,405.75,367.83,424.71,2.0,Industrials,36822790144,23.735329,17.04,0.11687,26.551,-27.93 %,0.0 %,330.05,397.01,477.36,Exit / Avoid new positions
CAPACITE,STRONG SELL,-8,218.8,30.79,-2.4519,233.71,232.44,218.8,192.73,231.84,2.0,Industrials,18295623680,9.5474615,22.65,0.10633001,25.274,-58.05 %,0.0 %,169.17,212.57,266.97,Short-to-Medium Term (2–8 weeks)
PRAVEG,HOLD,-1,301.07,73.89,5.527,259.04,249.12,301.07,251.12,326.05,2.0,,N/A,N/A,N/A,-0.021089999,36.488,N/A,N/A,223.48,314.83,443.19,Monitor weekly; re-evaluate on next earnings or macro event
UNICHEMLAB,SELL,-2,539.95,58.54,-10.6657,548.19,459.72,539.95,405.4,607.23,2.0,Healthcare,37564989440,14.882846,35.85,0.097849995,18.405,-8.93 %,50.0 %,424.37,536.41,677.69,Exit / Avoid new positions
POKARNA,BUY,3,933.3,37.18,-14.8756,994.11,932.47,933.3,1051.29,874.3,2.0,Industrials,28622893056,35.453148,26.04,0.09861,53.459,-59.73 %,25.0 %,690.24,939.12,1276.87,Medium-to-Long Term (1–6 months)
ROSSARI,STRONG SELL,-6,519.95,51.32,-2.8114,519.37,522.88,519.95,463.22,548.32,2.0,Basic Materials,27933990912,18.547258,27.19,N/A,32.695,-14.32 %,33.3 %,422.24,502.75,598.37,Short-to-Medium Term (2–8 weeks)
HINDOILEXP,HOLD,0,157.98,53.61,0.7443,158.69,163.12,157.98,140.16,166.89,2.0,Energy,20772775936,33.139244,4.74,0.04638,3.594,-20.25 %,60.0 %,121.34,152.08,190.52,Monitor weekly; re-evaluate on next earnings or macro event
CARRARO,SELL,-4,536.05,53.64,-2.9841,549.7,549.25,536.05,480.4,563.88,2.0,Consumer Cyclical,30082992128,23.066696,22.94,0.25534,27.433,-7.23 %,50.0 %,394.6,524.76,697.42,Exit / Avoid new positions
DLINKINDIA,SELL,-4,447.65,20.15,-5.8426,487.75,489.39,447.65,390.68,476.13,2.0,Technology,16003810304,15.373466,29.32,0.21211,2.928,-4.34 %,40.0 %,352.97,436.5,539.54,Exit / Avoid new positions
TAJGVK,SELL,-4,360.1,48.55,-0.7585,355.92,340.04,360.1,325.0,377.65,2.0,Consumer Cyclical,22575673344,5.512094,65.32,0.39556998,9.027,1.3 %,33.3 %,284.69,359.42,453.54,Exit / Avoid new positions
CEINSYS,STRONG SELL,-5,858.6,27.26,-4.6438,905.12,921.47,858.6,776.85,899.48,2.0,Industrials,17676619776,12.446557,67.83,0.24595,8.43,-9.58 %,0.0 %,612.73,813.61,1079.67,Short-to-Medium Term (2–8 weeks)
PARKHOSPS,STRONG SELL,-7,279.7,46.93,-1.4074,285.42,280.49,279.7,242.71,298.19,2.0,Healthcare,119925604352,40.356102,6.88,0.16936001,17.307,N/A,N/A,249.43,315.32,398.39,Short-to-Medium Term (2–8 weeks)
SIS,BUY,3,435.4,58.75,-0.9261,432.56,422.61,435.4,465.46,420.37,2.0,Industrials,60832944128,44.51913,9.67,0.05565,70.299,-7.23 %,66.7 %,373.25,434.39,505.38,Medium-to-Long Term (1–6 months)
TSFINV,SELL,-3,431.6,33.26,-6.9957,460.37,425.21,431.6,380.87,456.97,2.0,Financial Services,98549940224,19.018312,23.48,0.090629995,3.85,52.67 %,50.0 %,344.81,440.68,562.9,Exit / Avoid new positions
APOLLOPIPE,STRONG BUY,6,505.35,66.36,0.0043,492.23,495.08,505.35,558.75,478.65,2.0,Industrials,21597343744,463.91513,1.06,0.00526,13.871,55.82 %,100.0 %,392.84,495.98,625.88,Short-to-Medium Term (2–8 weeks)
GROWWLIQID,BUY,3,110.08,,0.0009,109.88,109.59,110.08,110.41,109.91,1.94,Unknown,N/A,N/A,N/A,N/A,N/A,N/A,N/A,110.63,110.78,110.92,Medium-to-Long Term (1–6 months)
PSPPROJECT,HOLD,0,1055.9,47.49,-10.7849,1052.9,951.52,1055.9,919.73,1123.99,2.0,Industrials,40513912832,72.79202,14.04,N/A,26.131,9.05 %,66.7 %,878.09,1077.79,1322.31,Monitor weekly; re-evaluate on next earnings or macro event
DELTACORP,STRONG SELL,-7,62.71,40.41,-0.1185,64.41,66.52,62.71,56.77,65.68,2.0,Consumer Cyclical,16783892480,19.648903,3.19,0.0347,2.175,-19.05 %,33.3 %,47.69,59.5,74.18,Short-to-Medium Term (2–8 weeks)
AJAXENGG,HOLD,-1,566.85,63.65,-1.1479,565.99,566.84,566.85,501.81,599.37,2.0,Industrials,65297682432,29.17945,19.56,0.17663,0.132,-17.65 %,25.0 %,459.4,561.29,685.48,Monitor weekly; re-evaluate on next earnings or macro event
UTKARSHBNK,STRONG SELL,-5,14.51,48.75,-0.0894,14.72,13.99,14.51,12.95,15.29,2.0,Financial Services,25393803264,N/A,-8.37,-0.40033,N/A,-29.53 %,0.0 %,10.6,13.38,16.88,Short-to-Medium Term (2–8 weeks)
CELLO,STRONG SELL,-7,345.05,33.45,-1.6799,361.37,374.58,345.05,314.51,360.32,2.0,Consumer Cyclical,76083855360,23.431974,14.7,0.12976,1.411,-7.7 %,33.3 %,277.23,322.83,375.81,Short-to-Medium Term (2–8 weeks)
FDC,HOLD,-1,417.1,42.87,-2.9396,422.76,404.62,417.1,380.35,435.48,2.0,Healthcare,66336968704,23.538418,17.31,0.118090004,0.622,12.76 %,100.0 %,349.27,409.29,479.45,Monitor weekly; re-evaluate on next earnings or macro event
ARSSBL,STRONG SELL,-6,512.5,26.14,-6.498,548.98,541.61,512.5,460.21,538.64,2.0,Financial Services,32157556736,21.81857,23.37,N/A,63.43,-4.52 %,50.0 %,408.17,519.58,661.05,Short-to-Medium Term (2–8 weeks)
SIGMAADV,HOLD,1,549.15,51.75,-9.401,549.68,494.43,549.15,453.81,596.82,2.0,Industrials,101619810304,37.909267,15.21,0.87583,70.808,225.52 %,66.7 %,461.93,616.8,823.05,Monitor weekly; re-evaluate on next earnings or macro event
GROWWSLVR,SELL,-2,21.81,44.82,0.1435,21.69,23.17,21.81,20.4,22.51,2.01,Unknown,N/A,N/A,N/A,N/A,N/A,-81.52 %,0.0 %,4.76,18.02,68.04,Exit / Avoid new positions
GROWWDEFNC,HOLD,1,94.3,45.75,-0.1365,94.43,92.98,94.3,88.99,96.95,2.0,Unknown,N/A,46.209656,N/A,N/A,N/A,2.77 %,25.0 %,82.62,96.07,111.66,Monitor weekly; re-evaluate on next earnings or macro event
CONCORDBIO,STRONG SELL,-8,1256.4,46.81,-11.3031,1299.08,1259.02,1256.4,1123.14,1323.03,2.0,Healthcare,131408412672,50.751514,24.75,0.13543999,0.115,-9.95 %,33.3 %,967.52,1226.01,1552.76,Short-to-Medium Term (2–8 weeks)
GOKULAGRO,BUY,2,211.55,56.58,0.4096,210.99,220.67,211.55,236.0,199.33,2.0,Consumer Defensive,62201327616,16.836262,12.52,0.30102,41.405,21.47 %,33.3 %,171.31,221.1,285.19,Medium-to-Long Term (1–6 months)
KELLTONTEC,STRONG SELL,-6,14.1,22.49,-0.0963,14.98,15.41,14.1,12.78,14.76,2.0,Technology,7545946112,8.114285,1.75,N/A,28.585,-31.38 %,40.0 %,10.16,13.33,17.48,Short-to-Medium Term (2–8 weeks)
ASHOKA,STRONG SELL,-8,124.13,40.93,-0.7771,127.37,126.78,124.13,114.56,128.91,2.0,Industrials,34453164032,4.8376036,25.37,0.47987998,24.459,-24.11 %,16.7 %,94.91,118.14,147.0,Short-to-Medium Term (2–8 weeks)
GKENERGY,STRONG SELL,-7,136.69,31.37,-1.0016,140.75,138.1,136.69,119.26,145.41,2.0,Utilities,27250528256,12.337924,10.89,0.37255,23.151,N/A,N/A,98.48,131.57,175.67,Short-to-Medium Term (2–8 weeks)
ARKADE,HOLD,-1,134.59,54.75,-0.4456,133.27,123.22,134.59,118.99,142.39,2.0,Real Estate,24628277248,442.16663,0.3,0.006,11.23,7.79 %,33.3 %,106.17,131.93,163.88,Monitor weekly; re-evaluate on next earnings or macro event
KAMDHENU,BUY,2,36.76,69.21,0.2588,32.77,29.22,36.76,42.31,33.98,2.0,Basic Materials,10091411456,13.161764,2.72,0.21987,2.375,-23.58 %,0.0 %,27.54,35.77,46.44,Medium-to-Long Term (1–6 months)
GMRP&UI,SELL,-4,97.62,42.28,0.2051,98.98,103.32,97.62,89.88,101.49,2.0,Energy,75368194048,12.324393,7.83,0.41511002,549.816,-62.59 %,0.0 %,76.29,97.01,123.3,Exit / Avoid new positions
GULFPETRO,BUY,2,45.44,69.21,0.6313,39.19,38.71,45.44,52.01,42.16,2.0,Energy,2432464896,5.9861984,7.97,N/A,6.563,4.68 %,50.0 %,35.08,43.71,54.42,Medium-to-Long Term (1–6 months)
SILVERADD,HOLD,-1,214.46,44.53,1.3357,213.33,228.9,214.46,201.08,221.15,2.0,,N/A,N/A,N/A,N/A,N/A,131.34 %,75.0 %,176.82,226.05,288.84,Monitor weekly; re-evaluate on next earnings or macro event
SUNFLAG,STRONG BUY,5,362.15,66.61,1.9699,345.9,357.0,362.15,404.27,341.09,2.0,Basic Materials,63995928576,31.62066,11.23,0.022939999,5.905,-5.15 %,40.0 %,288.43,368.08,469.48,Short-to-Medium Term (2–8 weeks)
ORIANA,SELL,-4,1438.25,43.1,1.8008,1488.68,1623.05,1438.25,1299.77,1507.49,2.0,Unknown,42219130880,N/A,N/A,N/A,N/A,-3.25 %,40.0 %,1042.0,1390.38,1854.06,Exit / Avoid new positions
NITCO,SELL,-2,107.59,42.51,-0.8264,108.84,103.38,107.59,92.68,115.05,2.0,Industrials,24821610496,86.70588,1.19,0.093760006,86.275,52.85 %,66.7 %,84.13,109.38,142.12,Exit / Avoid new positions
FINPIPE,STRONG SELL,-8,163.83,37.36,-0.4295,168.2,172.66,163.83,152.28,169.61,2.0,Industrials,100568752128,16.802685,9.68,0.09731,7.171,-23.79 %,33.3 %,131.22,156.29,186.08,Short-to-Medium Term (2–8 weeks)
SAIPARENT,SELL,-4,559.75,35.9,-6.6089,579.94,555.51,559.75,499.15,590.05,2.0,Healthcare,24183711744,123.84616,4.42,0.048260003,49.06,N/A,N/A,528.49,629.39,749.26,Exit / Avoid new positions
GLOBALVECT,SELL,-3,159.71,46.22,0.0819,156.7,161.45,159.71,138.74,170.19,2.0,Industrials,2337720064,N/A,-23.06,-4.90735,N/A,-36.07 %,16.7 %,117.2,152.71,198.87,Exit / Avoid new positions
ALIVUS,HOLD,1,1132.5,46.57,-7.4749,1143.88,1093.9,1132.5,1023.78,1186.86,2.0,Healthcare,135590264832,24.083279,45.87,0.18359,1.704,-42.21 %,14.3 %,940.97,1144.27,1390.88,Monitor weekly; re-evaluate on next earnings or macro event
NAVKARCORP,SELL,-3,104.17,47.23,-1.1361,107.21,103.22,104.17,84.91,113.8,2.0,Industrials,15413165056,38.49624,2.66,N/A,9.055,-4.24 %,33.3 %,77.84,101.02,131.03,Exit / Avoid new positions
EMUDHRA,SELL,-2,463.15,65.74,2.2788,449.01,458.1,463.15,411.22,489.11,2.0,Technology,37748228096,35.365105,13.01,0.13259,3.153,-45.5 %,0.0 %,365.55,442.55,535.55,Exit / Avoid new positions
VINATIORGA,STRONG SELL,-8,1313.6,38.79,-2.227,1320.62,1324.05,1313.6,1230.98,1354.91,2.0,Basic Materials,134956212224,30.380665,42.82,0.14903,N/A,0.81 %,60.0 %,1100.37,1270.72,1466.96,Short-to-Medium Term (2–8 weeks)
RAINBOW,HOLD,-1,1483.5,66.28,-4.1006,1463.53,1415.73,1483.5,1363.65,1543.42,2.0,Healthcare,149077196800,53.61182,27.41,0.17941,53.558,4.89 %,50.0 %,1290.46,1498.32,1739.09,Monitor weekly; re-evaluate on next earnings or macro event
SIGNPOST,HOLD,1,305.65,54.45,-2.3886,308.2,285.47,305.65,259.12,328.91,2.0,Communication Services,16291559424,23.196346,13.14,0.273,69.752,6.28 %,50.0 %,231.06,306.82,407.18,Monitor weekly; re-evaluate on next earnings or macro event
GATEWAY,SELL,-4,58.5,40.84,-0.2588,58.97,58.17,58.5,53.58,60.96,2.0,Industrials,29209178112,11.417969,5.12,0.10375,25.362,-6.84 %,33.3 %,47.77,56.0,65.63,Exit / Avoid new positions
TEAMLEASE,STRONG SELL,-6,1294.0,27.62,-12.9583,1386.09,1399.03,1294.0,1168.27,1356.87,2.0,Industrials,21801670656,387.0536,3.36,0.14261,10.971,-17.33 %,25.0 %,1044.41,1214.38,1411.54,Short-to-Medium Term (2–8 weeks)
MAHSCOOTER,SELL,-4,12986.0,48.91,-42.2712,12932.7,12626.84,12986.0,12098.42,13429.79,2.0,Financial Services,145519951872,46.91426,271.41,0.010620001,N/A,35.45 %,33.3 %,10927.75,13181.1,15892.52,Exit / Avoid new positions
SDBL,SELL,-3,72.07,59.39,1.0588,69.22,74.44,72.07,62.11,77.05,2.0,Consumer Defensive,14675752960,144.06122,0.49,0.01289,N/A,-21.3 %,25.0 %,54.21,69.69,89.54,Exit / Avoid new positions
INTERARCH,STRONG SELL,-6,1827.1,50.52,-3.9029,1844.67,1818.66,1827.1,1655.38,1912.96,2.0,Industrials,30469425152,22.75426,79.84,0.16479999,1.99,-12.54 %,20.0 %,1446.88,1863.13,2397.8,Short-to-Medium Term (2–8 weeks)
KODYTECH,HOLD,1,1345.3,74.25,-1.7147,1190.85,1040.97,1345.3,1128.4,1453.75,2.0,Unknown,45253836800,N/A,N/A,N/A,N/A,-13.94 %,33.3 %,833.35,1245.21,1858.97,Monitor weekly; re-evaluate on next earnings or macro event
DAMCAPITAL,SELL,-3,156.86,55.34,-0.3903,156.67,153.0,156.86,133.04,168.77,2.0,Financial Services,10913211392,15.033106,10.27,0.24398,25.432,-25.74 %,0.0 %,111.68,144.56,187.02,Exit / Avoid new positions
ELECTCAST,STRONG SELL,-7,72.14,33.01,-0.4571,75.55,76.7,72.14,65.69,75.36,2.0,Industrials,44187836416,27.386976,2.61,0.027590001,26.35,3.06 %,50.0 %,52.04,67.14,86.59,Short-to-Medium Term (2–8 weeks)
HONAUT,HOLD,0,37525.0,43.92,-304.7933,38539.25,36925.8,37525.0,35166.79,38704.11,2.0,Industrials,331864440832,63.265305,592.9,0.12352,2.476,2.75 %,50.0 %,31680.12,36557.46,42172.38,Monitor weekly; re-evaluate on next earnings or macro event
DBREALTY,STRONG SELL,-8,113.85,51.35,-0.3483,114.89,114.91,113.85,96.63,122.46,2.0,Real Estate,61340782592,226.18,0.5,0.00598,18.413,-19.82 %,25.0 %,82.42,108.79,143.53,Short-to-Medium Term (2–8 weeks)
NIITLTD,HOLD,-1,95.08,39.13,-1.2501,99.02,91.69,95.08,82.81,101.22,2.0,Consumer Defensive,13002605568,139.92647,0.68,N/A,0.65,-18.32 %,0.0 %,69.16,92.62,123.97,Monitor weekly; re-evaluate on next earnings or macro event
SILVERAG,HOLD,-1,216.8,44.93,1.3598,215.51,231.17,216.8,204.23,223.09,2.0,,N/A,N/A,N/A,N/A,N/A,134.09 %,75.0 %,176.54,228.42,295.39,Monitor weekly; re-evaluate on next earnings or macro event
ARTEMISMED,BUY,3,278.5,54.48,0.3472,271.06,269.42,278.5,304.84,265.33,2.0,,N/A,121.04804,2.29,0.11626001,27.805,-0.71 %,50.0 %,227.03,278.02,340.31,Medium-to-Long Term (1–6 months)
AVL,HOLD,-1,623.95,33.47,-5.7275,636.76,595.9,623.95,564.46,653.7,2.0,Consumer Cyclical,80362602496,68.76243,9.05,0.18383,83.205,-6.38 %,25.0 %,515.88,635.42,782.29,Monitor weekly; re-evaluate on next earnings or macro event
MANCREDIT,BUY,2,222.3,41.81,-3.5341,232.12,215.78,222.3,264.24,201.33,2.0,Financial Services,4640854016,30.317242,7.25,0.097679995,192.098,7.85 %,40.0 %,192.03,227.18,268.66,Medium-to-Long Term (1–6 months)
20MICRONS,SELL,-2,204.0,63.38,-0.2534,202.57,193.61,204.0,178.47,216.76,2.0,Basic Materials,7114818048,10.651347,18.93,0.14479,32.043,-8.11 %,33.3 %,154.86,198.8,255.08,Exit / Avoid new positions
ALLDIGI,HOLD,1,872.05,62.58,4.6544,820.74,819.69,872.05,781.12,917.51,2.0,Industrials,13312201728,15.580524,56.07,N/A,68.009,-18.45 %,33.3 %,713.65,855.74,1025.72,Monitor weekly; re-evaluate on next earnings or macro event
MARATHON,STRONG SELL,-8,388.7,32.9,-0.5373,401.39,419.7,388.7,349.91,408.09,2.0,Real Estate,25864986624,12.536777,30.59,0.11684,4.266,-9.11 %,25.0 %,299.8,376.14,471.67,Short-to-Medium Term (2–8 weeks)
WELSPLSOL,STRONG SELL,-5,51.69,50.7,-0.4322,52.66,50.97,51.69,44.34,55.36,2.0,,N/A,N/A,N/A,N/A,7.686,N/A,N/A,44.33,58.93,78.31,Short-to-Medium Term (2–8 weeks)
RIIL,STRONG SELL,-5,736.2,19.97,-7.4302,783.56,788.37,736.2,676.38,766.11,2.0,Industrials,10979964928,90.66708,8.02,N/A,N/A,-29.3 %,14.3 %,577.53,707.93,867.37,Short-to-Medium Term (2–8 weeks)
DEEDEV,BUY,3,682.65,57.47,-6.3534,680.6,651.3,682.65,796.86,625.54,2.0,Industrials,50391613440,60.1752,11.13,0.09127,79.221,-15.95 %,25.0 %,527.43,701.34,932.02,Medium-to-Long Term (1–6 months)
BLUSPRING,SELL,-2,109.36,53.16,-1.7793,111.92,98.11,109.36,89.23,119.42,2.0,Industrials,16002140160,N/A,-1.03,-0.030439999,18.377,-5.44 %,0.0 %,83.12,111.48,149.43,Exit / Avoid new positions
MANINFRA,STRONG SELL,-7,98.38,38.35,-0.1708,101.81,107.97,98.38,89.83,102.66,2.0,Industrials,39325188096,19.214989,5.07,0.10152,2.766,-12.55 %,33.3 %,75.89,93.43,114.98,Short-to-Medium Term (2–8 weeks)
MVGJL,SELL,-2,167.13,69.29,0.4928,156.11,153.46,167.13,141.75,179.82,2.0,Consumer Cyclical,8490173440,7.38674,23.53,0.14816,58.923,-27.88 %,20.0 %,126.24,162.2,208.29,Exit / Avoid new positions
MAHSEAMLES,STRONG SELL,-7,576.85,35.4,-1.0319,588.52,610.55,576.85,540.49,595.03,2.0,Basic Materials,76928966656,10.972859,52.32,0.106079996,0.194,4.17 %,66.7 %,480.05,569.01,674.19,Short-to-Medium Term (2–8 weeks)
SAGCEM,SELL,-2,183.15,60.76,0.2533,178.77,177.39,183.15,164.4,192.53,2.0,Basic Materials,23301236736,N/A,-2.78,N/A,91.801,-19.85 %,25.0 %,149.41,179.04,214.45,Exit / Avoid new positions
MBEL,STRONG SELL,-7,296.95,38.18,-4.2054,317.06,305.29,296.95,255.07,317.89,2.0,Industrials,17021596672,17.59303,16.93,0.19226,12.711,-27.38 %,0.0 %,213.17,283.09,375.69,Short-to-Medium Term (2–8 weeks)
INDRAMEDCO,STRONG SELL,-8,368.6,40.23,-0.9165,376.76,379.68,368.6,342.89,381.46,2.0,Healthcare,33854838784,18.45577,20.01,0.27466,4.979,-18.49 %,25.0 %,288.11,372.85,482.24,Short-to-Medium Term (2–8 weeks)
MANGLMCEM,HOLD,1,984.7,85.84,-0.6128,956.95,894.98,984.7,904.36,1024.87,2.0,Basic Materials,26611884032,20.648603,46.87,0.14099,90.914,-26.5 %,16.7 %,825.11,982.55,1169.59,Monitor weekly; re-evaluate on next earnings or macro event
ADVENTHTL,SELL,-3,149.47,53.64,-0.1933,145.51,141.36,149.47,129.4,159.5,2.0,Consumer Cyclical,8225211392,13.032478,11.7,0.06509,78.145,-10.4 %,0.0 %,93.28,129.38,179.31,Exit / Avoid new positions
ADFFOODS,BUY,3,314.4,53.3,-1.3807,308.99,295.02,314.4,351.21,296.0,2.0,Consumer Defensive,32920625152,36.676865,8.17,0.16894,9.628,-31.63 %,0.0 %,246.67,317.89,409.46,Medium-to-Long Term (1–6 months)
GOPAL,STRONG SELL,-7,260.15,28.7,-0.2602,267.18,279.26,260.15,240.56,269.94,2.0,Consumer Defensive,32706340864,44.390865,5.91,0.16670999,32.169,13.74 %,50.0 %,208.86,254.49,309.95,Short-to-Medium Term (2–8 weeks)
ADSL,STRONG SELL,-7,116.36,42.91,-0.603,120.75,121.62,116.36,102.44,123.32,2.0,Technology,6433209856,18.1712,6.25,0.05392,20.27,-48.6 %,16.7 %,84.5,110.8,145.2,Short-to-Medium Term (2–8 weeks)
COCKERILL,STRONG SELL,-5,8859.5,54.07,-98.0353,9124.17,8586.72,8859.5,7600.88,9488.81,2.0,Industrials,N/A,210.36264,41.64,N/A,2.531,N/A,N/A,7719.45,11022.26,15725.84,Short-to-Medium Term (2–8 weeks)
EPL,BUY,4,239.06,43.51,-0.6863,235.9,226.85,239.06,261.65,227.77,2.0,Consumer Cyclical,75292377088,19.395216,12.12,0.15077,33.579,-34.8 %,16.7 %,196.69,238.66,289.46,Medium-to-Long Term (1–6 months)
HARIOMPIPE,SELL,-4,395.0,56.84,-0.9262,393.51,396.23,395.0,351.08,416.96,2.0,Basic Materials,11992082432,15.838446,24.45,0.12392,62.241,35.72 %,66.7 %,287.8,378.24,496.81,Exit / Avoid new positions
HAWKINCOOK,SELL,-3,8894.5,48.26,-70.0499,8857.77,8103.71,8894.5,8030.38,9326.56,2.0,Consumer Cyclical,46350344192,35.321968,248.16,0.31669,6.6,N/A,N/A,8491.36,9538.74,10712.56,Exit / Avoid new positions
FABTECH,STRONG SELL,-6,148.9,23.52,-1.2284,156.18,154.38,148.9,131.68,157.51,2.0,Healthcare,6626279936,13.601278,10.96,N/A,16.589,-16.57 %,0.0 %,109.68,143.32,187.16,Short-to-Medium Term (2–8 weeks)
JASH,HOLD,-1,516.8,61.09,-3.9544,513.51,479.75,516.8,458.39,546.0,2.0,Industrials,31924348928,42.32694,11.99,0.15712,19.563,-11.13 %,33.3 %,408.83,513.68,645.1,Monitor weekly; re-evaluate on next earnings or macro event
DSSL,SELL,-4,1231.6,36.6,-1.4914,1269.26,1392.24,1231.6,1076.47,1309.16,2.0,Technology,15224632320,17.939367,66.63,0.31044,75.024,-4.99 %,40.0 %,931.57,1217.82,1591.08,Exit / Avoid new positions
FINEORG,SELL,-3,4838.5,41.62,-38.5834,5016.19,4906.57,4838.5,4425.88,5044.81,2.0,Basic Materials,146876612608,35.234627,135.96,0.16818,2.56,-23.65 %,25.0 %,4039.56,4785.25,5666.47,Exit / Avoid new positions
AHCL,SELL,-2,15.75,51.58,-0.0314,15.37,15.02,15.75,14.22,16.52,1.99,Healthcare,8307579392,25.62295,0.61,0.17355,17.133,5.57 %,100.0 %,13.03,16.82,21.68,Exit / Avoid new positions
HNGSNGBEES,SELL,-3,488.21,55.27,1.8421,480.98,493.96,488.21,448.01,508.31,2.0,Unknown,N/A,11.857287,N/A,N/A,N/A,-11.11 %,28.6 %,424.3,501.68,592.97,Exit / Avoid new positions
GHCL,SELL,-4,438.6,60.54,1.1055,433.55,439.8,438.6,411.3,452.25,2.0,Basic Materials,39773175808,8.655496,50.13,0.13420999,2.345,-28.41 %,20.0 %,357.68,430.33,517.53,Exit / Avoid new positions
JTEKTINDIA,STRONG SELL,-7,133.29,27.0,-1.5463,140.27,133.58,133.29,120.96,139.45,2.0,Consumer Cyclical,37495738368,47.59507,2.84,0.07445,28.653,-26.62 %,0.0 %,104.14,128.91,159.49,Short-to-Medium Term (2–8 weeks)
ALOKINDS,STRONG SELL,-6,12.04,29.78,-0.0585,12.53,12.58,12.04,11.02,12.55,2.0,Consumer Cyclical,59185664000,N/A,-1.43,N/A,N/A,-8.7 %,25.0 %,9.25,11.4,14.05,Short-to-Medium Term (2–8 weeks)
INDOTECH,HOLD,1,3503.4,72.95,-10.1032,3302.98,2903.56,3503.4,2946.21,3781.99,2.0,Industrials,36822724608,39.74894,87.23,0.28350002,1.391,-32.6 %,0.0 %,2642.31,3596.6,4892.19,Monitor weekly; re-evaluate on next earnings or macro event
AARTIDRUGS,SELL,-3,410.95,62.99,-0.1707,401.0,386.93,410.95,366.04,433.4,2.0,Healthcare,37265539072,19.106222,21.37,0.13359,37.221,7.19 %,33.3 %,332.59,403.72,489.86,Exit / Avoid new positions
KOPRAN,BUY,2,201.21,62.69,-0.566,197.16,190.71,201.21,230.49,186.57,2.0,Healthcare,9625251840,37.399624,5.33,0.04908,28.795,-22.85 %,16.7 %,151.7,196.67,254.81,Medium-to-Long Term (1–6 months)
RELTD,HOLD,1,174.03,31.23,-1.7277,173.89,152.16,174.03,152.16,184.97,2.0,Technology,34704449536,39.190582,4.46,0.20363002,366.24,-53.49 %,12.5 %,135.28,180.1,239.63,Monitor weekly; re-evaluate on next earnings or macro event
HEMIPROP,STRONG SELL,-8,135.14,42.67,-0.32,137.41,139.45,135.14,126.14,139.64,2.0,Real Estate,38198161408,N/A,-0.39,-0.02696,20.144,-30.97 %,33.3 %,104.37,130.41,162.88,Short-to-Medium Term (2–8 weeks)
SANOFI,STRONG SELL,-5,3368.8,37.69,-7.2688,3402.83,3303.38,3368.8,3159.64,3473.38,2.0,Healthcare,77456588800,25.020086,134.42,N/A,2.376,1.03 %,33.3 %,2878.91,3225.01,3611.82,Short-to-Medium Term (2–8 weeks)
ENERGY,STRONG SELL,-7,39.02,45.28,-0.0179,39.43,39.95,39.02,37.52,39.77,2.0,Unknown,N/A,14.178785,N/A,N/A,N/A,-0.47 %,50.0 %,35.97,39.47,43.29,Short-to-Medium Term (2–8 weeks)
MOSMALL250,SELL,-3,17.93,48.99,-0.0703,18.01,17.54,17.93,16.64,18.57,2.02,Unknown,N/A,28.38727,N/A,N/A,N/A,-7.07 %,25.0 %,16.16,17.88,19.78,Exit / Avoid new positions
BCG,STRONG SELL,-8,9.47,43.21,-0.0079,9.65,10.13,9.47,8.57,9.92,2.0,Communication Services,18772252672,1.9496856,4.77,0.09993,N/A,-8.25 %,20.0 %,6.73,9.53,13.48,Short-to-Medium Term (2–8 weeks)
ASAHISONG,HOLD,0,339.85,80.52,7.0683,277.12,262.31,339.85,278.02,370.77,2.0,Basic Materials,4159724800,22.19497,15.9,0.06127,48.076,-1.18 %,50.0 %,252.14,329.73,430.94,Monitor weekly; re-evaluate on next earnings or macro event
INDOSTAR,HOLD,0,268.5,58.94,-1.3093,262.93,246.1,268.5,237.81,283.85,2.0,Financial Services,43589537792,29.905764,9.02,0.035150003,144.787,-28.84 %,20.0 %,207.73,267.55,344.39,Monitor weekly; re-evaluate on next earnings or macro event
EVERESTIND,SELL,-3,540.65,63.58,-0.8113,501.35,430.43,540.65,471.26,575.35,2.0,Industrials,8220416000,N/A,-64.18,N/A,45.885,1.07 %,33.3 %,404.12,512.21,648.87,Exit / Avoid new positions
UNIHEALTH,STRONG BUY,5,786.25,71.73,2.2063,705.48,573.54,786.25,885.31,736.72,2.0,Unknown,1899694208,N/A,N/A,N/A,N/A,56.96 %,75.0 %,667.69,873.71,1142.62,Short-to-Medium Term (2–8 weeks)
NARMADA,SELL,-3,32.98,40.05,-0.2594,35.94,36.85,32.98,27.04,35.95,2.0,Basic Materials,1284526464,33.19608,1.02,0.06697,17.02,91.85 %,100.0 %,25.55,33.54,44.0,Exit / Avoid new positions
NOCIL,SELL,-4,163.03,31.38,-1.3913,171.12,169.26,163.03,146.71,171.19,2.0,Basic Materials,26884333568,48.628403,3.31,0.03147,0.453,7.8 %,60.0 %,126.98,156.02,191.62,Exit / Avoid new positions
NXST,SELL,-3,167.5,62.8,-0.0531,165.06,159.94,167.5,156.19,173.16,2.0,Unknown,224583614464,N/A,N/A,N/A,N/A,18.02 %,50.0 %,154.06,168.04,183.25,Exit / Avoid new positions
NUCLEUS,STRONG SELL,-7,731.5,35.66,-3.1299,752.58,759.17,731.5,671.8,761.35,2.0,Technology,19081897984,16.351229,44.33,0.13561,0.942,28.0 %,66.7 %,557.13,695.82,868.6,Short-to-Medium Term (2–8 weeks)
HIMATSEIDE,STRONG SELL,-7,81.02,36.26,-0.955,86.05,82.3,81.02,71.0,86.03,2.0,Consumer Cyclical,10001542144,16.133875,4.93,0.029690001,123.113,-30.79 %,28.6 %,60.15,77.81,100.61,Short-to-Medium Term (2–8 weeks)
PDSL,SELL,-2,357.5,48.64,-3.1649,362.07,335.88,357.5,308.9,381.8,2.0,Industrials,49571844096,44.491096,7.86,0.10045999,67.994,-5.95 %,33.3 %,282.52,345.51,422.37,Exit / Avoid new positions
METAL,HOLD,0,12.59,45.67,0.0057,12.66,12.98,12.59,11.63,13.07,2.0,Unknown,N/A,18.425476,N/A,N/A,N/A,-0.8 %,60.0 %,11.22,12.75,14.49,Monitor weekly; re-evaluate on next earnings or macro event
PREMIERPOL,STRONG BUY,6,74.48,62.69,0.6962,69.63,62.5,74.48,93.8,64.82,2.0,Basic Materials,7897582592,22.574852,3.34,N/A,16.692,29.37 %,33.3 %,56.79,76.14,102.01,Short-to-Medium Term (2–8 weeks)
HESTERBIO,STRONG BUY,5,2528.4,63.54,0.8997,2315.47,2136.96,2528.4,2999.82,2292.69,2.0,Healthcare,21440702464,38.485264,65.49,0.16555001,52.964,-13.39 %,0.0 %,1965.07,2480.92,3130.57,Short-to-Medium Term (2–8 weeks)
SKFINDIA,STRONG SELL,-8,1481.4,32.56,-5.7575,1553.32,1606.0,1481.4,1340.67,1551.77,2.0,Industrials,72644149248,27.327507,53.77,0.13543001,0.219,-51.75 %,25.0 %,978.23,1355.8,1877.74,Short-to-Medium Term (2–8 weeks)
VIPIND,STRONG SELL,-8,296.25,43.39,-0.3599,300.57,307.64,296.25,274.71,307.02,2.0,Consumer Cyclical,41337626624,N/A,-23.79,-0.74644,254.843,3.94 %,42.9 %,231.79,286.44,353.81,Short-to-Medium Term (2–8 weeks)
GPTINFRA,SELL,-4,120.9,43.05,-0.7035,122.6,120.97,120.9,107.01,127.84,2.0,Industrials,15472081920,15.901299,7.7,0.17464,49.76,-29.1 %,0.0 %,92.45,117.62,149.56,Exit / Avoid new positions
SESHAPAPER,HOLD,0,237.29,58.32,1.8777,224.92,227.03,237.29,203.96,253.95,2.0,Basic Materials,14838672384,14.311435,16.44,N/A,N/A,-23.53 %,0.0 %,194.94,230.93,273.45,Monitor weekly; re-evaluate on next earnings or macro event
VISAKAIND,HOLD,0,82.29,52.09,-0.3391,80.82,76.97,82.29,70.62,88.12,2.0,Industrials,7125800448,8.347166,9.88,0.10865,36.591,36.33 %,100.0 %,64.5,80.29,99.9,Monitor weekly; re-evaluate on next earnings or macro event
ABLBL,STRONG SELL,-9,95.47,51.13,-0.0165,95.73,98.08,95.47,88.6,98.91,2.0,Consumer Cyclical,114018091008,66.57447,1.41,0.12724,213.719,-2.14 %,50.0 %,74.9,90.14,108.45,Short-to-Medium Term (2–8 weeks)
IFBAGRO,HOLD,-1,1044.55,66.28,5.8053,963.62,950.18,1044.55,904.18,1114.73,2.0,Consumer Defensive,9613934592,16.107187,63.72,N/A,11.115,44.89 %,60.0 %,806.05,1075.72,1434.7,Monitor weekly; re-evaluate on next earnings or macro event
DODLA,STRONG SELL,-6,1031.9,19.5,-8.1266,1096.13,1093.28,1031.9,935.63,1080.04,2.0,Consumer Defensive,62933966848,25.726263,40.55,N/A,3.405,-26.24 %,14.3 %,851.89,1016.4,1212.21,Short-to-Medium Term (2–8 weeks)
ITI,STRONG SELL,-6,276.1,29.76,-1.2746,287.91,294.66,276.1,252.82,287.74,2.0,Technology,263243726848,89.93421,3.04,0.1659,40.144,16.9 %,50.0 %,207.55,272.17,356.71,Short-to-Medium Term (2–8 weeks)
SCODATUBES,HOLD,-1,147.73,46.0,-0.7042,146.91,138.75,147.73,132.67,155.26,2.0,Basic Materials,8794627072,21.588236,6.8,0.14368,47.967,-27.96 %,0.0 %,113.43,146.73,189.7,Monitor weekly; re-evaluate on next earnings or macro event
SANSTAR,BUY,4,116.24,42.84,-0.2406,113.14,115.1,116.24,129.65,109.53,2.0,Basic Materials,22277857280,58.857143,1.89,0.05092,2.868,-13.66 %,25.0 %,92.8,115.64,144.03,Medium-to-Long Term (1–6 months)
GMBREW,STRONG SELL,-6,905.6,24.55,-4.082,936.1,923.38,905.6,827.87,944.47,2.0,Consumer Defensive,20388595712,12.090504,73.81,N/A,3.201,-18.97 %,14.3 %,723.78,906.28,1134.23,Short-to-Medium Term (2–8 weeks)
HIKAL,SELL,-3,221.98,52.89,-2.9467,226.71,210.91,221.98,186.1,239.92,2.0,Healthcare,26755031040,N/A,-3.95,N/A,N/A,2.33 %,80.0 %,171.4,214.37,267.99,Exit / Avoid new positions
GARUDA,STRONG SELL,-6,172.34,39.81,-0.8917,177.25,174.05,172.34,153.65,181.69,2.0,Industrials,15908277248,12.982535,13.17,0.31127,2.649,-1.94 %,20.0 %,127.8,176.44,243.42,Short-to-Medium Term (2–8 weeks)
MAITHANALL,STRONG SELL,-6,966.3,39.19,-5.7465,1002.6,1011.69,966.3,888.57,1005.16,2.0,Basic Materials,28019867648,6.4597316,149.0,0.11144,5.704,-25.41 %,33.3 %,784.8,953.28,1157.44,Short-to-Medium Term (2–8 weeks)
BBTC,STRONG SELL,-8,1496.6,41.47,-3.4975,1510.01,1521.46,1496.6,1411.19,1539.3,2.0,Consumer Defensive,104078745600,8.375631,178.1,0.28709,16.57,2.1 %,50.0 %,1202.14,1450.85,1750.29,Short-to-Medium Term (2–8 weeks)
KIRIINDUS,SELL,-2,410.8,69.64,2.2299,393.98,394.43,410.8,372.04,430.18,2.0,Basic Materials,26327871488,0.44842553,900.93,1.14879,0.649,-12.49 %,20.0 %,318.89,411.42,530.51,Exit / Avoid new positions
UNIPARTS,HOLD,1,704.8,63.06,-1.0441,677.01,646.75,704.8,623.23,745.58,2.0,Industrials,31088232448,19.638178,35.1,0.18014,17.771,14.78 %,40.0 %,589.98,715.68,867.79,Monitor weekly; re-evaluate on next earnings or macro event
KOLTEPATIL,BUY,3,386.6,60.86,1.2786,376.21,373.2,386.6,430.82,364.49,2.0,Real Estate,34984296448,67.091835,5.88,-0.0373,98.241,4.88 %,20.0 %,319.89,383.84,460.39,Medium-to-Long Term (1–6 months)
GUFICBIO,SELL,-2,382.25,51.18,-3.1943,388.67,364.19,382.25,337.97,404.39,2.0,Healthcare,38884540416,60.77586,6.38,0.10144,60.866,-15.43 %,16.7 %,313.21,382.05,465.81,Exit / Avoid new positions
ICEMAKE,STRONG BUY,5,863.25,74.56,9.4568,802.92,790.13,863.25,968.73,810.51,2.0,Industrials,13504297984,110.14157,7.77,0.094639994,119.455,-27.95 %,16.7 %,683.65,860.8,1083.29,Short-to-Medium Term (2–8 weeks)
HNDFDS,BUY,2,578.15,68.06,1.1026,560.12,546.86,578.15,628.67,552.89,2.0,Industrials,69577678848,46.649063,12.31,0.14496,93.406,-22.81 %,0.0 %,492.58,574.62,670.09,Medium-to-Long Term (1–6 months)
METROBRAND,STRONG SELL,-7,1031.7,43.1,-3.5851,1045.22,1037.27,1031.7,933.72,1080.69,2.0,Consumer Cyclical,279652040704,68.12749,15.06,0.22094,77.476,-35.06 %,16.7 %,865.58,1010.95,1180.32,Short-to-Medium Term (2–8 weeks)
GOLDBETA,HOLD,1,120.75,50.0,0.4833,119.7,124.29,120.75,113.76,124.25,2.0,Unknown,N/A,N/A,N/A,N/A,N/A,72.75 %,66.7 %,110.75,125.62,142.45,Monitor weekly; re-evaluate on next earnings or macro event
PSUBANK,STRONG SELL,-7,83.93,2.08,-16.1437,386.13,657.23,83.93,-90.88,171.34,2.0,Unknown,N/A,7.8858137,N/A,N/A,N/A,-88.36 %,33.3 %,30.39,71.79,169.27,Short-to-Medium Term (2–8 weeks)
HATSUN,STRONG SELL,-7,874.65,41.64,-4.3711,909.2,913.41,874.65,809.4,907.27,2.0,Consumer Defensive,193401192448,54.538315,15.92,N/A,94.535,-23.28 %,0.0 %,713.48,853.86,1021.46,Short-to-Medium Term (2–8 weeks)
ATULAUTO,SELL,-2,482.25,43.81,-1.2795,484.76,476.87,482.25,442.65,502.05,2.0,Consumer Cyclical,13206834176,31.227034,15.24,N/A,N/A,-45.58 %,0.0 %,374.9,467.82,583.49,Exit / Avoid new positions
BOMDYEING,STRONG SELL,-7,122.08,40.1,-0.6475,125.93,127.1,122.08,110.35,127.94,2.0,Consumer Cyclical,24870932480,93.34884,1.29,0.01169,0.139,24.15 %,66.7 %,93.51,116.79,145.81,Short-to-Medium Term (2–8 weeks)
EIHOTEL,STRONG SELL,-5,330.65,45.4,-1.5811,331.21,318.17,330.65,298.67,346.64,2.0,Consumer Cyclical,203556028416,32.388058,10.05,0.12948,4.666,-38.37 %,16.7 %,271.63,323.58,385.31,Short-to-Medium Term (2–8 weeks)
KIRLFER,HOLD,-1,480.95,61.29,0.1409,465.82,453.42,480.95,432.8,505.02,2.0,Industrials,78940610560,15.594851,30.68,0.139,12.218,N/A,N/A,416.05,490.97,579.17,Monitor weekly; re-evaluate on next earnings or macro event
TARSONS,BUY,3,320.9,59.37,0.1091,294.63,254.48,320.9,374.3,294.2,2.0,Healthcare,16544493568,115.16667,2.7,0.022650002,61.913,-2.32 %,33.3 %,243.55,309.1,392.08,Medium-to-Long Term (1–6 months)
WESTLIFE,STRONG SELL,-7,464.5,39.13,-3.7563,489.04,470.86,464.5,392.2,500.65,2.0,Consumer Cyclical,72454717440,223.34929,2.09,0.05289,291.521,-39.78 %,14.3 %,368.78,445.81,538.71,Short-to-Medium Term (2–8 weeks)
ARIHANTCAP,HOLD,0,78.06,60.24,0.6889,73.87,70.49,78.06,65.37,84.41,2.0,Financial Services,8466461696,21.396122,3.61,N/A,55.35,35.98 %,40.0 %,58.44,77.29,102.17,Monitor weekly; re-evaluate on next earnings or macro event
EMKAY,STRONG SELL,-7,238.05,31.23,-2.9395,255.41,259.92,238.05,203.22,255.47,2.0,Financial Services,6352904192,41.96364,5.5,N/A,26.355,-22.12 %,16.7 %,181.87,240.45,317.71,Short-to-Medium Term (2–8 weeks)
NIVABUPA,HOLD,0,86.92,51.41,-0.1435,86.12,84.93,86.92,80.23,90.27,2.0,Financial Services,160106659840,121.943665,0.71,0.106520005,9.883,-16.99 %,0.0 %,72.11,87.44,105.99,Monitor weekly; re-evaluate on next earnings or macro event
PENIND,STRONG SELL,-5,165.16,37.62,-1.1239,168.65,162.55,165.16,146.98,174.25,2.0,Industrials,22293114880,16.054422,10.29,0.12838,99.887,0.81 %,50.0 %,123.5,162.17,212.83,Short-to-Medium Term (2–8 weeks)
IRISDOREME,STRONG BUY,5,48.29,71.04,0.0788,45.12,40.44,48.29,55.34,44.77,2.0,Consumer Cyclical,8247180800,56.847057,0.85,0.14455,24.205,-46.47 %,0.0 %,34.3,47.18,64.84,Short-to-Medium Term (2–8 weeks)
KCPSUGIND,HOLD,1,32.08,84.8,0.9905,23.13,23.21,32.08,27.67,34.28,2.0,Consumer Defensive,3532473856,31.540815,0.98,0.02447,27.792,-13.25 %,25.0 %,24.85,30.98,38.6,Monitor weekly; re-evaluate on next earnings or macro event
SOUTHWEST,HOLD,1,235.31,62.6,2.0214,227.7,241.22,235.31,204.23,250.85,2.0,Energy,7399138816,17.324924,13.08,N/A,39.376,-2.71 %,50.0 %,184.12,245.07,326.0,Monitor weekly; re-evaluate on next earnings or macro event
AEROPLANE,HOLD,0,189.26,61.12,0.3426,173.48,145.18,189.26,159.11,204.33,2.0,Consumer Defensive,19186030592,31.563885,5.87,0.15852,82.032,N/A,N/A,142.48,191.25,256.53,Monitor weekly; re-evaluate on next earnings or macro event
UNIVASTU,BUY,4,124.88,87.75,1.409,105.72,90.71,124.88,145.61,114.52,2.0,Industrials,4515619840,42.972603,2.92,0.25991,30.028,3.08 %,50.0 %,101.37,129.66,165.75,Medium-to-Long Term (1–6 months)
RAMCOSYS,SELL,-3,639.9,26.01,-29.2888,809.07,642.67,639.9,457.68,731.01,2.0,Technology,22849179648,54.9187,11.07,N/A,12.101,42.04 %,80.0 %,479.72,655.75,895.74,Exit / Avoid new positions
MASFIN,HOLD,0,318.3,46.31,-0.5964,317.88,312.35,318.3,285.93,334.49,2.0,Financial Services,57112449024,15.376161,20.47,0.13217,339.79,-9.12 %,28.6 %,272.73,318.71,372.32,Monitor weekly; re-evaluate on next earnings or macro event
RML,BUY,2,1149.0,38.67,-22.8284,1207.84,1059.07,1149.0,1307.67,1069.66,2.0,Consumer Cyclical,31122178048,28.993305,38.84,0.15123,100.193,-3.43 %,33.3 %,918.2,1158.65,1461.33,Medium-to-Long Term (1–6 months)
MUNJALAU,HOLD,0,104.9,51.82,-0.5017,102.44,97.26,104.9,91.7,111.5,2.0,Consumer Cyclical,10231999488,25.452736,4.02,0.10316,90.747,-26.54 %,25.0 %,81.7,104.84,134.47,Monitor weekly; re-evaluate on next earnings or macro event
RPGLIFE,BUY,3,2928.1,70.01,5.9591,2719.39,2430.33,2928.1,3463.09,2660.61,2.0,Healthcare,47776251904,41.450706,69.69,0.20278999,3.304,-41.77 %,37.5 %,2386.93,2990.81,3745.59,Medium-to-Long Term (1–6 months)
SWANDEF,STRONG BUY,5,2430.7,61.59,12.1395,2289.41,2129.38,2430.7,2719.39,2286.36,2.0,Industrials,126874427392,N/A,-42.78,-1.23702,4002.895,1998.43 %,100.0 %,870.91,2557.74,7493.92,Short-to-Medium Term (2–8 weeks)
BASF,HOLD,-1,3738.4,60.75,6.0963,3643.47,3549.73,3738.4,3422.56,3896.32,2.0,Basic Materials,160165527552,38.511654,96.08,0.10965,3.35,-42.38 %,0.0 %,2954.64,3612.79,4415.58,Monitor weekly; re-evaluate on next earnings or macro event
SHANTIGEAR,STRONG SELL,-6,416.6,21.07,-2.1798,434.4,439.93,416.6,386.06,431.87,2.0,Industrials,32227094528,41.995003,10.0,0.18186001,N/A,-3.21 %,40.0 %,337.0,403.64,483.28,Short-to-Medium Term (2–8 weeks)
DALMIASUG,HOLD,0,358.5,47.45,-0.3,357.38,344.79,358.5,321.27,377.12,2.0,Consumer Defensive,28523010048,12.105805,29.11,0.07285,55.74,-6.52 %,50.0 %,281.4,353.38,443.54,Monitor weekly; re-evaluate on next earnings or macro event
MODIS,HOLD,0,388.45,70.67,5.5472,356.86,348.38,388.45,333.25,416.05,2.0,Real Estate,7643506688,26.219757,14.88,0.20535,4.026,-9.6 %,0.0 %,319.98,385.37,463.92,Monitor weekly; re-evaluate on next earnings or macro event
SAHANA,SELL,-4,919.7,64.99,-1.6571,894.95,859.31,919.7,800.6,979.25,2.0,Unknown,13883089920,N/A,N/A,N/A,N/A,-15.34 %,50.0 %,674.74,883.75,1156.81,Exit / Avoid new positions
HINDWAREAP,STRONG SELL,-8,221.05,31.02,-3.6653,237.71,236.47,221.05,192.19,235.48,2.0,Consumer Cyclical,18151260160,N/A,-4.75,-0.0513,114.725,31.48 %,66.7 %,162.72,210.18,271.33,Short-to-Medium Term (2–8 weeks)
GARFIBRES,HOLD,-1,753.0,59.33,-2.4746,745.42,708.11,753.0,678.87,790.07,2.0,Consumer Cyclical,72001003520,36.81228,20.03,0.15306,3.161,-9.27 %,25.0 %,603.65,746.73,923.3,Monitor weekly; re-evaluate on next earnings or macro event
XPROINDIA,HOLD,1,1394.1,46.64,-13.5036,1413.69,1295.4,1394.1,1246.8,1467.75,2.0,Basic Materials,32342200320,164.83255,8.36,0.02777,40.676,-31.37 %,33.3 %,1111.69,1409.84,1787.02,Monitor weekly; re-evaluate on next earnings or macro event
LGBBROSLTD,SELL,-4,1553.8,39.64,-2.6236,1568.41,1550.44,1553.8,1430.5,1615.45,2.0,Consumer Cyclical,49577308160,15.557001,99.91,0.15689,10.719,14.64 %,28.6 %,1293.02,1552.92,1864.3,Exit / Avoid new positions
GIPCL,HOLD,0,162.58,57.05,-0.488,161.31,160.8,162.58,148.36,169.69,2.0,Utilities,25095311360,6.2352486,25.93,N/A,93.592,-27.62 %,33.3 %,128.52,157.94,194.0,Monitor weekly; re-evaluate on next earnings or macro event
DHANUKA,STRONG SELL,-6,996.2,22.94,-2.8984,1039.97,1077.59,996.2,916.94,1035.83,2.0,Basic Materials,44569407488,15.680677,63.76,0.18624,1.822,6.67 %,33.3 %,790.02,958.89,1163.35,Short-to-Medium Term (2–8 weeks)
TVSSCS,SELL,-2,136.62,45.42,-0.9652,136.94,130.25,136.62,123.66,143.1,2.0,Industrials,59824013312,52.15385,2.6,0.06004,133.606,-30.89 %,0.0 %,107.85,132.93,163.76,Exit / Avoid new positions
SKFINDUS,SELL,-3,2714.0,39.11,-23.4142,2782.59,2557.23,2714.0,2340.2,2900.9,2.0,Industrials,135054630912,62.128723,43.97,0.15615,0.309,N/A,N/A,2240.55,2703.57,3260.93,Exit / Avoid new positions
APEX,SELL,-4,383.85,44.78,-0.9529,397.21,413.63,383.85,337.44,407.06,2.0,Consumer Defensive,11757812736,30.245178,12.44,N/A,7.972,3.11 %,25.0 %,290.0,387.78,518.2,Exit / Avoid new positions
DAVANGERE,STRONG SELL,-6,3.3,27.69,-0.0122,3.48,3.66,3.3,2.82,3.54,2.0,Consumer Defensive,4533070848,63.4,0.05,0.01991,60.22,-21.72 %,33.3 %,2.46,3.13,3.97,Short-to-Medium Term (2–8 weeks)
SPMLINFRA,HOLD,0,198.57,59.99,0.241,197.8,199.11,198.57,176.49,209.61,2.0,Industrials,16325084160,20.79314,9.33,0.08692,37.764,-35.09 %,16.7 %,148.79,197.12,260.99,Monitor weekly; re-evaluate on next earnings or macro event
NIITMTS,STRONG SELL,-5,233.57,40.2,-1.0451,238.17,228.77,233.57,198.44,251.13,2.0,Consumer Defensive,31778222080,12.6688595,18.24,N/A,20.621,-36.23 %,16.7 %,182.38,222.11,270.38,Short-to-Medium Term (2–8 weeks)
HMVL,HOLD,-1,95.25,57.85,-0.1173,90.12,82.22,95.25,82.5,101.62,2.0,Communication Services,6875106304,4.8835506,19.15,0.09039,5.347,-34.26 %,12.5 %,77.09,94.37,115.49,Monitor weekly; re-evaluate on next earnings or macro event
SOMANYCERA,SELL,-2,491.85,35.61,-4.855,519.69,515.68,491.85,437.85,518.85,2.0,Industrials,19657439232,24.243803,19.77,0.08396,40.692,8.22 %,33.3 %,392.96,476.16,576.74,Exit / Avoid new positions
KDDL,HOLD,1,3119.0,49.44,-31.2027,3198.88,3004.17,3119.0,2768.96,3294.02,2.0,Consumer Cyclical,38431559680,43.555897,71.74,0.08123,26.688,-44.02 %,0.0 %,2396.83,3079.92,3955.51,Monitor weekly; re-evaluate on next earnings or macro event
MHRIL,STRONG SELL,-8,223.83,41.41,-1.1669,228.81,227.72,223.83,201.21,235.14,2.0,Consumer Cyclical,44022009856,83.31298,2.62,N/A,488.662,15.1 %,100.0 %,182.03,213.26,249.75,Short-to-Medium Term (2–8 weeks)
JAYKAY,STRONG SELL,-6,167.99,43.05,-0.969,172.74,176.62,167.99,146.06,178.96,2.0,Industrials,21060902912,9.576422,16.88,N/A,N/A,2.21 %,50.0 %,116.12,159.46,218.83,Short-to-Medium Term (2–8 weeks)
DEVIT,STRONG SELL,-7,26.08,30.72,-0.1807,27.58,27.91,26.08,23.05,27.59,2.01,Technology,1565220352,2.095849,13.25,0.84907997,28.008,-14.64 %,20.0 %,18.75,24.71,32.53,Short-to-Medium Term (2–8 weeks)
MODISONLTD,SELL,-2,272.25,35.78,-3.6578,292.96,291.77,272.25,233.55,291.6,2.0,Industrials,8404550144,11.5883665,22.35,N/A,63.523,-33.58 %,20.0 %,210.51,278.8,369.01,Exit / Avoid new positions
INGERRAND,HOLD,1,4378.9,51.71,-20.4214,4451.89,4355.23,4378.9,3993.07,4571.81,2.0,Industrials,134321840128,52.52438,81.01,0.41799,1.468,-24.81 %,28.6 %,3703.78,4361.06,5133.12,Monitor weekly; re-evaluate on next earnings or macro event
NIFTY1,SELL,-4,266.42,40.68,-0.4773,267.16,264.11,266.42,252.35,273.46,2.0,Unknown,N/A,21.394165,N/A,N/A,N/A,1.22 %,40.0 %,248.97,265.75,283.63,Exit / Avoid new positions
GEOJITFSL,SELL,-3,75.16,39.79,-0.8082,79.71,77.22,75.16,66.4,79.54,2.0,Financial Services,20345210880,28.034616,2.6,N/A,9.473,-18.58 %,25.0 %,56.53,72.73,93.5,Exit / Avoid new positions
EXPLEOSOL,SELL,-3,812.0,47.49,1.3204,809.08,835.32,812.0,722.93,856.53,2.0,Technology,12560124928,10.128911,79.9,0.17559,1.011,11.69 %,50.0 %,645.68,783.93,951.37,Exit / Avoid new positions
SWARAJENG,STRONG SELL,-6,3605.4,27.93,-22.7032,3765.2,3790.92,3605.4,3349.83,3733.18,2.0,Consumer Cyclical,43234078720,21.40906,166.21,N/A,0.419,-39.31 %,22.2 %,3023.66,3626.9,4348.74,Short-to-Medium Term (2–8 weeks)
AUTOIETF,BUY,2,28.6,56.42,0.0535,27.92,27.47,28.6,31.18,27.31,2.0,Unknown,N/A,29.978544,N/A,N/A,N/A,6.85 %,50.0 %,25.99,28.94,32.23,Medium-to-Long Term (1–6 months)
PLATIND,BUY,2,240.24,53.55,0.5192,229.76,225.69,240.24,263.64,228.54,2.0,Basic Materials,13814881280,N/A,N/A,0.12031,2.293,-46.69 %,14.3 %,181.14,236.38,308.29,Medium-to-Long Term (1–6 months)
SHALPAINTS,HOLD,1,69.57,69.94,1.903,55.79,53.11,69.57,54.48,77.11,2.0,Basic Materials,5667246592,N/A,-7.76,-0.22944,65.594,-30.61 %,20.0 %,50.84,66.09,85.86,Monitor weekly; re-evaluate on next earnings or macro event
DEFENCE,SELL,-4,78.58,44.79,-0.1406,78.68,77.31,78.58,73.6,81.07,2.0,,N/A,N/A,N/A,N/A,N/A,N/A,N/A,71.63,81.87,93.56,Exit / Avoid new positions
BHARATWIRE,SELL,-3,202.91,38.12,-1.0189,206.81,211.09,202.91,180.95,213.89,2.0,Basic Materials,13555083264,25.753586,7.67,0.09365,9.237,-26.72 %,33.3 %,149.4,198.17,262.7,Exit / Avoid new positions
DCW,STRONG SELL,-8,47.17,42.94,-0.1618,47.63,47.71,47.17,42.49,49.51,2.0,Basic Materials,13577129984,28.22086,1.63,0.04571,26.985,-12.97 %,25.0 %,35.43,45.78,59.13,Short-to-Medium Term (2–8 weeks)
CONSUMBEES,BUY,2,132.26,51.96,0.0031,130.36,127.69,132.26,137.06,129.86,2.0,,N/A,N/A,N/A,N/A,N/A,-5.55 %,25.0 %,122.5,132.14,142.51,Medium-to-Long Term (1–6 months)
SIKA,SELL,-4,1123.5,39.83,-14.1517,1170.49,1037.03,1123.5,946.02,1212.24,2.0,,N/A,N/A,N/A,0.2608,N/A,N/A,N/A,857.15,1192.05,1656.59,Exit / Avoid new positions
MOMENTUM50,STRONG SELL,-6,52.44,52.92,-0.0836,52.66,52.65,52.44,50.1,53.61,2.0,Unknown,N/A,28.879416,N/A,N/A,N/A,-9.67 %,50.0 %,46.22,51.59,57.57,Short-to-Medium Term (2–8 weeks)
DOLLAR,STRONG SELL,-8,257.7,31.76,-1.2275,264.9,262.54,257.7,238.8,267.15,2.0,Consumer Cyclical,14394551296,13.400211,18.94,0.11806,30.541,-37.84 %,14.3 %,201.93,245.87,299.23,Short-to-Medium Term (2–8 weeks)
SHINDL,HOLD,0,158.97,60.13,0.2891,155.68,154.96,158.97,138.51,169.2,2.0,,N/A,N/A,N/A,0.109189995,83.902,1.59 %,100.0 %,142.04,163.1,187.23,Monitor weekly; re-evaluate on next earnings or macro event
VSTTILLERS,STRONG SELL,-7,4430.2,42.37,-11.6306,4531.82,4560.64,4430.2,4091.92,4599.34,2.0,Industrials,37978669056,36.424896,120.5,0.09992,0.175,28.57 %,50.0 %,3675.17,4415.02,5301.66,Short-to-Medium Term (2–8 weeks)
DELTAMAGNT,STRONG SELL,-7,56.22,30.79,-0.3101,58.98,60.13,56.22,47.7,60.48,2.0,Consumer Cyclical,664305600,N/A,-0.98,-0.12564999,1732.804,20.06 %,25.0 %,41.08,54.08,71.15,Short-to-Medium Term (2–8 weeks)
ZUARI,STRONG SELL,-7,222.1,30.21,-1.8838,231.19,226.49,222.1,202.3,232.0,2.0,Basic Materials,9491650560,1.0319159,218.7,N/A,30.705,-26.76 %,16.7 %,170.79,221.32,286.62,Short-to-Medium Term (2–8 weeks)
LORDSCHLO,HOLD,1,157.86,66.93,1.761,140.27,136.87,157.86,134.61,169.49,2.0,Basic Materials,4325873152,13.7245455,11.0,N/A,71.713,-8.62 %,50.0 %,121.55,158.36,206.18,Monitor weekly; re-evaluate on next earnings or macro event
MAGSON,STRONG BUY,6,182.0,65.29,0.1107,178.26,173.36,182.0,196.22,174.89,2.0,Unknown,730049984,N/A,N/A,N/A,N/A,26.76 %,40.0 %,148.78,187.89,237.16,Short-to-Medium Term (2–8 weeks)
KENNAMET,STRONG SELL,-8,2837.3,49.58,-1.7739,2840.89,2894.96,2837.3,2563.61,2974.14,2.0,Industrials,63435796480,45.82156,62.99,N/A,0.262,-11.2 %,0.0 %,2410.84,2982.49,3687.96,Short-to-Medium Term (2–8 weeks)
SAFARI,STRONG SELL,-6,1594.2,47.44,-10.6591,1616.82,1591.8,1594.2,1455.03,1663.79,2.0,Consumer Cyclical,76413460480,45.49592,34.28,0.16223,10.456,-38.95 %,20.0 %,1298.27,1560.72,1875.46,Short-to-Medium Term (2–8 weeks)
REPCOHOME,STRONG SELL,-5,391.05,27.56,-3.5637,409.22,396.26,391.05,356.25,408.45,2.0,Financial Services,24070483968,5.0638323,75.98,N/A,318.337,-15.21 %,20.0 %,319.27,381.64,456.01,Short-to-Medium Term (2–8 weeks)
HDFCNIFIT,SELL,-2,31.64,67.48,0.1564,30.03,30.29,31.64,28.97,32.98,1.99,Unknown,N/A,19.63627,N/A,N/A,N/A,-7.06 %,16.7 %,27.46,30.99,34.98,Exit / Avoid new positions
EGOLD,HOLD,1,143.4,49.82,0.5511,142.25,147.28,143.4,137.55,146.33,2.0,Unknown,N/A,N/A,N/A,N/A,N/A,65.57 %,66.7 %,131.55,149.04,168.79,Monitor weekly; re-evaluate on next earnings or macro event
UNITECH,STRONG SELL,-5,4.3,17.86,-0.0223,4.59,4.77,4.3,3.94,4.48,2.0,Real Estate,11014627328,N/A,-9.39,N/A,N/A,-16.6 %,20.0 %,3.07,4.03,5.28,Short-to-Medium Term (2–8 weeks)
KSL,SELL,-2,895.95,56.43,-6.0753,903.6,855.41,895.95,784.35,951.75,2.0,Basic Materials,39569317888,15.35315,59.04,N/A,N/A,-21.77 %,33.3 %,723.09,890.73,1096.72,Exit / Avoid new positions
PRINCEPIPE,STRONG SELL,-9,265.65,45.16,-0.9348,269.24,272.67,265.65,244.02,276.46,2.0,Industrials,28729266176,39.30408,6.61,0.04671,8.838,1.98 %,25.0 %,203.61,249.75,306.21,Short-to-Medium Term (2–8 weeks)
5PAISA,HOLD,1,369.25,51.4,-2.7439,374.08,344.69,369.25,323.05,392.35,2.0,Financial Services,16548377600,27.091328,13.03,N/A,58.31,-11.21 %,40.0 %,294.77,360.97,441.83,Monitor weekly; re-evaluate on next earnings or macro event
TASTYBITE,HOLD,-1,8873.5,55.56,-27.8644,8857.48,8305.92,8873.5,7806.37,9407.07,2.0,Consumer Defensive,23140188160,65.56638,137.54,0.10807,12.254,16.9 %,100.0 %,7166.09,8735.13,10643.07,Monitor weekly; re-evaluate on next earnings or macro event
PDMJEPAPER,HOLD,1,95.75,73.06,1.1409,85.96,84.04,95.75,83.93,101.66,2.0,Basic Materials,9172169728,9.79716,9.86,0.14946,6.351,-7.83 %,50.0 %,73.41,93.65,119.41,Monitor weekly; re-evaluate on next earnings or macro event
STYLEBAAZA,STRONG SELL,-7,274.95,33.68,-1.3194,297.57,316.57,274.95,226.83,299.01,2.0,Consumer Cyclical,20266074112,43.317387,6.27,0.10977,221.076,-46.31 %,20.0 %,197.05,266.15,359.24,Short-to-Medium Term (2–8 weeks)
IGCL,HOLD,1,75.17,62.19,0.0953,70.91,64.54,75.17,62.99,81.26,2.0,Basic Materials,4617248256,10.867559,6.72,0.10897,39.864,-10.47 %,33.3 %,56.95,71.5,89.71,Monitor weekly; re-evaluate on next earnings or macro event
VIDHIING,SELL,-2,315.15,61.3,1.367,298.35,293.49,315.15,269.64,337.9,2.0,Basic Materials,15620298752,31.913265,9.8,0.15569,17.578,-8.86 %,50.0 %,251.56,307.42,375.51,Exit / Avoid new positions
LAOPALA,HOLD,0,185.87,59.13,0.0985,183.59,179.6,185.87,167.69,194.96,2.0,Consumer Cyclical,20773648384,22.466986,8.33,0.11224,1.077,-8.93 %,25.0 %,150.27,178.96,213.04,Monitor weekly; re-evaluate on next earnings or macro event
MARKOLINES,BUY,2,178.36,54.55,0.4991,174.48,170.49,178.36,201.22,166.93,2.0,Industrials,3808230144,14.519328,11.9,0.1383,42.552,-18.16 %,0.0 %,146.49,176.57,212.75,Short Term (1–4 weeks)
BLKASHYAP,STRONG SELL,-6,54.11,48.58,-0.3977,55.91,55.25,54.11,46.43,57.95,2.0,Industrials,12207617024,773.4286,0.07,0.0029499999,56.784,-16.29 %,33.3 %,40.21,51.53,66.0,Short-to-Medium Term (2–8 weeks)
ROTO,SELL,-2,67.29,35.89,-0.4861,69.1,64.97,67.29,59.94,70.97,2.0,Industrials,12468136960,50.381683,1.31,0.10709,13.234,-16.84 %,33.3 %,50.97,64.83,82.41,Exit / Avoid new positions
VSSL,BUY,3,297.3,72.76,0.6992,287.59,281.01,297.3,337.68,277.11,2.0,Basic Materials,28705978368,19.859531,14.95,N/A,7.281,-18.39 %,20.0 %,242.15,296.26,362.29,Medium-to-Long Term (1–6 months)
NGLFINE,BUY,3,3226.5,58.01,-7.9687,3151.14,2953.89,3226.5,3666.09,3006.7,2.0,Healthcare,19843813376,41.306583,77.76,0.15736,32.957,21.86 %,33.3 %,2438.8,3235.28,4289.19,Medium-to-Long Term (1–6 months)
MAMATA,STRONG SELL,-9,380.75,47.51,-0.1101,392.98,389.97,380.75,347.75,397.25,2.0,Industrials,9414944768,62.414356,6.13,0.0845,4.503,-19.69 %,40.0 %,277.83,363.6,475.57,Short-to-Medium Term (2–8 weeks)
TAKE,SELL,-2,20.84,24.28,0.1746,22.14,26.48,20.84,17.57,22.48,1.99,Healthcare,3016621568,71.13793,0.29,0.16519,N/A,87.93 %,33.3 %,15.93,20.75,27.01,Exit / Avoid new positions
WONDERLA,STRONG SELL,-7,467.75,29.98,-0.6057,477.29,480.36,467.75,433.28,484.99,2.0,Consumer Cyclical,29275951104,36.00624,12.82,0.046430003,0.348,-21.14 %,0.0 %,382.28,448.1,525.06,Short-to-Medium Term (2–8 weeks)
TTKHLTCARE,HOLD,1,1088.8,78.57,9.8984,971.33,929.67,1088.8,910.3,1178.05,2.0,Healthcare,14810708992,22.545708,46.49,0.06026,2.187,-8.03 %,40.0 %,912.02,1061.18,1234.33,Monitor weekly; re-evaluate on next earnings or macro event
MANALIPETC,BUY,2,66.97,60.92,0.2974,63.9,63.09,66.97,75.97,62.47,2.0,Basic Materials,11376028672,8.748677,7.56,0.10939,10.691,-12.61 %,25.0 %,52.4,65.01,80.62,Medium-to-Long Term (1–6 months)
SALZERELEC,STRONG SELL,-6,573.85,26.78,-2.4053,603.87,629.57,573.85,517.48,602.03,2.0,Industrials,9945655296,18.779633,29.95,0.09309,88.776,-34.14 %,20.0 %,418.53,552.95,730.09,Short-to-Medium Term (2–8 weeks)
PNBGILTS,STRONG SELL,-5,85.44,46.17,-0.6194,88.1,86.89,85.44,76.35,89.98,2.0,Financial Services,15084849152,14.753522,5.68,N/A,1480.222,-7.31 %,25.0 %,67.37,82.82,101.78,Short-to-Medium Term (2–8 weeks)
MIDWESTLTD,STRONG SELL,-5,1240.1,26.49,-9.8141,1292.9,1277.81,1240.1,1102.28,1309.01,2.0,Basic Materials,43631640576,41.05478,29.39,0.13219,19.664,-22.37 %,0.0 %,942.76,1246.91,1648.17,Short-to-Medium Term (2–8 weeks)
MAFANG,SELL,-4,192.54,51.62,-0.1455,193.99,194.71,192.54,185.67,195.97,2.0,Unknown,N/A,30.672968,N/A,N/A,N/A,73.03 %,100.0 %,173.27,199.62,229.91,Exit / Avoid new positions
TNIDETF,HOLD,0,85.58,60.9,0.0283,83.39,82.04,85.58,80.12,88.31,2.0,Unknown,N/A,24.387018,N/A,N/A,N/A,-4.99 %,33.3 %,76.98,84.95,93.72,Monitor weekly; re-evaluate on next earnings or macro event
KOVAI,SELL,-4,5844.0,37.65,-39.0512,5947.45,5761.75,5844.0,5386.83,6072.59,2.0,Healthcare,64143540224,26.258734,223.24,0.20326,30.528,N/A,N/A,3779.67,8009.26,16943.82,Exit / Avoid new positions
ALPEXSOLAR,STRONG SELL,-5,827.2,55.2,4.2849,843.37,917.81,827.2,693.73,893.94,2.0,Unknown,20531959808,N/A,N/A,N/A,N/A,-4.92 %,33.3 %,617.47,821.63,1092.61,Short-to-Medium Term (2–8 weeks)
AHLUCONT,SELL,-4,830.65,44.88,-4.5424,842.68,824.52,830.65,748.84,871.55,2.0,Industrials,55783890944,20.970789,39.71,0.13785,3.552,-27.35 %,20.0 %,659.42,800.76,971.97,Exit / Avoid new positions
VINDHYATEL,SELL,-4,1907.5,46.63,-5.1059,1936.14,2008.1,1907.5,1625.92,2048.29,2.0,Industrials,22137411584,10.054363,185.79,0.05311,34.118,26.34 %,50.0 %,1439.59,1842.5,2356.9,Exit / Avoid new positions
JKIL,STRONG SELL,-8,489.0,42.06,-1.1418,493.92,492.23,489.0,445.02,510.99,2.0,Industrials,36391325696,9.402737,51.15,0.12137,18.443,-14.2 %,20.0 %,395.07,470.9,561.06,Short-to-Medium Term (2–8 weeks)
MOSILVER,SELL,-2,219.69,43.41,1.3234,218.87,234.68,219.69,203.61,227.73,2.0,,N/A,N/A,N/A,N/A,N/A,47.96 %,50.0 %,169.93,236.97,330.22,Exit / Avoid new positions
ABINFRA,SELL,-4,10.33,37.11,0.049,10.45,10.88,10.33,8.62,11.19,1.99,Industrials,6438996992,33.6,0.3,0.13832,68.314,99.4 %,50.0 %,8.18,10.65,13.85,Exit / Avoid new positions
ELPROINTL,STRONG SELL,-6,177.89,76.18,-0.1987,174.23,170.76,177.89,169.94,181.86,2.0,Unknown,30028312576,34.337208,N/A,N/A,N/A,N/A,N/A,177.9,223.46,280.56,Short-to-Medium Term (2–8 weeks)
DIFFNKG,HOLD,0,404.05,53.13,-2.1019,399.4,370.02,404.05,353.71,429.22,2.0,Industrials,14677867520,29.198671,13.54,0.13011,7.057,-3.0 %,25.0 %,316.82,419.71,555.69,Monitor weekly; re-evaluate on next earnings or macro event
TIIL,STRONG BUY,6,2593.0,56.27,9.0555,2526.53,2542.01,2593.0,2833.36,2472.82,2.0,Industrials,58318970880,20.453243,125.76,0.15108,40.163,-20.24 %,16.7 %,2035.33,2528.1,3138.67,Short-to-Medium Term (2–8 weeks)
GRMOVER,SELL,-3,90.12,17.57,1.0141,93.75,112.07,90.12,80.88,94.74,2.0,Consumer Defensive,18587912192,11.410192,7.85,0.14711,60.709,78.32 %,66.7 %,70.79,91.04,117.02,Exit / Avoid new positions
ONEPOINT,HOLD,0,55.44,49.14,0.0043,55.65,57.68,55.44,49.62,58.35,2.0,Industrials,14607967232,38.91609,1.43,0.08809,47.642,-13.39 %,25.0 %,42.75,54.35,69.07,Monitor weekly; re-evaluate on next earnings or macro event
ACCENTMIC,HOLD,1,504.25,51.91,-3.157,505.24,474.23,504.25,452.05,530.35,2.0,Unknown,6882449920,N/A,N/A,N/A,N/A,11.73 %,50.0 %,406.84,518.96,661.61,Monitor weekly; re-evaluate on next earnings or macro event
HEXAGON,STRONG SELL,-7,64.18,43.23,-1.5247,69.34,,64.18,49.87,71.34,2.0,Consumer Defensive,N/A,31.621212,1.98,0.17749001,14.018,N/A,N/A,51.14,79.68,124.02,Short-to-Medium Term (2–8 weeks)
RITCO,BUY,2,295.1,72.54,3.0802,270.73,264.98,295.1,335.9,274.7,2.0,Industrials,8270682624,23.055555,12.6,0.09403,132.237,-5.0 %,50.0 %,231.28,291.34,366.82,Medium-to-Long Term (1–6 months)
SCANSTL,HOLD,0,48.27,65.37,0.0422,45.64,40.92,48.27,37.08,53.87,2.0,,N/A,N/A,N/A,0.05051,15.977,N/A,N/A,42.66,56.25,74.12,Monitor weekly; re-evaluate on next earnings or macro event
ASHIANA,STRONG BUY,7,386.9,55.9,0.2353,381.79,375.83,386.9,435.2,362.75,2.0,Real Estate,38787514368,32.180984,11.99,0.14524001,37.597,-7.01 %,25.0 %,315.43,383.88,466.98,Short-to-Medium Term (2–8 weeks)
TRAVELFOOD,HOLD,-1,1276.4,34.24,-7.0385,1308.61,1270.82,1276.4,1168.28,1330.46,2.0,Consumer Cyclical,169642688512,38.525723,33.44,0.35699,16.722,-17.43 %,0.0 %,1094.63,1295.93,1533.68,Monitor weekly; re-evaluate on next earnings or macro event
IMAGICAA,STRONG SELL,-5,45.72,45.34,-0.2268,47.11,45.58,45.72,39.69,48.73,2.0,Communication Services,26193727488,4629.0,0.01,0.00051,27.313,-27.83 %,0.0 %,35.53,43.84,54.07,Short-to-Medium Term (2–8 weeks)
VERANDA,SELL,-4,232.95,32.61,-0.6964,237.58,235.9,232.95,200.55,249.15,2.0,Consumer Defensive,22040256512,19.719828,11.6,0.21205999,39.893,-36.41 %,0.0 %,173.12,228.5,301.41,Exit / Avoid new positions
ELITECON,STRONG SELL,-6,15.98,8.59,-0.2022,20.79,26.19,15.98,9.65,19.14,2.0,,N/A,N/A,N/A,N/A,70.969,N/A,N/A,7.26,9.9,13.5,Short-to-Medium Term (2–8 weeks)
JAIBALAJI,STRONG SELL,-6,61.34,15.69,-0.4151,65.42,68.15,61.34,54.47,64.78,2.0,Basic Materials,55227703296,42.633804,1.42,0.059310004,18.455,-47.68 %,20.0 %,43.98,56.96,73.72,Short-to-Medium Term (2–8 weeks)
SANGAMIND,BUY,2,612.55,73.91,-0.2223,590.54,550.8,612.55,702.34,567.65,2.0,Consumer Cyclical,29701885952,24.890493,24.2,N/A,118.739,-40.17 %,0.0 %,490.47,622.79,790.4,Medium-to-Long Term (1–6 months)
JAICORPLTD,STRONG SELL,-6,102.69,29.6,-0.8395,108.92,112.94,102.69,93.69,107.19,2.0,Basic Materials,17615435776,10.390269,9.66,0.11554,0.033,-44.88 %,33.3 %,70.91,94.19,125.03,Short-to-Medium Term (2–8 weeks)
HITECH,STRONG SELL,-8,86.74,43.25,-0.1289,86.93,88.46,86.74,78.61,90.8,2.0,Basic Materials,17216180224,22.527851,3.77,0.058790002,20.061,-34.17 %,16.7 %,66.76,83.4,104.14,Short-to-Medium Term (2–8 weeks)
MASTERTR,STRONG SELL,-6,84.14,63.6,-0.3633,84.17,82.89,84.14,67.25,92.59,2.0,Financial Services,10098382848,7.744339,10.6,0.1729,27.836,-14.9 %,25.0 %,57.84,78.94,107.66,Short-to-Medium Term (2–8 weeks)
MSPL,SELL,-2,36.14,22.81,-0.3524,38.74,40.61,36.14,32.0,38.21,2.0,Basic Materials,20529375232,64.67857,0.56,0.03361,31.169,-31.61 %,33.3 %,28.49,36.37,46.4,Exit / Avoid new positions
SOLEX,STRONG SELL,-6,939.6,27.57,-2.0696,1003.1,1102.02,939.6,819.87,999.47,2.0,Technology,9852949504,10.260997,88.89,0.47055998,132.242,2.17 %,25.0 %,654.52,901.81,1241.66,Short-to-Medium Term (2–8 weeks)
INVPRECQ,SELL,-2,971.0,85.43,11.3222,849.79,728.31,971.0,833.12,1039.94,2.0,,N/A,N/A,N/A,0.12133,69.767,N/A,N/A,861.93,1135.94,1496.15,Exit / Avoid new positions
PRAKASH,SELL,-4,125.47,38.47,0.0666,129.0,138.87,125.47,116.2,130.1,2.0,Basic Materials,22141677568,6.6508875,18.59,0.09646,14.363,-32.64 %,14.3 %,96.6,121.5,152.74,Exit / Avoid new positions
ICICIB22,STRONG SELL,-7,115.53,32.71,-0.0378,116.84,118.56,115.53,109.59,118.5,2.0,Unknown,N/A,12.087972,N/A,N/A,N/A,-5.39 %,33.3 %,105.98,115.03,124.84,Short-to-Medium Term (2–8 weeks)
PSB,STRONG SELL,-7,23.89,37.57,-0.1217,24.57,24.3,23.89,21.94,24.87,1.99,Financial Services,168236318720,12.158974,1.95,0.09786,N/A,-22.06 %,0.0 %,18.02,22.27,27.51,Short-to-Medium Term (2–8 weeks)
SAATVIKGL,STRONG SELL,-7,442.95,59.15,-1.4167,449.37,456.37,442.95,383.7,472.57,2.0,Technology,55652929536,14.70776,29.77,0.42051,69.034,-20.14 %,0.0 %,348.48,440.34,556.13,Short-to-Medium Term (2–8 weeks)
MENONBE,BUY,4,217.46,75.38,3.2201,185.48,168.54,217.46,253.4,199.49,2.0,Consumer Cyclical,12695862272,28.859873,7.85,N/A,25.279,-5.05 %,20.0 %,180.13,222.48,274.67,Medium-to-Long Term (1–6 months)
IPL,STRONG SELL,-6,149.88,29.45,-0.6595,156.01,160.14,149.88,133.41,158.12,2.0,Basic Materials,17402357760,14.4051485,10.49,0.12550999,10.912,39.21 %,66.7 %,117.59,145.63,180.27,Short-to-Medium Term (2–8 weeks)
ACSTECH,SELL,-4,40.51,40.33,-0.5487,42.54,38.97,40.51,33.43,44.05,2.0,,N/A,N/A,N/A,0.07288,34.749,N/A,N/A,32.8,40.5,49.97,Exit / Avoid new positions
BAJAJELEC,HOLD,0,329.4,48.89,0.1572,328.95,325.25,329.4,303.9,342.15,2.0,Consumer Cyclical,37739204608,N/A,-7.87,N/A,84.783,-26.75 %,0.0 %,259.44,306.25,361.36,Monitor weekly; re-evaluate on next earnings or macro event
KSCL,STRONG SELL,-7,832.7,27.27,-2.983,866.71,881.48,832.7,762.62,867.74,2.0,Basic Materials,42136788992,14.493505,56.96,0.18160999,N/A,17.49 %,50.0 %,652.93,812.69,1011.06,Short-to-Medium Term (2–8 weeks)
EMAMIPAP,BUY,2,112.28,72.82,3.0211,94.65,88.21,112.28,132.59,102.12,2.0,Basic Materials,6453433344,7.860722,13.57,N/A,142.073,-16.82 %,25.0 %,89.32,111.55,139.25,Medium-to-Long Term (1–6 months)
LEMERITE,SELL,-4,21.33,36.69,0.8688,21.73,30.5,21.33,17.4,23.29,2.01,Consumer Cyclical,2797504768,24.293478,0.92,N/A,65.949,33.19 %,60.0 %,16.62,20.48,25.22,Exit / Avoid new positions
NEXT50,HOLD,0,747.3,52.17,-0.4975,742.64,733.52,747.3,720.63,760.63,2.0,,N/A,N/A,N/A,N/A,N/A,-14.95 %,16.7 %,676.63,744.86,819.8,Monitor weekly; re-evaluate on next earnings or macro event
JYOTISTRUC,STRONG SELL,-6,10.94,36.11,-0.0235,11.36,11.98,10.94,9.86,11.48,2.0,Industrials,12819907584,22.851063,0.47,0.108059995,439.045,-12.52 %,50.0 %,7.54,10.27,13.97,Short-to-Medium Term (2–8 weeks)
EXCELINDUS,HOLD,0,982.15,65.17,7.7366,913.95,925.71,982.15,888.88,1028.79,2.0,Basic Materials,12377732096,16.353596,60.21,0.04597,0.463,0.22 %,50.0 %,773.51,961.0,1193.36,Monitor weekly; re-evaluate on next earnings or macro event
TVSELECT,SELL,-3,494.0,50.7,-3.1475,504.87,488.86,494.0,431.81,525.1,2.0,Technology,9113616384,701.8116,0.69,0.01324,55.935,57.55 %,80.0 %,373.32,498.64,665.61,Exit / Avoid new positions
EIMCOELECO,HOLD,0,1829.8,40.37,-10.7647,1826.83,1696.63,1829.8,1586.32,1951.54,2.0,Industrials,10374439936,26.209558,68.62,N/A,0.93,5.27 %,25.0 %,1322.37,1751.28,2317.88,Monitor weekly; re-evaluate on next earnings or macro event
SIYSIL,SELL,-3,624.7,48.01,-3.7574,632.81,619.21,624.7,560.47,656.82,2.0,Consumer Cyclical,28111304704,12.170497,50.91,0.16834,24.131,29.73 %,33.3 %,484.78,626.8,809.96,Exit / Avoid new positions
BSLNIFTY,SELL,-4,28.18,42.08,-0.0504,28.24,27.91,28.18,25.81,29.36,2.01,Unknown,N/A,21.369154,N/A,N/A,N/A,1.82 %,40.0 %,26.29,28.11,30.06,Exit / Avoid new positions
SEIL,SELL,-3,205.1,23.62,-1.8918,214.93,204.92,205.1,177.47,218.91,2.0,,N/A,N/A,N/A,0.07904,7.65,N/A,N/A,166.91,215.52,278.13,Exit / Avoid new positions
LUMAXIND,STRONG SELL,-7,5182.0,37.67,-17.9263,5276.32,5356.2,5182.0,4725.13,5410.44,2.0,Consumer Cyclical,47841693696,27.742846,184.48,0.20389,106.063,27.63 %,25.0 %,4234.73,5330.52,6706.44,Short-to-Medium Term (2–8 weeks)
RACLGEAR,BUY,3,1332.2,51.59,-0.9291,1332.19,1316.23,1332.2,1519.07,1238.77,2.0,Consumer Cyclical,15462593536,31.10214,42.1,0.1691,66.889,-28.62 %,37.5 %,1031.03,1362.35,1799.04,Medium-to-Long Term (1–6 months)
GROWWHOSPI,SELL,-3,54.12,48.61,-0.159,54.03,52.58,54.12,50.55,55.9,2.01,,N/A,N/A,N/A,N/A,N/A,N/A,N/A,51.13,55.99,61.31,Exit / Avoid new positions
RBMINFRA,STRONG SELL,-5,290.9,63.65,5.6513,272.8,302.21,290.9,242.87,314.91,2.0,Unknown,4185891840,N/A,N/A,N/A,N/A,-44.39 %,28.6 %,208.27,280.8,378.33,Short-to-Medium Term (2–8 weeks)
STARCEMENT,SELL,-3,202.83,44.45,0.0107,206.15,210.12,202.83,191.13,208.68,2.0,Basic Materials,81648484352,20.740246,9.74,0.12871,18.924,-3.33 %,25.0 %,170.37,201.27,237.7,Exit / Avoid new positions
HDFCNEXT50,HOLD,0,74.0,53.21,-0.0275,73.47,72.75,74.0,70.31,75.84,2.01,Unknown,N/A,19.588968,N/A,N/A,N/A,-15.02 %,16.7 %,67.18,73.75,80.95,Monitor weekly; re-evaluate on next earnings or macro event
SUNDROP,HOLD,0,682.55,64.36,6.2401,647.48,656.77,682.55,620.81,713.42,2.0,Consumer Defensive,25407678464,126.69173,5.32,0.0138,N/A,-3.05 %,50.0 %,552.17,664.32,798.93,Monitor weekly; re-evaluate on next earnings or macro event
JSWHL,STRONG SELL,-8,10999.0,32.9,-14.6638,11395.35,12054.18,10999.0,10037.5,11479.75,2.0,Financial Services,121871949824,83.195694,131.99,N/A,N/A,98.41 %,66.7 %,8754.26,11221.07,14375.1,Short-to-Medium Term (2–8 weeks)
CENTURYPLY,BUY,2,792.65,60.21,0.0921,779.47,766.1,792.65,853.67,762.14,2.0,Basic Materials,175772172288,66.98984,11.81,0.107130006,67.105,-37.47 %,28.6 %,675.43,794.93,935.23,Medium-to-Long Term (1–6 months)
ASTEC,STRONG SELL,-7,664.6,39.53,-1.3053,687.93,733.46,664.6,594.1,699.85,2.0,Basic Materials,14471199744,N/A,-37.82,-0.25842,114.84,-41.2 %,0.0 %,483.89,634.31,830.99,Short-to-Medium Term (2–8 weeks)
HDFCLIQUID,BUY,3,1071.05,,0.0036,1069.08,1066.05,1071.05,1073.87,1069.64,2.0,Unknown,N/A,N/A,N/A,N/A,N/A,-0.0 %,16.7 %,1059.35,1077.55,1096.03,Medium-to-Long Term (1–6 months)
EVEREADY,SELL,-2,349.75,41.38,-1.1419,356.43,345.26,349.75,308.8,370.23,2.0,Industrials,25353316352,14.7734,23.61,0.31645,32.395,7.43 %,50.0 %,282.92,343.93,417.91,Exit / Avoid new positions
ANLON,SELL,-4,629.75,45.66,-1.3407,636.13,653.07,629.75,560.33,664.46,2.0,Unknown,3165232384,N/A,N/A,N/A,N/A,20.05 %,33.3 %,486.98,634.07,825.11,Exit / Avoid new positions
VIVIANA,STRONG SELL,-8,732.3,36.71,-3.9546,766.51,821.96,732.3,629.19,783.85,2.0,Industrials,7660844544,38.16158,19.99,0.60517,86.047,-26.84 %,20.0 %,506.18,721.54,1027.71,Short-to-Medium Term (2–8 weeks)
OMAXE,BUY,3,89.95,52.81,-0.7002,88.64,81.41,89.95,103.42,83.22,2.0,Real Estate,15908134912,N/A,-38.1,N/A,N/A,-26.63 %,20.0 %,67.27,86.43,110.98,Medium-to-Long Term (1–6 months)
KRSNAA,STRONG SELL,-9,542.1,45.24,-0.8955,549.95,545.54,542.1,491.76,567.27,2.0,Healthcare,17297922048,17.257282,30.9,0.10888,54.501,2.05 %,33.3 %,442.06,531.65,639.15,Short-to-Medium Term (2–8 weeks)
WPIL,STRONG SELL,-6,442.2,30.56,-3.6892,464.63,455.64,442.2,375.42,475.59,2.0,,N/A,N/A,N/A,N/A,25.558,N/A,N/A,355.68,445.65,558.1,Short-to-Medium Term (2–8 weeks)
MIDCAPIETF,HOLD,-1,23.78,50.84,-0.0437,23.74,23.45,23.78,22.49,24.43,1.98,,N/A,N/A,N/A,N/A,N/A,-9.79 %,33.3 %,21.78,23.82,26.04,Monitor weekly; re-evaluate on next earnings or macro event
GOLDADD,HOLD,1,139.37,49.89,0.5586,138.2,143.46,139.37,134.33,141.89,2.0,Unknown,N/A,N/A,N/A,N/A,N/A,68.27 %,66.7 %,126.98,145.02,165.57,Monitor weekly; re-evaluate on next earnings or macro event
GREENPANEL,STRONG SELL,-8,191.86,44.93,-0.138,193.83,192.54,191.86,168.97,203.31,2.0,Basic Materials,23446355968,N/A,-2.38,-0.02125,27.299,-24.37 %,20.0 %,148.71,184.43,228.62,Short-to-Medium Term (2–8 weeks)
WINDMACHIN,SELL,-2,281.9,25.89,-3.0239,304.69,303.2,281.9,239.6,303.05,2.0,Industrials,28642740224,3460.6252,0.08,0.00105,17.494,33.47 %,66.7 %,224.98,288.69,370.23,Exit / Avoid new positions
ANDHRAPAP,HOLD,0,62.59,55.62,0.1065,61.71,62.28,62.59,56.02,65.88,2.0,Basic Materials,12505688064,66.90425,0.94,0.0095999995,11.971,-22.71 %,20.0 %,51.36,60.06,70.21,Monitor weekly; re-evaluate on next earnings or macro event
BAJEL,SELL,-4,177.74,41.96,-0.6199,184.68,190.24,177.74,156.59,188.31,2.0,Utilities,20303654912,100.85632,1.74,0.02868,49.067,3.78 %,50.0 %,134.25,171.33,218.54,Exit / Avoid new positions
KCK,SELL,-2,17.3,75.66,0.2275,15.1,14.13,17.3,13.88,19.01,2.0,Unknown,13610764288,N/A,N/A,N/A,N/A,-87.57 %,20.0 %,7.39,14.59,28.75,Exit / Avoid new positions
BFUTILITIE,STRONG SELL,-8,577.85,53.79,-3.7225,594.36,598.46,577.85,479.03,627.26,2.0,Industrials,21444179968,13.551536,42.01,N/A,68.46,-41.93 %,16.7 %,432.06,561.57,729.47,Short-to-Medium Term (2–8 weeks)
NITTAGELA,SELL,-3,1904.9,59.17,-11.4953,1852.18,1682.01,1904.9,1584.17,2065.27,2.0,Basic Materials,16695667712,16.99538,108.2,0.20804001,0.82,N/A,N/A,1809.14,2608.1,3756.87,Exit / Avoid new positions
BANKIETF,STRONG SELL,-5,58.68,41.18,-0.2094,59.21,57.92,58.68,55.23,60.41,1.99,Unknown,N/A,14.677109,N/A,N/A,N/A,-8.08 %,0.0 %,54.13,59.4,65.17,Short-to-Medium Term (2–8 weeks)
REDTAPE,STRONG SELL,-5,127.28,27.38,-0.9294,133.59,134.52,127.28,113.9,133.97,2.0,Consumer Cyclical,70328188928,29.245977,4.35,0.26577,70.489,-18.07 %,20.0 %,64.39,112.68,196.95,Short-to-Medium Term (2–8 weeks)
PIXTRANS,HOLD,1,1796.7,55.09,-13.747,1814.78,1694.33,1796.7,1592.07,1899.02,2.0,Industrials,23822299136,22.26694,78.52,0.16535999,3.477,-21.11 %,16.7 %,1424.1,1795.68,2263.07,Monitor weekly; re-evaluate on next earnings or macro event
PURVA,STRONG SELL,-5,219.45,49.87,-1.5072,221.57,218.42,219.45,187.5,235.42,2.0,Real Estate,50980065280,79.618515,2.7,0.03232,315.044,-11.85 %,40.0 %,161.84,208.23,267.77,Short-to-Medium Term (2–8 weeks)
SUYOG,BUY,4,885.4,44.52,-3.7039,863.44,806.39,885.4,979.45,838.38,2.0,Communication Services,10417690624,16.961084,52.42,0.14172,75.812,-3.75 %,25.0 %,663.25,851.48,1092.53,Medium-to-Long Term (1–6 months)
HPL,STRONG SELL,-8,339.75,46.79,-0.9389,347.35,357.41,339.75,312.93,353.16,2.0,Industrials,21492439040,23.655342,14.13,0.09507,75.317,-9.69 %,33.3 %,250.63,325.78,423.22,Short-to-Medium Term (2–8 weeks)
RESPONIND,STRONG SELL,-6,175.47,33.53,-3.2987,193.69,186.89,175.47,131.4,197.5,2.0,Basic Materials,46120611840,31.567518,5.48,0.10221,12.509,-0.43 %,33.3 %,133.72,168.98,213.43,Short-to-Medium Term (2–8 weeks)
GODAVARIB,SELL,-2,273.9,56.72,2.1328,270.32,281.26,273.9,243.09,289.3,2.0,Basic Materials,13799601152,396.5441,0.68,0.00449,67.331,28.97 %,66.7 %,201.8,267.48,354.32,Exit / Avoid new positions
VESUVIUS,STRONG SELL,-7,450.95,41.52,-1.6055,463.55,465.85,450.95,419.06,466.89,2.0,Industrials,91251179520,34.988327,12.85,N/A,0.826,-5.95 %,50.0 %,367.92,444.33,536.4,Short-to-Medium Term (2–8 weeks)
ANDHRSUGAR,STRONG BUY,6,87.45,51.01,0.3337,84.38,84.01,87.45,96.96,82.7,2.0,Basic Materials,11342957568,13.833057,6.05,0.049689997,0.032,1.21 %,50.0 %,71.13,85.47,102.66,Short-to-Medium Term (2–8 weeks)
SRM,BUY,4,509.55,59.79,1.6198,500.14,501.23,509.55,566.64,481.0,2.0,Industrials,11615396864,10.455484,48.41,0.32252,32.634,82.51 %,66.7 %,407.15,525.82,678.69,Medium-to-Long Term (1–6 months)
MARC,HOLD,-1,115.55,68.5,2.4953,98.41,89.35,115.55,97.22,124.72,2.0,Unknown,N/A,N/A,N/A,N/A,N/A,14.96 %,100.0 %,88.34,126.96,182.33,Monitor weekly; re-evaluate on next earnings or macro event
ELIQUID,HOLD,1,1041.05,,0.0906,1038.35,1035.33,1041.05,1040.27,1041.44,2.0,Unknown,N/A,N/A,N/A,N/A,N/A,N/A,N/A,1046.19,1047.39,1048.6,Monitor weekly; re-evaluate on next earnings or macro event
SANATHAN,BUY,2,488.25,63.81,3.7675,455.31,432.91,488.25,546.72,459.01,2.0,Consumer Cyclical,40180551680,51.857296,9.18,0.04204,80.77,16.37 %,33.3 %,406.75,494.14,600.03,Medium-to-Long Term (1–6 months)
RANEHOLDIN,HOLD,0,1762.7,56.58,-12.6158,1741.75,1594.46,1762.7,1606.46,1840.82,2.0,Consumer Cyclical,24909066240,25.70881,67.86,0.09861,71.619,-12.01 %,25.0 %,1418.19,1755.17,2171.18,Monitor weekly; re-evaluate on next earnings or macro event
SBIETFIT,SELL,-2,326.09,65.3,1.461,311.95,314.59,326.09,299.66,339.3,2.0,Unknown,N/A,19.663992,N/A,N/A,N/A,-9.46 %,25.0 %,282.31,319.28,361.0,Exit / Avoid new positions
MOM30IETF,STRONG SELL,-8,30.89,52.35,-0.0385,31.01,31.02,30.89,29.66,31.5,2.02,,N/A,N/A,N/A,N/A,N/A,-12.69 %,50.0 %,27.53,30.45,33.67,Short-to-Medium Term (2–8 weeks)
GTLINFRA,STRONG SELL,-6,1.22,23.53,-0.0059,1.29,1.38,1.22,1.07,1.29,2.14,Technology,15370934272,2.0,0.6,N/A,N/A,-5.56 %,40.0 %,0.89,1.15,1.47,Short-to-Medium Term (2–8 weeks)
MEDIASSIST,STRONG SELL,-8,347.15,41.84,-1.8273,357.95,362.49,347.15,313.16,364.14,2.0,Healthcare,25936480256,28.576134,12.15,0.12717,6.382,-24.71 %,33.3 %,272.84,334.71,410.42,Short-to-Medium Term (2–8 weeks)
MAXESTATES,STRONG SELL,-7,395.45,27.38,-4.8317,421.91,433.09,395.45,346.85,419.75,2.0,Real Estate,64751308800,400.0,0.99,0.0053899996,76.296,-12.23 %,40.0 %,306.31,384.49,482.4,Short-to-Medium Term (2–8 weeks)
INNOVACAP,HOLD,1,970.4,50.64,-6.5596,977.5,932.06,970.4,869.45,1020.88,2.0,Healthcare,54778560512,38.83367,24.65,0.13746999,31.508,17.28 %,40.0 %,796.19,989.67,1229.58,Monitor weekly; re-evaluate on next earnings or macro event
IGARASHI,SELL,-2,455.65,40.77,-4.9973,466.42,427.01,455.65,404.38,481.28,2.0,Consumer Cyclical,14070920192,117.64474,3.8,0.02606,31.472,-14.74 %,0.0 %,345.07,446.59,577.65,Exit / Avoid new positions
AARON,SELL,-2,141.95,76.3,2.3687,119.44,119.71,141.95,122.87,151.49,2.0,Industrials,2971048448,43.643074,3.25,0.14835,57.079,2.33 %,33.3 %,109.21,140.62,180.97,Exit / Avoid new positions
GEMAROMA,SELL,-4,189.37,46.48,-2.2472,189.89,175.69,189.37,156.91,205.6,2.0,Basic Materials,9576112128,654.7143,0.28,0.0038800002,33.749,-28.4 %,0.0 %,133.83,175.4,229.75,Exit / Avoid new positions
DCAL,STRONG SELL,-7,186.11,35.09,-1.2182,189.79,187.47,186.11,165.41,196.46,2.0,Healthcare,28545497088,29.945724,6.08,0.015579999,46.07,-35.28 %,0.0 %,137.83,185.62,249.82,Short-to-Medium Term (2–8 weeks)
MNC,HOLD,1,33.65,44.88,-0.0225,33.55,33.18,33.65,32.27,34.34,2.0,Unknown,N/A,39.22377,N/A,N/A,N/A,0.47 %,50.0 %,30.95,33.69,36.67,Monitor weekly; re-evaluate on next earnings or macro event
MONIFTY500,SELL,-2,23.62,42.69,-0.0517,23.73,23.44,23.62,21.22,24.82,2.0,Unknown,N/A,22.682695,N/A,N/A,N/A,5.72 %,42.9 %,21.88,23.58,25.4,Exit / Avoid new positions
KANPRPLA,BUY,2,224.54,69.31,2.7945,201.11,197.22,224.54,264.77,204.42,2.0,Consumer Cyclical,5324663296,12.529954,17.36,N/A,41.789,-8.2 %,33.3 %,176.52,231.65,303.82,Medium-to-Long Term (1–6 months)
DDEVPLSTIK,SELL,-2,275.45,46.84,-2.5333,281.41,264.45,275.45,243.77,291.29,2.0,Basic Materials,28171522048,13.961538,19.5,0.21841,5.608,-13.03 %,33.3 %,212.95,274.72,354.2,Exit / Avoid new positions
AONELIQUID,BUY,3,1069.93,,0.0077,1067.94,1064.92,1069.93,1072.78,1068.51,2.01,Unknown,N/A,N/A,N/A,N/A,N/A,N/A,N/A,1075.22,1076.4,1077.59,Medium-to-Long Term (1–6 months)
DIAMONDYD,SELL,-2,1097.6,10.67,-13.545,1168.84,1128.85,1097.6,1001.66,1145.57,2.0,Consumer Defensive,25660456960,264.40887,4.06,0.01398,6.454,-7.66 %,40.0 %,904.5,1104.33,1347.72,Exit / Avoid new positions
GOCLCORP,HOLD,-1,395.95,41.69,-2.3099,401.36,394.14,395.95,360.61,413.62,2.0,Basic Materials,19241560064,6.8845334,56.38,0.11849,0.02,20.68 %,100.0 %,310.78,391.45,492.8,Monitor weekly; re-evaluate on next earnings or macro event
AMRUTANJAN,STRONG SELL,-7,513.35,32.0,-2.374,535.04,545.04,513.35,472.79,533.63,2.0,Healthcare,14762160128,25.514484,20.02,0.16623,0.48,-10.66 %,60.0 %,428.19,499.6,582.72,Short-to-Medium Term (2–8 weeks)
FMGOETZE,BUY,3,483.75,68.26,0.4639,468.53,452.5,483.75,529.89,460.68,2.0,Consumer Cyclical,26914822144,15.774372,30.67,0.12438,0.068,20.1 %,20.0 %,395.83,484.32,592.34,Medium-to-Long Term (1–6 months)
SOLARWORLD,STRONG SELL,-5,200.5,42.55,-0.9233,202.44,198.1,200.5,175.6,212.95,2.0,Technology,17171586048,13.243315,14.96,0.20828,30.132,-8.68 %,0.0 %,141.63,185.39,242.52,Short-to-Medium Term (2–8 weeks)
ESABINDIA,SELL,-3,5621.5,45.26,9.7381,5721.2,5959.47,5621.5,5274.58,5794.96,2.0,Industrials,85692940288,41.436546,134.35,0.52285,0.78,7.97 %,50.0 %,4763.12,5549.67,6463.93,Exit / Avoid new positions
OILIETF,STRONG SELL,-7,11.27,43.0,-0.0052,11.32,11.35,11.27,10.73,11.54,2.0,Unknown,N/A,9.387474,N/A,N/A,N/A,-5.67 %,50.0 %,10.14,11.11,12.17,Short-to-Medium Term (2–8 weeks)
PARKHOTELS,STRONG SELL,-6,122.32,45.35,-0.8101,125.31,121.31,122.32,108.28,129.34,2.0,Consumer Cyclical,25594238976,39.718544,3.02,0.049250003,27.784,-9.31 %,0.0 %,96.29,118.35,145.4,Short-to-Medium Term (2–8 weeks)
SUPRAJIT,HOLD,-1,491.4,52.75,-1.6025,486.79,470.51,491.4,440.7,516.75,2.0,Consumer Cyclical,66826915840,36.572823,13.32,0.13446,69.079,-5.69 %,25.0 %,404.11,485.97,584.17,Monitor weekly; re-evaluate on next earnings or macro event
DBCORP,HOLD,-1,208.29,64.87,0.5766,204.59,204.19,208.29,178.74,223.06,2.0,Communication Services,37167882240,10.557468,19.75,N/A,10.796,-25.44 %,20.0 %,165.79,200.87,243.27,Monitor weekly; re-evaluate on next earnings or macro event
STEELCAS,BUY,3,311.45,49.22,-0.3847,307.13,296.15,311.45,344.09,295.13,2.0,Basic Materials,30385299456,35.07593,8.56,0.24098,N/A,20.75 %,60.0 %,257.18,326.48,414.22,Medium-to-Long Term (1–6 months)
ASTRAZEN,SELL,-2,8167.5,48.44,0.9452,8140.75,8368.53,8167.5,7611.42,8445.54,2.0,Healthcare,201787506688,108.69243,74.26,0.22825001,12.679,-15.96 %,33.3 %,6854.61,8200.16,9805.97,Exit / Avoid new positions
TIRUPATIFL,STRONG BUY,7,75.31,57.32,0.0175,70.2,55.46,75.31,90.46,67.73,2.0,Industrials,8674655232,146.68,0.5,0.052360002,31.143,41.75 %,60.0 %,59.91,79.46,105.31,Short-to-Medium Term (2–8 weeks)
CEWATER,STRONG SELL,-7,291.5,39.79,-4.876,318.23,303.95,291.5,246.14,314.18,2.0,Utilities,5924296192,25.975498,11.02,0.04125,29.281,-32.29 %,25.0 %,199.52,266.92,356.86,Short-to-Medium Term (2–8 weeks)
AWHCL,STRONG SELL,-8,440.0,34.21,-2.1898,455.3,459.59,440.0,403.1,458.45,2.0,Industrials,12269333504,16.269753,26.58,0.1058,50.103,-33.33 %,20.0 %,333.52,421.32,531.96,Short-to-Medium Term (2–8 weeks)
SINDHUTRAD,STRONG SELL,-5,24.81,37.36,-0.1205,25.5,25.55,24.81,21.18,26.62,2.01,Industrials,38625316864,92.77777,0.27,0.02607,20.486,-25.16 %,14.3 %,18.23,25.0,34.28,Short-to-Medium Term (2–8 weeks)
RTNINDIA,STRONG SELL,-7,32.03,44.34,-0.0132,32.63,34.21,32.03,28.85,33.62,2.0,Consumer Cyclical,43608428544,N/A,-1.18,N/A,143.033,-6.19 %,25.0 %,23.59,30.18,38.59,Short-to-Medium Term (2–8 weeks)
STLNETWORK,HOLD,-1,25.71,56.07,0.1128,25.34,26.77,25.71,22.98,27.07,2.01,Communication Services,11923708928,N/A,-2.03,-0.11605,116.754,-15.52 %,0.0 %,19.35,26.08,35.11,Monitor weekly; re-evaluate on next earnings or macro event
MOM100,SELL,-3,67.27,50.15,-0.14,67.33,66.68,67.27,64.0,68.91,1.99,Unknown,N/A,28.066525,N/A,N/A,N/A,-3.27 %,28.6 %,61.27,67.39,74.11,Exit / Avoid new positions
RBZJEWEL,SELL,-2,145.61,56.34,-1.2276,146.16,135.9,145.61,118.67,159.08,2.0,Consumer Cyclical,5794400256,10.573723,13.7,0.20114,56.626,-20.71 %,33.3 %,114.99,145.38,183.7,Exit / Avoid new positions
ACCELYA,HOLD,-1,1160.4,63.73,5.1653,1123.79,1123.35,1160.4,1071.63,1204.79,2.0,Technology,17312970752,16.06955,72.18,N/A,33.047,-21.64 %,20.0 %,981.01,1124.75,1289.17,Monitor weekly; re-evaluate on next earnings or macro event
BOSCH-HCIL,SELL,-4,1332.9,49.74,0.1115,1338.16,1355.84,1332.9,1252.17,1373.27,2.0,Consumer Cyclical,36267200512,N/A,-1.07,-0.00501,16.319,-27.31 %,20.0 %,1067.59,1287.8,1552.79,Exit / Avoid new positions
JSWDULUX,STRONG SELL,-7,2944.0,39.81,-8.9986,3046.29,3087.35,2944.0,2648.47,3091.76,2.0,Unknown,133396676608,6.7592764,N/A,N/A,N/A,-35.36 %,0.0 %,2443.4,2928.97,3509.63,Short-to-Medium Term (2–8 weeks)
3BBLACKBIO,HOLD,-1,1292.3,70.7,9.6461,1223.48,1214.39,1292.3,1109.12,1383.89,2.0,,N/A,N/A,N/A,0.19889,0.937,N/A,N/A,977.41,1278.23,1670.64,Monitor weekly; re-evaluate on next earnings or macro event
WSI,STRONG SELL,-8,62.4,43.46,-0.0075,63.67,66.47,62.4,52.47,67.36,2.0,Industrials,4757118464,189.93939,0.33,0.00749,17.361,-24.04 %,25.0 %,45.82,58.39,74.35,Short-to-Medium Term (2–8 weeks)
KIRLOSIND,HOLD,-1,3807.2,35.88,-53.0581,3951.43,3619.44,3807.2,3452.33,3984.63,2.0,Industrials,39583277056,17.39422,216.25,0.06098,13.283,-2.6 %,66.7 %,2971.62,3688.16,4575.28,Monitor weekly; re-evaluate on next earnings or macro event
KSOLVES,STRONG SELL,-7,279.5,42.04,-2.0078,290.44,287.01,279.5,231.89,303.31,2.0,Technology,6628665856,17.856232,15.65,N/A,19.398,-55.72 %,0.0 %,212.33,266.94,335.44,Short-to-Medium Term (2–8 weeks)
GSMFOILS,BUY,3,271.55,62.74,0.0712,258.29,228.89,271.55,318.53,248.06,2.0,Unknown,576213120,N/A,N/A,N/A,N/A,130.66 %,75.0 %,236.64,300.86,382.32,Medium-to-Long Term (1–6 months)
NRL,HOLD,-1,103.1,60.27,-1.0984,100.92,82.89,103.1,88.01,110.64,2.0,Industrials,7045037056,49.514565,2.06,0.12082,22.74,7.12 %,66.7 %,79.35,103.32,134.45,Monitor weekly; re-evaluate on next earnings or macro event
RPSGVENT,STRONG BUY,7,898.7,52.09,1.456,887.05,894.92,898.7,981.89,857.11,2.0,Technology,29671890944,N/A,-41.7,0.00037,188.639,-36.8 %,16.7 %,690.25,901.12,1175.71,Short-to-Medium Term (2–8 weeks)
SIGACHI,SELL,-2,25.94,83.04,0.1925,23.97,22.7,25.94,24.35,26.74,1.99,Healthcare,9726603264,N/A,-2.14,-0.14503,30.681,-32.18 %,0.0 %,18.8,24.3,31.39,Exit / Avoid new positions
HGINFRA,STRONG SELL,-7,539.8,37.11,-1.6734,556.8,569.66,539.8,501.61,558.89,2.0,Industrials,34941493248,10.589572,50.63,0.10586,153.264,-36.14 %,0.0 %,409.64,501.52,613.72,Short-to-Medium Term (2–8 weeks)
DCI,BUY,4,288.7,45.95,0.9449,278.29,277.21,288.7,332.68,266.71,2.0,Technology,4704339968,21.279675,13.48,0.23565,80.889,-47.08 %,16.7 %,215.23,281.73,368.57,Medium-to-Long Term (1–6 months)
AARTISURF,HOLD,-1,398.3,57.27,0.9015,385.02,381.28,398.3,354.2,420.35,2.0,Basic Materials,3215979008,26.039095,14.58,0.05169,42.536,-14.36 %,25.0 %,306.28,384.57,482.63,Monitor weekly; re-evaluate on next earnings or macro event
GROWWRAIL,SELL,-3,28.81,42.63,0.0287,28.94,29.61,28.81,27.49,29.47,2.0,Unknown,N/A,20.276386,N/A,N/A,N/A,-9.14 %,50.0 %,24.85,28.21,32.02,Exit / Avoid new positions
GROWWGOLD,SELL,-3,14.02,50.36,0.0606,13.89,14.4,14.02,13.42,14.32,2.0,Unknown,N/A,N/A,N/A,N/A,N/A,-81.7 %,0.0 %,4.57,12.12,32.1,Exit / Avoid new positions
ALLCARGO,SELL,-3,8.09,52.24,0.0373,8.07,8.48,8.09,7.37,8.45,2.0,Industrials,11982227456,200.0,0.04,0.00373,120.732,-62.64 %,25.0 %,4.5,7.05,11.01,Exit / Avoid new positions
KCP,STRONG SELL,-6,162.55,43.55,-1.0742,168.69,166.27,162.55,143.26,172.2,2.0,Basic Materials,20802717696,10.546405,15.3,0.13093,29.379,-32.4 %,20.0 %,129.94,157.39,190.55,Short-to-Medium Term (2–8 weeks)
EKC,STRONG SELL,-6,109.79,27.14,-0.708,114.28,114.97,109.79,100.88,114.25,2.0,Industrials,12034273280,8.193277,13.09,0.11256,19.067,-48.04 %,14.3 %,83.55,106.58,135.87,Short-to-Medium Term (2–8 weeks)
IFGLEXPOR,SELL,-2,200.88,33.02,-3.6207,212.57,195.67,200.88,163.71,219.47,2.0,Basic Materials,14087046144,40.716667,4.8,0.03041,17.764,20.34 %,50.0 %,149.53,194.29,252.31,Exit / Avoid new positions
PVP,STRONG SELL,-8,27.4,51.3,-0.0952,28.38,28.84,27.4,23.29,29.45,2.0,Industrials,7088187904,N/A,-0.25,-0.03184,63.23,-20.12 %,50.0 %,20.24,27.25,36.67,Short-to-Medium Term (2–8 weeks)
MUFTI,STRONG SELL,-7,84.25,40.58,-0.33,85.7,86.75,84.25,76.39,88.18,2.0,Consumer Cyclical,5312616960,11.205517,7.25,0.11175,52.018,2.33 %,50.0 %,62.64,80.47,103.32,Short-to-Medium Term (2–8 weeks)
MID150CASE,HOLD,-1,11.53,50.88,-0.0209,11.52,11.39,11.53,10.63,11.98,2.0,Unknown,N/A,27.546392,N/A,N/A,N/A,-8.33 %,33.3 %,10.59,11.55,12.61,Monitor weekly; re-evaluate on next earnings or macro event
VINSYS,SELL,-3,523.5,91.46,-1.7335,496.73,430.64,523.5,501.0,534.75,2.0,Unknown,5940157440,N/A,N/A,N/A,N/A,-26.22 %,16.7 %,418.7,528.79,667.49,Exit / Avoid new positions
INSECTICID,STRONG SELL,-7,612.55,30.87,-3.2338,647.06,687.92,612.55,551.89,642.88,2.0,Basic Materials,18315632640,13.140919,47.9,0.12096,12.869,19.51 %,40.0 %,495.38,600.69,728.08,Short-to-Medium Term (2–8 weeks)
PITTIENG,STRONG SELL,-5,930.7,50.53,-3.7647,946.34,951.75,930.7,859.93,966.09,2.0,Industrials,33755631616,28.81065,31.74,0.124960005,82.134,-40.45 %,0.0 %,745.13,911.46,1114.42,Short-to-Medium Term (2–8 weeks)
OAL,HOLD,1,392.45,79.77,3.3095,343.38,332.15,392.45,325.88,425.74,2.0,Basic Materials,12488842240,378.67346,0.98,0.0049900003,60.585,-38.02 %,20.0 %,298.38,385.34,497.38,Monitor weekly; re-evaluate on next earnings or macro event
CHAVDA,BUY,4,126.55,86.49,2.8571,103.26,95.92,126.55,145.36,117.14,2.0,Unknown,3843870208,N/A,N/A,N/A,N/A,-36.39 %,0.0 %,94.86,123.94,161.83,Medium-to-Long Term (1–6 months)
BBNPPGOLD,HOLD,1,138.6,50.0,0.5194,137.66,142.62,138.6,129.72,143.04,2.0,Unknown,N/A,N/A,N/A,N/A,N/A,39.21 %,50.0 %,121.79,144.09,170.41,Monitor weekly; re-evaluate on next earnings or macro event
TECH,SELL,-2,32.29,66.79,0.1432,30.76,31.0,32.29,28.69,34.09,2.0,Unknown,N/A,19.436264,N/A,N/A,N/A,-8.69 %,33.3 %,27.87,31.6,35.82,Exit / Avoid new positions
TOP10ADD,STRONG SELL,-7,86.79,41.0,-0.124,87.25,87.14,86.79,83.37,88.5,2.0,Unknown,N/A,19.383104,N/A,N/A,N/A,1.6 %,50.0 %,80.26,86.02,92.19,Short-to-Medium Term (2–8 weeks)
RGL,HOLD,-1,118.04,42.08,-0.7018,119.24,111.4,118.04,107.6,123.26,2.0,Consumer Cyclical,12485913600,50.768562,2.29,0.06087,41.552,-17.03 %,33.3 %,89.31,118.37,156.79,Monitor weekly; re-evaluate on next earnings or macro event
SCPL,STRONG BUY,5,599.3,72.31,9.063,520.98,483.53,599.3,707.03,545.43,2.0,Consumer Defensive,6076874752,31.764545,18.22,0.13274999,31.759,1.66 %,66.7 %,474.41,606.95,776.11,Short-to-Medium Term (2–8 weeks)
NDRAUTO,STRONG SELL,-5,824.9,34.41,-3.918,839.2,826.05,824.9,720.92,876.89,2.0,Consumer Cyclical,19232094208,30.924435,26.07,0.1877,17.248,-2.01 %,50.0 %,632.7,842.46,1121.06,Short-to-Medium Term (2–8 weeks)
IITL,SELL,-3,132.59,47.5,0.9875,130.15,138.08,132.59,111.44,143.16,2.0,Financial Services,2961169664,N/A,-5.52,-0.028199999,0.526,-25.23 %,50.0 %,101.48,129.21,164.43,Exit / Avoid new positions
JAGRAN,SELL,-2,62.31,33.06,0.0001,63.53,66.11,62.31,59.01,63.96,2.0,Communication Services,13531566080,6.8696127,9.05,0.08794,5.156,-17.68 %,0.0 %,52.34,60.26,69.36,Exit / Avoid new positions
NIFTYCASE,SELL,-4,9.64,41.77,-0.0155,9.65,9.54,9.64,8.86,10.03,2.0,,N/A,N/A,N/A,N/A,N/A,-6.96 %,0.0 %,8.87,9.52,10.22,Exit / Avoid new positions
GREENPOWER,SELL,-4,9.99,42.31,0.0198,10.19,10.74,9.99,9.0,10.48,2.02,Utilities,11613012992,18.333332,0.54,N/A,45.393,5.6 %,66.7 %,7.54,9.48,11.92,Exit / Avoid new positions
LAXMIDENTL,STRONG SELL,-7,218.05,44.59,-0.638,221.38,224.69,218.05,194.29,229.93,2.0,Healthcare,11792677888,40.79087,5.26,0.12772,5.329,-6.48 %,33.3 %,152.73,200.98,264.32,Short-to-Medium Term (2–8 weeks)
GREENLAM,HOLD,-1,256.3,47.81,-0.822,254.3,247.67,256.3,227.71,270.6,2.0,Consumer Cyclical,64577884160,115.045456,2.2,0.04862,98.417,-10.75 %,40.0 %,205.92,253.38,311.64,Monitor weekly; re-evaluate on next earnings or macro event
EXCELSOFT,STRONG SELL,-7,77.47,38.96,-0.0637,77.97,81.29,77.47,69.55,81.43,2.0,Technology,8838463488,18.640778,4.12,0.091359995,1.137,-23.23 %,0.0 %,52.49,70.36,94.26,Short-to-Medium Term (2–8 weeks)
CANTABIL,SELL,-3,238.41,25.17,-3.1821,252.99,234.47,238.41,206.94,254.14,2.0,Consumer Cyclical,19946000384,20.846155,11.44,0.21983999,113.826,-27.4 %,0.0 %,190.88,234.52,288.0,Exit / Avoid new positions
ESILVER,HOLD,-1,222.69,44.98,1.3101,221.27,236.14,222.69,208.32,229.88,2.0,Unknown,N/A,N/A,N/A,N/A,N/A,125.18 %,50.0 %,184.53,234.64,298.21,Monitor weekly; re-evaluate on next earnings or macro event
MIDSMALL,HOLD,-1,50.75,52.62,-0.0501,50.65,50.72,50.75,48.5,51.88,1.99,Unknown,N/A,29.860811,N/A,N/A,N/A,-5.22 %,50.0 %,45.47,50.36,55.76,Monitor weekly; re-evaluate on next earnings or macro event
WINDLAS,HOLD,-1,857.5,51.25,-0.0773,854.3,834.17,857.5,772.81,899.85,2.0,Healthcare,17520156672,27.272728,31.13,0.122320004,6.067,-16.83 %,20.0 %,679.68,857.46,1081.18,Monitor weekly; re-evaluate on next earnings or macro event
HEALTHIETF,HOLD,0,168.86,52.45,-0.3636,167.68,163.17,168.86,159.98,173.3,2.0,,N/A,N/A,N/A,N/A,N/A,-6.63 %,33.3 %,157.44,170.47,184.54,Monitor weekly; re-evaluate on next earnings or macro event
ALEMBICLTD,SELL,-3,90.15,47.75,-0.142,90.01,89.12,90.15,84.3,93.08,2.0,Real Estate,22912643072,7.219256,12.36,0.13269,0.435,-22.7 %,25.0 %,71.95,86.91,104.94,Exit / Avoid new positions
STEELXIND,HOLD,-1,11.58,25.0,-0.1078,12.12,12.02,11.58,10.29,12.22,2.02,Basic Materials,14285806592,44.8,0.25,N/A,54.377,-27.41 %,0.0 %,9.14,11.36,14.11,Monitor weekly; re-evaluate on next earnings or macro event
TEXINFRA,BUY,2,113.2,36.94,-0.6162,113.33,105.9,113.2,119.41,110.09,2.0,Real Estate,14578876416,133.03488,0.86,0.009330001,2.626,-22.46 %,0.0 %,90.33,111.12,136.64,Medium-to-Long Term (1–6 months)
SYNCOMF,STRONG SELL,-7,13.17,34.87,-0.0678,13.76,14.18,13.17,12.0,13.75,2.02,Healthcare,12163599360,15.975308,0.81,0.20191,0.355,-25.98 %,20.0 %,10.22,12.95,16.41,Short-to-Medium Term (2–8 weeks)
PVTBANKADD,SELL,-3,27.81,38.48,-0.1399,28.34,27.72,27.81,26.19,28.62,2.0,,N/A,N/A,N/A,N/A,N/A,-0.75 %,50.0 %,25.57,27.87,30.38,Exit / Avoid new positions
KAPSTON,BUY,4,460.2,86.71,4.7444,410.4,370.02,460.2,521.64,429.48,2.0,Industrials,13689918464,48.632435,9.25,0.27415,158.273,2.55 %,60.0 %,362.21,481.59,639.91,Medium-to-Long Term (1–6 months)
KIOCL,STRONG SELL,-6,355.35,28.6,-2.6689,374.96,388.07,355.35,323.97,371.04,2.0,Basic Materials,211922812928,1245.3572,0.28,0.00961,11.051,35.97 %,33.3 %,257.51,346.84,466.84,Short-to-Medium Term (2–8 weeks)
CAPITALSFB,HOLD,0,299.85,53.71,-0.3306,293.87,285.44,299.85,269.79,314.88,2.0,Financial Services,13471333376,8.951662,33.1,0.10521,N/A,-22.47 %,0.0 %,256.07,295.94,341.92,Monitor weekly; re-evaluate on next earnings or macro event
BCLIND,SELL,-3,35.3,53.34,-0.0525,35.34,35.13,35.3,29.96,37.97,2.0,Consumer Defensive,10200845312,8.861539,3.9,0.14187,59.845,5.63 %,50.0 %,27.38,33.88,41.91,Exit / Avoid new positions
BFINVEST,SELL,-2,460.1,54.13,-3.2533,463.87,444.19,460.1,378.14,501.08,2.0,Financial Services,16969266176,6.145975,73.3,0.036530003,0.001,-16.67 %,25.0 %,363.74,447.52,550.35,Exit / Avoid new positions
ZFSTEERING,HOLD,1,686.4,55.32,1.6995,681.39,682.71,686.4,591.87,733.66,2.0,Consumer Cyclical,6112682496,40.486782,16.64,N/A,22.157,N/A,N/A,508.93,624.33,765.56,Monitor weekly; re-evaluate on next earnings or macro event
AVADHSUGAR,BUY,3,533.75,55.45,-1.1643,522.33,484.13,533.75,598.73,501.26,2.0,Consumer Defensive,10566722560,18.44984,28.61,0.0515,125.143,-6.56 %,66.7 %,423.54,524.97,650.38,Medium-to-Long Term (1–6 months)
MICEL,STRONG SELL,-8,36.41,35.13,-0.0066,37.88,40.78,36.41,32.24,38.49,2.0,Technology,8871635968,N/A,-0.53,-0.05751,20.387,-40.67 %,14.3 %,26.01,34.35,45.34,Short-to-Medium Term (2–8 weeks)
DHAMPURSUG,STRONG BUY,7,143.61,51.42,0.0111,142.83,142.26,143.61,155.64,137.6,2.0,Consumer Defensive,9088439296,13.993069,10.1,0.055560004,75.024,9.65 %,50.0 %,114.42,139.11,169.04,Short-to-Medium Term (2–8 weeks)
XCHANGING,SELL,-2,64.19,56.43,0.0112,63.89,64.44,64.19,58.46,67.05,2.0,Technology,7337048576,12.333333,5.34,0.15754,17.954,-20.12 %,0.0 %,51.23,61.02,72.65,Exit / Avoid new positions
DPEL,BUY,3,567.95,57.01,-2.5196,556.71,518.09,567.95,605.42,549.22,2.0,Unknown,2519098368,N/A,N/A,N/A,N/A,97.3 %,50.0 %,476.01,626.94,825.22,Medium-to-Long Term (1–6 months)
MTNL,STRONG SELL,-7,27.17,33.99,-0.1676,28.67,29.69,27.17,24.41,28.55,2.0,Communication Services,16852500480,N/A,-48.56,N/A,N/A,-35.25 %,0.0 %,19.26,25.05,32.57,Short-to-Medium Term (2–8 weeks)
SATIA,SELL,-2,62.13,63.66,0.7071,57.31,57.08,62.13,53.76,66.31,2.0,Basic Materials,6054000128,14.801955,4.09,0.03829,28.731,-18.42 %,33.3 %,49.19,59.24,71.31,Exit / Avoid new positions
LUXIND,STRONG SELL,-6,1246.6,46.69,-1.0867,1256.96,1293.31,1246.6,1117.96,1310.92,2.0,Consumer Cyclical,37195661312,35.821026,34.53,0.06,33.964,-21.57 %,0.0 %,954.47,1200.83,1510.02,Short-to-Medium Term (2–8 weeks)
UYFINCORP,HOLD,1,18.88,82.37,0.2583,16.45,15.27,18.88,16.06,20.29,2.0,Financial Services,3707745024,7.6732283,2.54,0.13437,0.862,-40.88 %,20.0 %,13.84,18.0,23.38,Monitor weekly; re-evaluate on next earnings or macro event
BGRENERGY,STRONG SELL,-6,280.25,34.78,-0.8248,296.59,312.6,280.25,241.82,299.46,2.0,Industrials,20713975808,N/A,-178.52,N/A,N/A,122.44 %,50.0 %,235.69,311.52,411.5,Short-to-Medium Term (2–8 weeks)
KLBRENG-B,STRONG SELL,-6,439.65,22.3,-1.329,459.48,474.12,439.65,394.17,462.39,2.0,,N/A,N/A,N/A,0.17077999,13.757,N/A,N/A,358.92,406.45,460.15,Short-to-Medium Term (2–8 weeks)
FRONTSP,STRONG SELL,-7,1380.8,38.73,-4.179,1419.06,1474.87,1380.8,1247.69,1447.36,2.0,,N/A,N/A,N/A,0.39887002,5.888,N/A,N/A,979.0,1314.22,1763.07,Short-to-Medium Term (2–8 weeks)
BHAGERIA,BUY,4,218.11,54.51,0.5496,213.98,200.52,218.11,248.44,202.95,2.0,Basic Materials,9077553152,13.79244,15.08,N/A,18.402,-21.45 %,25.0 %,170.34,219.85,283.59,Medium-to-Long Term (1–6 months)
GILT5YBEES,HOLD,-1,66.03,49.66,-0.0378,65.91,65.33,66.03,64.11,66.99,2.0,Unknown,N/A,N/A,N/A,N/A,N/A,8.98 %,75.0 %,65.4,66.58,67.78,Monitor weekly; re-evaluate on next earnings or macro event
ASAL,SELL,-4,498.25,45.39,-1.8614,520.93,512.24,498.25,423.34,535.71,2.0,Consumer Cyclical,7887778304,26.474974,18.78,N/A,343.962,-30.93 %,33.3 %,371.97,474.22,604.26,Exit / Avoid new positions
VILAS,STRONG SELL,-6,353.7,28.76,-2.9681,376.28,376.4,353.7,307.26,376.92,2.0,Unknown,12012336128,N/A,N/A,N/A,N/A,19.26 %,40.0 %,259.31,343.74,455.39,Short-to-Medium Term (2–8 weeks)
UGARSUGAR,HOLD,1,43.49,66.06,0.2346,40.21,40.42,43.49,38.72,45.88,2.0,Consumer Defensive,4666500096,34.28099,1.21,0.060539998,310.587,-22.59 %,20.0 %,34.19,41.54,50.44,Monitor weekly; re-evaluate on next earnings or macro event
HDFCGROWTH,HOLD,-1,117.96,60.85,0.234,114.8,113.53,117.96,113.43,120.22,2.0,Unknown,N/A,27.795708,N/A,N/A,N/A,-1.98 %,33.3 %,109.94,118.52,127.76,Monitor weekly; re-evaluate on next earnings or macro event
SHARIABEES,HOLD,0,460.4,56.39,0.7337,453.82,456.89,460.4,438.35,471.42,2.0,Unknown,N/A,23.022022,N/A,N/A,N/A,-7.68 %,20.0 %,423.49,453.37,485.28,Monitor weekly; re-evaluate on next earnings or macro event
GALAXYSURF,SELL,-3,1962.8,36.58,-9.9152,1974.79,1885.44,1962.8,1827.44,2030.48,2.0,Basic Materials,69452316672,25.990446,75.37,0.1047,8.579,-15.93 %,50.0 %,1626.25,1909.4,2241.05,Exit / Avoid new positions
THOMASCOTT,SELL,-2,315.15,44.66,-3.4083,317.82,295.54,315.15,263.28,341.08,2.0,Consumer Cyclical,4376907776,22.331589,13.36,0.15872,33.824,-43.45 %,16.7 %,235.91,315.37,421.32,Exit / Avoid new positions
SUBROS,STRONG SELL,-5,788.0,34.58,-6.8464,814.1,774.38,788.0,727.91,818.04,2.0,Consumer Cyclical,50697965568,30.632637,25.37,0.1486,6.009,31.06 %,50.0 %,618.51,787.59,1002.34,Short-to-Medium Term (2–8 weeks)
AKCAPIT,STRONG SELL,-5,1749.6,53.86,-6.1718,1769.29,1728.72,1749.6,1541.73,1853.53,2.0,,N/A,N/A,N/A,0.10644,272.89,N/A,N/A,1631.25,1841.19,2077.6,Short-to-Medium Term (2–8 weeks)
SALASAR,SELL,-4,5.96,39.73,0.019,6.05,6.55,5.96,5.57,6.16,1.95,Basic Materials,10295427072,58.899998,0.1,0.021760002,50.613,-11.06 %,25.0 %,4.21,5.53,7.27,Exit / Avoid new positions
INDOFARM,STRONG SELL,-5,155.38,48.96,-1.357,156.53,143.13,155.38,130.54,167.8,2.0,Industrials,7309128704,29.593386,5.14,0.0454,26.874,39.17 %,50.0 %,110.9,147.47,195.99,Short-to-Medium Term (2–8 weeks)
UTTAMSUGAR,STRONG SELL,-6,228.71,36.54,-0.5157,233.83,235.43,228.71,208.73,238.7,2.0,Consumer Defensive,8534929408,8.509126,26.3,0.11748,81.154,-24.73 %,20.0 %,179.61,222.24,274.86,Short-to-Medium Term (2–8 weeks)
IGPL,STRONG BUY,5,472.75,74.7,3.5323,439.48,439.34,472.75,521.23,448.51,2.0,Basic Materials,14258015232,652.1127,0.71,0.00166,27.136,-18.81 %,20.0 %,375.53,462.06,568.26,Short-to-Medium Term (2–8 weeks)
PFS,STRONG SELL,-6,29.24,23.53,-0.1387,30.36,30.61,29.24,27.44,30.14,2.0,Financial Services,18484914176,5.885481,4.89,N/A,N/A,3.54 %,20.0 %,22.92,27.91,33.98,Short-to-Medium Term (2–8 weeks)
QUICKHEAL,STRONG SELL,-6,155.72,26.16,-0.9061,164.65,175.79,155.72,137.72,164.72,2.0,Technology,8503934976,N/A,-1.98,-0.0249,0.025,-28.6 %,40.0 %,108.0,142.57,188.09,Short-to-Medium Term (2–8 weeks)
BHAGCHEM,SELL,-3,263.3,35.21,-3.8943,280.27,267.08,263.3,230.93,279.49,2.0,Basic Materials,34154833920,188.14285,1.4,0.02633,33.579,-14.85 %,0.0 %,206.63,256.64,318.61,Exit / Avoid new positions
SETFNN50,HOLD,-1,777.91,54.21,-0.2749,771.78,763.08,777.91,746.02,793.86,2.0,Unknown,N/A,19.62787,N/A,N/A,N/A,-10.96 %,33.3 %,707.07,775.63,850.66,Monitor weekly; re-evaluate on next earnings or macro event
AMBIKCO,BUY,2,1713.2,43.71,-7.9775,1729.49,1677.53,1713.2,1873.01,1633.3,2.0,Consumer Cyclical,9603115008,13.412763,125.06,0.077010006,N/A,-27.29 %,25.0 %,1420.64,1686.62,2001.63,Medium-to-Long Term (1–6 months)
SPIC,STRONG SELL,-8,66.15,38.46,-0.1598,67.22,68.79,66.15,61.89,68.28,2.0,Basic Materials,13348624384,6.308951,10.39,0.16465001,51.296,16.56 %,50.0 %,52.18,64.77,80.37,Short-to-Medium Term (2–8 weeks)
JITFINFRA,BUY,2,350.35,60.2,0.1553,340.64,316.38,350.35,414.55,318.25,2.0,Industrials,8758538240,N/A,-18.74,N/A,N/A,-29.27 %,33.3 %,242.34,328.05,443.76,Medium-to-Long Term (1–6 months)
GROWWN200,SELL,-2,11.32,50.0,-0.0135,11.31,11.19,11.32,10.66,11.65,2.0,Unknown,N/A,22.323225,N/A,N/A,N/A,-4.1 %,33.3 %,10.53,11.42,12.38,Exit / Avoid new positions
MEIL,STRONG SELL,-7,300.95,45.33,-0.3102,298.82,308.55,300.95,267.41,317.72,2.0,Industrials,8163320320,17.237457,17.14,0.11474,7.695,-5.73 %,0.0 %,220.22,276.99,348.2,Short-to-Medium Term (2–8 weeks)
HDFCPSUBK,STRONG SELL,-8,84.56,51.27,-0.0504,84.94,84.79,84.56,77.78,87.95,2.0,Unknown,N/A,7.858144,N/A,N/A,N/A,20.62 %,66.7 %,74.89,84.9,96.22,Short-to-Medium Term (2–8 weeks)
FELIX,STRONG SELL,-6,177.6,38.28,-0.6525,184.46,187.95,177.6,155.49,188.66,2.0,Unknown,3839397888,N/A,N/A,N/A,N/A,-50.07 %,0.0 %,132.48,170.24,218.63,Short-to-Medium Term (2–8 weeks)
BAHETI,BUY,2,712.6,44.65,-4.1371,714.77,666.35,712.6,760.36,688.72,2.0,Unknown,2944662528,N/A,N/A,N/A,N/A,-2.64 %,25.0 %,596.6,746.56,933.75,Medium-to-Long Term (1–6 months)
CHEMICAL,BUY,2,30.54,58.22,0.0235,30.02,29.62,30.54,32.49,29.56,1.99,,N/A,N/A,N/A,N/A,N/A,N/A,N/A,27.57,30.7,34.17,Short Term (1–4 weeks)
MOENERGY,STRONG SELL,-6,38.95,45.45,-0.0189,39.38,39.93,38.95,36.76,40.05,1.99,Unknown,N/A,14.247664,N/A,N/A,N/A,-0.98 %,50.0 %,35.88,39.41,43.29,Short-to-Medium Term (2–8 weeks)
MUKANDLTD,BUY,2,140.57,65.12,0.2895,137.24,137.32,140.57,155.75,132.98,2.0,Basic Materials,20099334144,3.3269553,41.81,0.48880002,111.455,5.42 %,16.7 %,110.4,137.57,171.34,Medium-to-Long Term (1–6 months)
EBBETF0431,HOLD,1,1441.71,42.83,-0.8972,1438.75,1421.03,1441.71,1398.72,1463.2,2.0,,N/A,N/A,N/A,N/A,N/A,7.48 %,66.7 %,1428.9,1454.34,1480.17,Monitor weekly; re-evaluate on next earnings or macro event
TCC,STRONG SELL,-5,269.2,21.54,-3.3507,307.56,338.59,269.2,212.74,297.43,2.0,,N/A,N/A,N/A,0.054899998,17.689,1.0 %,100.0 %,174.3,226.61,294.43,Short-to-Medium Term (2–8 weeks)
MOMENTUM30,STRONG SELL,-8,30.38,51.17,-0.0291,30.48,30.49,30.38,29.03,31.05,2.01,,N/A,N/A,N/A,N/A,N/A,-8.07 %,25.0 %,26.42,29.81,33.62,Short-to-Medium Term (2–8 weeks)
CONTROLPR,STRONG SELL,-6,592.0,28.75,-8.4077,643.7,629.24,592.0,511.78,632.11,2.0,Industrials,9434185728,24.24373,24.33,N/A,1.51,-25.36 %,0.0 %,474.4,575.1,696.88,Short-to-Medium Term (2–8 weeks)
TCIEXP,HOLD,1,561.35,70.15,0.4235,546.52,532.06,561.35,480.89,601.58,2.0,Industrials,21068976128,25.916826,21.16,0.102869995,7.738,-6.77 %,50.0 %,439.35,532.89,646.07,Monitor weekly; re-evaluate on next earnings or macro event
TCI,SELL,-3,932.3,37.81,-0.5892,930.92,928.57,932.3,874.13,961.38,2.0,Industrials,70765322240,15.508503,59.39,0.19176,11.991,-11.4 %,40.0 %,778.87,923.94,1095.63,Exit / Avoid new positions
XTGLOBAL,STRONG SELL,-5,28.39,45.27,0.0368,28.4,29.55,28.39,25.15,30.01,2.0,Technology,4195389440,37.2381,0.84,0.073,23.79,-27.88 %,20.0 %,19.83,27.11,37.05,Short-to-Medium Term (2–8 weeks)
KANORICHEM,BUY,4,159.73,78.13,1.6354,140.05,118.14,159.73,185.26,146.96,2.0,Basic Materials,6836695552,17.100548,9.15,0.05978,50.841,-19.87 %,25.0 %,126.32,160.89,204.81,Medium-to-Long Term (1–6 months)
KRONOX,HOLD,0,155.55,54.73,-0.1657,152.65,145.77,155.55,132.78,166.94,2.0,Basic Materials,5610866688,20.886742,7.24,0.26824,1.384,-16.98 %,33.3 %,122.68,154.74,195.08,Monitor weekly; re-evaluate on next earnings or macro event
GENCON,STRONG SELL,-5,40.46,39.42,-0.171,41.36,40.4,40.46,35.09,43.15,2.0,Industrials,2242407680,26.233332,1.5,0.02945,21.937,-27.16 %,33.3 %,29.4,39.34,52.6,Short-to-Medium Term (2–8 weeks)
QGOLDHALF,HOLD,1,118.91,50.49,0.4678,117.83,122.05,118.91,109.55,123.59,2.0,Unknown,N/A,N/A,N/A,N/A,N/A,71.78 %,66.7 %,108.56,123.63,140.74,Monitor weekly; re-evaluate on next earnings or macro event
MONTECARLO,SELL,-3,546.85,52.3,0.3439,543.83,548.28,546.85,511.15,564.7,2.0,Consumer Cyclical,11216047104,10.012956,54.03,0.12880999,63.989,-12.85 %,40.0 %,444.65,536.07,646.02,Exit / Avoid new positions
GSLSU,STRONG SELL,-7,29.41,25.06,-0.0534,33.86,44.24,29.41,21.49,33.37,2.0,Basic Materials,1192624256,N/A,-7.18,-0.110769995,78.906,-28.3 %,0.0 %,19.33,25.89,34.65,Short-to-Medium Term (2–8 weeks)
TCPLPACK,HOLD,-1,3208.7,64.32,-1.1847,3109.81,2857.11,3208.7,2731.07,3447.51,2.0,Consumer Cyclical,29373095936,30.092104,107.49,0.14355,88.192,-29.43 %,28.6 %,2580.5,3230.13,4041.31,Monitor weekly; re-evaluate on next earnings or macro event
DBOL,SELL,-3,102.3,35.11,-1.2257,109.78,110.18,102.3,85.98,110.46,2.0,Consumer Defensive,6496623616,25.850786,3.82,N/A,103.294,43.68 %,40.0 %,79.77,99.87,124.96,Exit / Avoid new positions
TRF,STRONG SELL,-9,232.67,48.99,-1.2504,238.95,236.38,232.67,195.17,251.42,2.0,Industrials,2506804992,N/A,-5.54,-0.05327,153.664,-23.83 %,20.0 %,171.29,220.04,282.5,Short-to-Medium Term (2–8 weeks)
ELECTHERM,HOLD,0,1030.2,23.16,-16.9022,1089.51,1028.02,1030.2,876.09,1107.26,2.0,Basic Materials,12947973120,N/A,-12.26,N/A,N/A,-23.83 %,33.3 %,765.51,1029.59,1383.86,Monitor weekly; re-evaluate on next earnings or macro event
SILGO,HOLD,0,74.31,38.22,0.008,74.96,76.57,74.31,68.55,77.19,2.0,Consumer Cyclical,1882174080,28.657372,2.51,0.05806,14.644,48.57 %,20.0 %,58.8,77.17,101.23,Monitor weekly; re-evaluate on next earnings or macro event
SHARDAMOTR,STRONG SELL,-7,834.55,30.99,-5.6931,864.7,843.45,834.55,763.18,870.23,2.0,Consumer Cyclical,47677124608,14.13617,58.75,0.29089,3.744,-33.05 %,20.0 %,550.93,774.4,1087.71,Short-to-Medium Term (2–8 weeks)
PRIMESECU,STRONG SELL,-8,274.5,46.55,-0.276,279.51,284.71,274.5,241.89,290.81,2.0,Financial Services,9286073344,202.66667,1.35,N/A,0.582,-3.48 %,16.7 %,221.86,273.48,336.95,Short-to-Medium Term (2–8 weeks)
MACPOWER,BUY,2,1318.3,36.39,-12.6763,1353.99,1182.35,1318.3,1525.03,1214.93,2.0,Industrials,12965391360,38.252655,33.88,0.21298,0.389,-26.93 %,20.0 %,979.32,1294.49,1710.03,Medium-to-Long Term (1–6 months)
INDIANHUME,HOLD,-1,387.0,62.49,-2.0013,373.45,336.34,387.0,325.23,417.88,2.0,Industrials,19755663360,14.002987,26.78,0.09864,28.091,-2.01 %,66.7 %,295.3,377.08,481.25,Monitor weekly; re-evaluate on next earnings or macro event
PSUBANKADD,STRONG SELL,-5,84.79,52.32,-0.0494,84.92,84.52,84.79,79.27,87.55,2.0,,N/A,N/A,N/A,N/A,N/A,13.85 %,50.0 %,75.11,85.15,96.51,Short-to-Medium Term (2–8 weeks)
SHANKARA,HOLD,0,140.87,78.14,0.1963,134.35,125.52,140.87,125.84,148.38,2.0,Consumer Cyclical,3427157248,89.44936,1.58,0.00895,42.93,84.72 %,80.0 %,69.58,125.92,227.56,Monitor weekly; re-evaluate on next earnings or macro event
RAJOOENG,SELL,-2,54.18,70.26,0.6492,51.81,53.67,54.18,47.94,57.3,2.0,Industrials,9314342912,19.379183,2.69,N/A,6.767,-26.76 %,0.0 %,37.75,49.01,63.61,Exit / Avoid new positions
PATELRMART,SELL,-2,222.21,48.29,-0.8275,221.98,210.89,222.21,198.3,234.17,2.0,Consumer Cyclical,7402558976,17.022274,13.02,0.15668,44.929,-29.41 %,0.0 %,165.46,213.24,274.67,Exit / Avoid new positions
JAGSNPHARM,HOLD,1,229.61,40.07,-1.3427,229.1,217.85,229.61,203.09,242.87,2.0,Healthcare,14772157440,35.508717,6.31,0.16695,2.956,14.05 %,25.0 %,178.3,233.02,304.35,Monitor weekly; re-evaluate on next earnings or macro event
RUPA,SELL,-2,164.0,41.5,-1.2252,167.44,160.07,164.0,150.29,170.85,2.0,Consumer Cyclical,12910065664,17.796053,9.12,0.06958,24.224,1.66 %,33.3 %,129.84,156.67,188.98,Exit / Avoid new positions
ECOSMOBLTY,STRONG SELL,-7,131.47,50.72,-0.1681,131.11,132.32,131.47,115.03,139.69,2.0,Industrials,7795200000,13.533333,9.6,0.23653999,2.935,14.59 %,33.3 %,89.41,120.65,162.68,Short-to-Medium Term (2–8 weeks)
SHIVALIK,SELL,-3,264.18,83.3,5.4585,229.02,235.27,264.18,235.44,278.55,2.0,Basic Materials,4066259712,33.39559,7.71,0.03165,18.969,-48.72 %,0.0 %,191.29,248.2,321.86,Exit / Avoid new positions
JINDALPOLY,STRONG SELL,-6,635.4,53.36,-2.2539,652.26,670.44,635.4,552.72,676.74,2.0,Consumer Cyclical,27589816320,N/A,-48.48,N/A,84.483,13.21 %,66.7 %,484.22,622.62,800.14,Short-to-Medium Term (2–8 weeks)
ONIDA,SELL,-2,38.26,5.89,-0.4133,40.69,40.21,38.26,32.86,40.96,2.0,Consumer Cyclical,13892846592,N/A,-2.45,N/A,32.644,49.64 %,25.0 %,28.37,39.03,53.66,Exit / Avoid new positions
MOLDTECH,HOLD,-1,142.39,74.85,1.2081,130.29,127.15,142.39,125.23,150.97,2.0,Industrials,3881489664,38.28125,3.52,0.08211,4.004,-28.97 %,0.0 %,108.33,136.5,171.92,Monitor weekly; re-evaluate on next earnings or macro event
ISGEC,STRONG SELL,-6,859.25,26.34,-2.9483,897.11,931.39,859.25,792.98,892.38,2.0,Industrials,62183907328,58.12371,14.55,0.05371,32.93,-21.76 %,50.0 %,663.16,827.08,1031.01,Short-to-Medium Term (2–8 weeks)
LIQUIDSHRI,BUY,3,1114.68,,0.0034,1112.75,1109.76,1114.68,1115.34,1114.35,2.0,Unknown,N/A,N/A,N/A,N/A,N/A,N/A,N/A,1120.42,1121.68,1122.93,Medium-to-Long Term (1–6 months)
VEEDOL,STRONG SELL,-6,1392.3,28.33,-5.5357,1430.68,1439.73,1392.3,1304.49,1436.2,2.0,Basic Materials,23639851008,12.333747,112.78,0.19657,1.534,0.77 %,33.3 %,1142.11,1333.68,1556.85,Short-to-Medium Term (2–8 weeks)
LGHL,STRONG SELL,-8,205.19,33.99,-0.0735,213.09,223.3,205.19,168.62,223.47,2.0,Consumer Cyclical,10254949376,N/A,-0.29,0.06468,153.423,20.91 %,42.9 %,163.31,210.26,270.56,Short-to-Medium Term (2–8 weeks)
TIPSFILMS,HOLD,-1,377.25,63.54,7.9669,337.2,349.25,377.25,317.73,407.01,2.0,Communication Services,1557751936,N/A,-36.67,-0.42093,630.103,-49.38 %,0.0 %,273.5,366.94,492.0,Monitor weekly; re-evaluate on next earnings or macro event
PUNJABCHEM,SELL,-2,1156.1,69.19,-1.6158,1119.47,1051.78,1156.1,1003.34,1232.48,2.0,Basic Materials,14202061824,22.213272,52.14,0.16229999,36.418,3.51 %,50.0 %,895.06,1137.38,1444.54,Exit / Avoid new positions
FLAIR,STRONG SELL,-5,256.75,45.36,0.5495,258.42,275.7,256.75,234.94,267.65,2.0,Industrials,26838931456,22.756926,11.19,0.13085,5.802,-35.17 %,42.9 %,206.41,252.01,307.56,Short-to-Medium Term (2–8 weeks)
TRANSPEK,HOLD,-1,1110.3,73.08,12.871,1013.97,1033.41,1110.3,957.12,1186.89,2.0,Basic Materials,5949469184,13.034142,81.72,N/A,N/A,N/A,N/A,869.48,1077.75,1335.27,Monitor weekly; re-evaluate on next earnings or macro event
TPLPLASTEH,HOLD,-1,78.34,41.34,-0.8944,79.7,72.61,78.34,66.67,84.17,2.0,Consumer Cyclical,6119334912,21.032171,3.73,0.18370001,11.202,-21.94 %,0.0 %,60.43,76.26,96.18,Monitor weekly; re-evaluate on next earnings or macro event
BALAJITELE,STRONG SELL,-6,83.8,20.28,-0.6983,89.07,88.85,83.8,76.03,87.69,2.0,Communication Services,10069129216,N/A,-4.09,-0.07782,3.047,-0.15 %,25.0 %,63.82,83.89,110.22,Short-to-Medium Term (2–8 weeks)
SEJALLTD,BUY,2,772.45,55.63,4.5609,739.15,744.42,772.45,904.45,706.45,2.0,Industrials,8937961472,28.120619,27.11,0.30464,133.115,91.85 %,75.0 %,611.91,804.67,1057.5,Medium-to-Long Term (1–6 months)
BANSWRAS,SELL,-4,124.33,42.32,-0.1919,128.02,127.84,124.33,103.66,134.66,2.0,Consumer Cyclical,4414912000,14.156971,9.11,N/A,89.715,-20.19 %,33.3 %,99.12,121.3,148.36,Exit / Avoid new positions
BSLGOLDETF,HOLD,1,126.09,49.1,0.5,125.07,129.57,126.09,120.54,128.87,2.0,Unknown,N/A,N/A,N/A,N/A,N/A,72.81 %,66.7 %,114.49,131.06,149.99,Monitor weekly; re-evaluate on next earnings or macro event
IRMENERGY,STRONG SELL,-7,258.8,41.56,-0.6001,263.05,265.97,258.8,239.48,268.46,2.0,Utilities,10509223936,19.734001,12.97,0.054619998,7.333,-47.97 %,0.0 %,195.87,248.42,314.9,Short-to-Medium Term (2–8 weeks)
SALSTEEL,STRONG BUY,6,59.54,53.94,0.3446,56.38,57.63,59.54,67.85,55.38,2.0,Basic Materials,8839454720,N/A,-0.02,-0.00378,238.167,44.98 %,40.0 %,47.27,63.02,83.95,Short-to-Medium Term (2–8 weeks)
ITAXIS,SELL,-2,323.94,66.69,1.4968,309.12,312.14,323.94,302.04,334.89,2.0,Unknown,N/A,19.644028,N/A,N/A,N/A,-8.09 %,28.6 %,281.01,317.22,358.0,Exit / Avoid new positions
SUBEXLTD,SELL,-2,12.31,53.8,-0.1245,12.51,11.6,12.31,10.39,13.27,2.0,Technology,6741491712,23.823528,0.51,0.088149995,8.247,-8.43 %,33.3 %,8.96,11.47,14.67,Exit / Avoid new positions
BANKNIFTY1,STRONG SELL,-5,59.36,42.57,-0.1114,59.84,58.55,59.36,55.01,61.53,2.0,Unknown,N/A,14.710269,N/A,N/A,N/A,-89.13 %,40.0 %,21.22,50.74,121.1,Short-to-Medium Term (2–8 weeks)
HGS,STRONG SELL,-6,422.55,56.53,-0.7309,422.92,418.72,422.55,373.8,446.93,2.0,Industrials,19585040384,N/A,-24.89,-0.01757,23.327,1.03 %,33.3 %,336.09,403.85,485.08,Short-to-Medium Term (2–8 weeks)
UNIECOM,STRONG SELL,-8,85.73,38.25,-0.2064,86.94,87.4,85.73,79.49,88.85,2.0,Technology,9558972416,47.78652,1.78,0.1555,4.907,-20.44 %,0.0 %,62.71,80.54,103.39,Short-to-Medium Term (2–8 weeks)
SHIVAUM,BUY,4,388.35,23.07,-5.7399,411.74,374.31,388.35,468.42,348.31,2.0,Basic Materials,5809410560,80.89962,5.28,0.06082,80.361,-18.16 %,25.0 %,328.47,392.95,469.89,Medium-to-Long Term (1–6 months)
VARDHACRLC,HOLD,0,44.04,47.43,-0.1259,43.73,43.96,44.04,39.87,46.12,2.0,Consumer Cyclical,3716019712,13.640118,3.39,0.110640004,N/A,13.47 %,66.7 %,35.19,42.81,52.05,Monitor weekly; re-evaluate on next earnings or macro event
THEJO,HOLD,0,1921.2,56.36,-6.2699,1894.68,1748.66,1921.2,1739.61,2012.0,2.0,Industrials,20627845120,41.94751,45.34,0.13971,10.776,-21.62 %,25.0 %,1512.28,1855.8,2276.33,Monitor weekly; re-evaluate on next earnings or macro event
RMC,STRONG SELL,-5,265.65,29.64,-0.9735,290.43,322.24,265.65,220.59,288.18,2.0,Industrials,2727769600,12.182333,21.17,0.18853001,80.622,N/A,N/A,171.94,228.4,303.2,Short-to-Medium Term (2–8 weeks)
BRIGHOTEL,STRONG SELL,-6,59.99,29.45,-0.369,62.72,62.68,59.99,54.77,62.6,2.0,Consumer Cyclical,22737375232,35.630955,1.68,0.11928,31.381,-9.1 %,0.0 %,50.05,57.22,65.39,Short-to-Medium Term (2–8 weeks)
HATHWAY,STRONG SELL,-8,10.88,43.86,-0.051,11.06,11.0,10.88,9.92,11.36,2.0,Communication Services,19134830592,25.738096,0.42,N/A,0.212,3.84 %,50.0 %,8.7,10.32,12.24,Short-to-Medium Term (2–8 weeks)
TAMBOLIIN,SELL,-3,215.1,35.7,-2.357,220.21,198.43,215.1,181.98,231.66,2.0,,N/A,N/A,N/A,0.08307999,1.984,N/A,N/A,181.35,240.35,318.35,Exit / Avoid new positions
ZUARIIND,STRONG SELL,-7,255.6,35.8,-1.3589,262.14,257.69,255.6,233.52,266.64,2.0,Industrials,7449762816,7.0524383,35.47,0.024500001,72.104,-20.9 %,25.0 %,193.88,247.64,316.13,Short-to-Medium Term (2–8 weeks)
PILANIINVS,STRONG SELL,-9,4345.2,46.96,-5.4891,4380.66,4394.14,4345.2,4062.42,4486.59,2.0,Financial Services,46946340864,150.14165,28.24,0.00195,15.067,23.7 %,50.0 %,3489.16,4279.38,5246.21,Short-to-Medium Term (2–8 weeks)
GRAUWEIL,SELL,-4,75.32,41.06,-0.6911,78.33,74.63,75.32,66.35,79.8,2.0,Basic Materials,33343881216,20.314919,3.62,0.16232,1.343,N/A,N/A,35.28,62.15,109.34,Exit / Avoid new positions
NEXT50BETA,SELL,-2,78.16,51.88,-0.0544,77.74,76.75,78.16,74.32,80.08,2.0,,N/A,N/A,N/A,N/A,N/A,-7.24 %,0.0 %,70.84,78.86,87.76,Exit / Avoid new positions
GICHSGFIN,STRONG SELL,-7,148.26,35.77,-0.3804,150.64,153.02,148.26,138.09,153.34,2.0,Financial Services,7948417536,5.133913,28.75,0.07606,432.907,-19.06 %,40.0 %,122.4,142.74,166.39,Short-to-Medium Term (2–8 weeks)
RAJESHEXPO,SELL,-4,88.46,33.87,0.2476,91.09,96.89,88.46,75.17,95.1,2.0,Consumer Cyclical,25643327488,22.795275,3.81,0.00677,5.833,-34.03 %,0.0 %,63.68,81.36,103.89,Exit / Avoid new positions
SCILAL,SELL,-3,42.15,44.36,0.008,42.61,44.24,42.15,39.24,43.6,2.01,Real Estate,19316684800,66.8871,0.62,0.0095999995,0.003,-7.49 %,50.0 %,32.79,39.75,48.17,Exit / Avoid new positions
AYMSYNTEX,HOLD,1,235.27,46.41,-1.0893,240.27,227.16,235.27,192.37,256.72,2.0,Consumer Cyclical,14133772288,212.95575,1.13,0.01123,31.914,-16.15 %,20.0 %,188.33,242.8,312.84,Monitor weekly; re-evaluate on next earnings or macro event
ROXHITECH,BUY,3,45.55,59.46,0.4283,39.01,36.05,45.55,52.21,42.22,2.0,Unknown,2941321984,N/A,N/A,N/A,N/A,-23.22 %,0.0 %,32.21,42.39,55.75,Medium-to-Long Term (1–6 months)
MMP,BUY,3,285.05,70.62,0.0211,280.48,276.02,285.05,321.23,266.96,2.0,Basic Materials,7126702592,22.995901,12.2,0.09257,53.253,-15.25 %,16.7 %,224.19,280.35,350.4,Medium-to-Long Term (1–6 months)
INFRABEES,STRONG SELL,-7,963.34,40.76,-1.3238,968.66,965.96,963.34,925.48,982.27,2.0,Unknown,N/A,21.934793,N/A,N/A,N/A,0.25 %,66.7 %,884.22,960.56,1043.3,Short-to-Medium Term (2–8 weeks)
PROSTARM,STRONG SELL,-6,123.41,17.46,-0.4943,130.22,137.38,123.41,113.0,128.62,2.0,Industrials,7167392768,20.917524,5.82,0.16903,32.43,-27.79 %,0.0 %,91.35,122.13,163.17,Short-to-Medium Term (2–8 weeks)
LIBERTSHOE,SELL,-2,269.0,48.92,-1.265,266.24,254.68,269.0,231.59,287.7,2.0,Consumer Cyclical,4478964224,40.81522,6.44,0.049039997,71.141,-36.92 %,0.0 %,202.15,256.91,326.33,Exit / Avoid new positions
PRIZOR,STRONG BUY,5,860.0,63.17,0.5827,828.81,797.77,860.0,902.9,838.55,2.0,Unknown,1947937152,N/A,N/A,N/A,N/A,105.66 %,66.7 %,668.13,925.82,1281.97,Short-to-Medium Term (2–8 weeks)
RAMKY,STRONG SELL,-7,375.2,33.58,-0.6213,391.46,417.39,375.2,340.82,392.39,2.0,Industrials,25703520256,9.483024,39.17,0.13379,27.392,6.74 %,40.0 %,288.22,358.12,444.76,Short-to-Medium Term (2–8 weeks)
MAHKTECH,HOLD,-1,23.31,65.32,0.1105,22.65,23.1,23.31,21.93,24.0,2.0,Unknown,N/A,18.349375,N/A,N/A,N/A,-5.6 %,16.7 %,19.59,23.94,29.24,Monitor weekly; re-evaluate on next earnings or macro event
SHREEPUSHK,HOLD,0,388.15,32.87,-4.4398,406.71,385.24,388.15,332.98,415.73,2.0,Basic Materials,12737816576,18.019213,21.86,0.12202,21.571,-2.42 %,33.3 %,297.99,395.75,525.24,Monitor weekly; re-evaluate on next earnings or macro event
NAHARPOLY,BUY,2,279.55,73.29,2.8132,257.55,254.03,279.55,311.2,263.73,2.0,Consumer Cyclical,6542864896,8.300062,32.06,N/A,9.109,-10.52 %,20.0 %,213.91,276.04,356.0,Medium-to-Long Term (1–6 months)
JUBLCPL,STRONG SELL,-6,1876.7,13.22,-29.7176,2010.29,1916.19,1876.7,1665.89,1982.11,2.0,Basic Materials,27448741888,21.738869,83.33,0.32558998,11.133,46.19 %,50.0 %,1445.88,1896.66,2486.48,Short-to-Medium Term (2–8 weeks)
KUANTUM,SELL,-2,80.17,61.64,0.3948,76.62,76.41,80.17,70.93,84.79,2.0,Basic Materials,6770784768,16.130976,4.81,0.03437,70.808,-4.05 %,33.3 %,63.34,76.49,92.33,Exit / Avoid new positions
SICALLOG,BUY,2,101.92,62.03,0.3808,93.27,84.51,101.92,118.09,93.84,2.0,Industrials,8537779200,16.362385,6.54,0.24689,179.935,-60.68 %,0.0 %,77.94,99.35,126.56,Medium-to-Long Term (1–6 months)
MWL,SELL,-2,35.9,30.01,-0.1647,36.92,37.27,35.9,30.68,38.51,2.0,Basic Materials,10677393408,20.542858,1.75,N/A,160.456,67.18 %,57.1 %,31.29,37.87,45.83,Exit / Avoid new positions
ALICON,SELL,-2,678.45,60.18,3.4876,642.91,649.85,678.45,609.39,712.98,2.0,Industrials,11015930880,32.063717,21.03,0.05638,56.406,-18.82 %,40.0 %,524.84,649.68,803.84,Exit / Avoid new positions
PRSMJOHNSN,STRONG SELL,-7,108.55,31.34,-0.1689,112.3,116.93,108.55,100.12,112.77,2.0,Basic Materials,53849088000,48.40724,2.21,N/A,93.47,-17.4 %,20.0 %,85.15,105.37,130.32,Short-to-Medium Term (2–8 weeks)
GUJTHEM,STRONG SELL,-6,360.75,37.8,-1.7477,374.04,383.94,360.75,317.49,382.38,2.0,Healthcare,38850981888,82.96037,4.29,0.17413999,56.23,28.72 %,100.0 %,280.61,370.19,488.06,Short-to-Medium Term (2–8 weeks)
ALLTIME,STRONG SELL,-7,226.87,32.86,-2.2518,239.08,235.93,226.87,199.06,240.78,2.0,Consumer Defensive,14685533184,38.71848,5.79,0.08208,14.078,-15.75 %,0.0 %,170.52,218.96,281.02,Short-to-Medium Term (2–8 weeks)
STUDDS,STRONG SELL,-6,444.2,35.08,-0.7938,455.61,465.73,444.2,410.69,460.95,2.0,Consumer Cyclical,17352882176,20.987625,21.01,0.16999,1.559,-14.74 %,0.0 %,357.26,425.14,505.72,Short-to-Medium Term (2–8 weeks)
BAJAJST,STRONG SELL,-8,395.25,45.84,-0.7787,400.29,395.56,395.25,344.85,420.45,2.0,,N/A,N/A,N/A,0.09097,14.745,N/A,N/A,288.22,361.43,453.0,Short-to-Medium Term (2–8 weeks)
MAANALU,STRONG SELL,-6,114.21,28.49,-0.1624,119.27,126.31,114.21,100.17,121.23,2.0,Basic Materials,6653520896,47.2,2.35,0.0575,19.942,-3.32 %,50.0 %,85.19,111.92,146.96,Short-to-Medium Term (2–8 weeks)
CELLECOR,HOLD,-1,33.65,13.04,-0.416,36.52,37.27,33.65,30.17,35.39,2.0,Unknown,62865342464,N/A,N/A,N/A,N/A,21.89 %,75.0 %,11.76,28.75,70.13,Monitor weekly; re-evaluate on next earnings or macro event
LIKHITHA,SELL,-4,230.3,35.24,-2.9429,244.16,231.84,230.3,192.5,249.2,2.0,Energy,8668208128,22.070353,9.95,0.098120004,0.088,-31.76 %,0.0 %,173.98,220.24,278.65,Exit / Avoid new positions
JUNIPER,HOLD,0,198.01,49.34,0.0344,196.22,197.32,198.01,181.9,206.06,2.0,Consumer Cyclical,43376840704,30.652515,6.36,0.050619997,41.613,-39.18 %,16.7 %,154.28,187.8,228.51,Monitor weekly; re-evaluate on next earnings or macro event
VAKRANGEE,SELL,-2,6.09,51.11,0.0029,6.02,6.21,6.09,5.64,6.31,2.05,Technology,6553310720,60.5,0.1,0.051119998,1.705,-56.06 %,0.0 %,4.26,5.6,7.35,Exit / Avoid new positions
AFIL,SELL,-3,9.26,37.56,-0.0499,9.7,9.89,9.26,7.61,10.08,2.01,Financial Services,4080879360,9.373737,0.99,0.10501,118.754,-35.26 %,20.0 %,6.9,9.05,11.86,Exit / Avoid new positions
ALPHAETF,STRONG SELL,-6,25.89,49.81,-0.0651,26.05,25.94,25.89,24.24,26.71,2.01,Unknown,N/A,22.06289,N/A,N/A,N/A,-6.94 %,50.0 %,23.77,26.31,29.12,Short-to-Medium Term (2–8 weeks)
SHREDIGCEM,STRONG SELL,-7,73.18,40.11,-0.0482,74.6,73.45,73.18,66.43,76.56,2.0,Basic Materials,10846554112,60.106556,1.22,N/A,140.51,-15.51 %,50.0 %,59.77,71.3,85.02,Short-to-Medium Term (2–8 weeks)
FINIETF,SELL,-3,32.58,46.35,-0.0861,32.6,32.07,32.58,30.72,33.51,2.0,Unknown,N/A,23.633482,N/A,N/A,N/A,-1.22 %,50.0 %,29.66,33.14,37.01,Exit / Avoid new positions
AARVI,STRONG BUY,6,157.32,64.77,0.3532,150.16,141.79,157.32,188.46,141.75,2.0,Industrials,2231528192,12.790322,11.78,0.1318,18.792,-21.58 %,40.0 %,125.92,157.33,196.49,Short-to-Medium Term (2–8 weeks)
STANLEY,SELL,-4,156.07,52.51,-0.3487,155.68,151.88,156.07,140.65,163.78,2.0,Consumer Cyclical,8849907712,73.07548,2.12,0.02744,65.389,-12.65 %,50.0 %,115.88,143.25,176.99,Exit / Avoid new positions
GANESHCP,STRONG SELL,-6,169.9,17.4,-1.4457,185.09,194.69,169.9,150.46,179.62,2.0,Consumer Defensive,6828171264,15.304349,11.04,0.14192,7.166,3.54 %,100.0 %,123.36,155.62,196.22,Short-to-Medium Term (2–8 weeks)
AUTOAXLES,STRONG SELL,-5,1792.5,48.07,-2.1029,1800.07,1768.52,1792.5,1664.28,1856.61,2.0,Consumer Cyclical,27187953664,16.535845,108.8,0.158,1.28,-11.36 %,0.0 %,1528.31,1768.69,2046.22,Short-to-Medium Term (2–8 weeks)
LINCOLN,SELL,-3,582.1,30.16,-1.7393,604.73,632.96,582.1,533.29,606.5,2.0,Healthcare,11606225920,13.202325,43.89,0.12299,0.584,-39.87 %,16.7 %,454.23,574.27,725.66,Exit / Avoid new positions
GRINFRA,STRONG SELL,-7,877.45,44.07,-3.5529,898.55,903.75,877.45,809.65,911.35,2.0,Industrials,84007493632,9.30846,93.27,0.100880004,51.877,-24.32 %,14.3 %,714.04,839.02,985.53,Short-to-Medium Term (2–8 weeks)
TNPETRO,STRONG SELL,-5,94.14,38.06,-0.4433,95.87,92.52,94.14,85.14,98.64,2.0,Basic Materials,8446521344,8.668513,10.83,0.101009995,45.668,39.64 %,75.0 %,77.63,93.16,111.75,Short-to-Medium Term (2–8 weeks)
SHOPERSTOP,BUY,2,385.85,61.73,0.2431,371.02,361.13,385.85,447.98,354.79,2.0,Consumer Cyclical,42335506432,N/A,-3.36,N/A,1139.713,-21.87 %,25.0 %,302.65,368.04,447.36,Medium-to-Long Term (1–6 months)
BIRLACABLE,STRONG BUY,5,200.98,65.69,1.2985,190.66,195.4,200.98,232.63,185.16,2.0,Technology,5849399808,34.632324,5.63,0.06329,47.195,7.23 %,40.0 %,151.27,195.24,251.85,Short-to-Medium Term (2–8 weeks)
PRECAM,STRONG SELL,-7,139.85,30.17,-0.6038,145.14,148.39,139.85,127.16,146.19,2.0,Consumer Cyclical,13140339712,25.618517,5.4,0.06295,13.008,-11.64 %,25.0 %,100.92,135.82,182.66,Short-to-Medium Term (2–8 weeks)
VAISHALI,SELL,-3,7.72,58.05,-0.0048,7.62,7.37,7.72,6.37,8.39,2.01,Healthcare,964115136,123.166664,0.06,0.06215,27.331,-30.85 %,0.0 %,5.56,7.34,9.68,Exit / Avoid new positions
ARVSMART,SELL,-3,599.7,46.29,-0.8197,603.02,599.54,599.7,549.66,624.72,2.0,Real Estate,27199119360,28.332537,20.93,0.121350005,65.077,0.81 %,25.0 %,480.08,587.13,717.72,Exit / Avoid new positions
GPECO,SELL,-4,430.5,52.16,-0.1139,426.31,434.24,430.5,384.9,453.3,2.0,Unknown,4225256448,N/A,N/A,N/A,N/A,74.45 %,60.0 %,319.52,433.21,586.96,Exit / Avoid new positions
SRGHFL,HOLD,0,309.1,49.11,-0.549,305.82,293.51,309.1,267.79,329.75,2.0,Financial Services,4894484480,15.0676985,20.68,0.11586001,292.408,-29.57 %,0.0 %,246.44,302.59,371.37,Monitor weekly; re-evaluate on next earnings or macro event
BOROLTD,STRONG SELL,-6,233.73,47.4,-1.2913,238.63,230.98,233.73,202.14,249.52,2.0,Consumer Cyclical,27373608960,37.463173,6.11,0.088120006,16.696,-19.75 %,0.0 %,184.03,226.39,278.37,Short-to-Medium Term (2–8 weeks)
HDFCMID150,HOLD,-1,23.24,51.45,-0.0406,23.21,22.96,23.24,21.74,23.99,2.0,Unknown,N/A,27.557985,N/A,N/A,N/A,-5.61 %,20.0 %,21.66,23.64,25.79,Monitor weekly; re-evaluate on next earnings or macro event
HDFCSENSEX,SELL,-4,86.95,38.71,-0.197,87.48,86.2,86.95,82.57,89.14,2.0,,N/A,N/A,N/A,N/A,N/A,2.05 %,40.0 %,80.88,86.57,92.65,Exit / Avoid new positions
SARTELE,STRONG SELL,-7,117.8,19.64,-0.9357,128.1,132.98,117.8,100.67,126.36,2.0,Unknown,11275180032,N/A,N/A,N/A,N/A,-36.74 %,0.0 %,81.74,112.05,153.5,Short-to-Medium Term (2–8 weeks)
BALMLAWRIE,STRONG SELL,-8,176.65,43.38,-0.2926,178.69,179.69,176.65,166.78,181.59,2.0,Industrials,30093254656,10.87639,16.18,0.13276,10.544,-13.39 %,40.0 %,144.63,170.68,201.35,Short-to-Medium Term (2–8 weeks)
BODALCHEM,STRONG BUY,5,67.6,72.9,1.0052,62.91,67.07,67.6,76.36,63.22,2.0,Basic Materials,8580568576,17.928947,3.8,0.042280003,70.251,19.73 %,66.7 %,53.4,66.44,82.61,Short-to-Medium Term (2–8 weeks)
PAKKA,SELL,-4,71.1,31.45,0.1291,74.36,80.48,71.1,62.67,75.31,2.0,Basic Materials,3335336960,52.21642,1.34,N/A,66.419,-16.77 %,25.0 %,50.98,65.07,83.0,Exit / Avoid new positions
GKSL,STRONG SELL,-8,127.39,46.07,-0.3085,129.65,131.45,127.39,112.36,134.91,2.0,Healthcare,10013092864,51.20968,2.48,0.11929,11.427,7.78 %,50.0 %,113.03,132.19,154.56,Short-to-Medium Term (2–8 weeks)
HALDER,HOLD,1,233.71,52.84,0.5456,231.76,233.11,233.71,204.55,248.29,2.0,Consumer Defensive,2858780928,8.957131,25.66,N/A,197.405,-0.83 %,0.0 %,180.48,224.09,278.11,Monitor weekly; re-evaluate on next earnings or macro event
BORANA,BUY,4,328.05,57.83,2.6193,314.71,318.08,328.05,370.38,306.88,2.0,Consumer Cyclical,8586446848,13.239523,24.34,0.35007998,25.149,30.77 %,50.0 %,271.7,334.7,412.11,Medium-to-Long Term (1–6 months)
ELIN,STRONG SELL,-5,101.41,51.32,0.0766,102.47,106.82,101.41,86.2,109.02,2.0,Industrials,5020133888,21.765087,4.64,0.04143,2.969,-3.99 %,40.0 %,74.66,96.68,125.12,Short-to-Medium Term (2–8 weeks)
EFACTOR,SELL,-3,175.0,54.25,2.1746,166.45,177.95,175.0,154.48,185.26,2.0,Unknown,2774676736,N/A,N/A,N/A,N/A,10.3 %,75.0 %,122.85,170.6,236.73,Exit / Avoid new positions
TAALTECH,SELL,-3,3975.8,51.66,-22.2416,3844.22,3486.21,3975.8,3393.26,4267.07,2.0,,N/A,N/A,N/A,0.25253,0.372,N/A,N/A,3352.87,4482.39,5988.6,Exit / Avoid new positions
CLSEL,SELL,-3,279.3,37.08,-0.5413,283.24,283.02,279.3,252.18,292.86,2.0,Consumer Defensive,13778969600,11.995671,23.1,0.14608,9.87,-10.93 %,25.0 %,220.41,281.47,359.24,Exit / Avoid new positions
TVSSRICHAK,STRONG SELL,-5,3972.5,30.1,-34.1839,4122.13,4018.32,3972.5,3629.87,4143.81,2.0,Consumer Cyclical,30549331968,42.91846,92.96,0.05988,64.482,4.16 %,33.3 %,3247.46,3929.15,4751.93,Short-to-Medium Term (2–8 weeks)
KSHITIJPOL,SELL,-3,3.0,31.98,0.0409,3.16,4.37,3.0,2.49,3.25,2.04,Industrials,275901472,11.923077,0.26,0.07117,29.786,-19.91 %,60.0 %,2.13,2.82,3.72,Exit / Avoid new positions
SHALBY,STRONG SELL,-8,163.48,32.09,-0.7017,168.31,169.97,163.48,148.33,171.05,2.0,Healthcare,17290121216,49.734566,3.24,0.03467,59.122,5.69 %,60.0 %,129.84,157.25,190.36,Short-to-Medium Term (2–8 weeks)
ESSARSHPNG,STRONG SELL,-7,20.43,28.52,-0.0793,21.64,22.8,20.43,17.34,21.98,1.99,Industrials,4157690624,N/A,-5.41,N/A,N/A,-42.76 %,0.0 %,14.42,19.05,25.16,Short-to-Medium Term (2–8 weeks)
EQUAL50ADD,HOLD,-1,342.93,46.86,-0.1542,341.34,338.55,342.93,332.04,348.38,2.0,Unknown,N/A,23.768518,N/A,N/A,N/A,-4.37 %,40.0 %,321.59,347.7,375.87,Monitor weekly; re-evaluate on next earnings or macro event
MASPTOP50,HOLD,0,78.09,50.71,0.0248,78.6,79.56,78.09,76.08,79.09,2.01,Unknown,N/A,30.18441,N/A,N/A,N/A,47.63 %,100.0 %,69.98,80.49,92.55,Monitor weekly; re-evaluate on next earnings or macro event
VINYLINDIA,SELL,-4,251.2,39.87,-0.6973,251.99,255.24,251.2,230.83,261.38,2.0,Basic Materials,4436664320,26.913237,8.99,0.1284,0.38,1.0 %,60.0 %,195.87,242.44,299.94,Exit / Avoid new positions
RSWM,STRONG BUY,6,213.67,71.48,0.3512,203.73,194.3,213.67,242.35,199.33,2.0,Consumer Cyclical,10147115008,19.495926,11.05,0.039130002,123.995,-35.21 %,20.0 %,169.0,210.23,261.4,Short-to-Medium Term (2–8 weeks)
MOMOMENTUM,STRONG SELL,-8,61.48,52.83,-0.0695,61.73,61.79,61.48,57.97,63.23,2.01,Unknown,N/A,25.960728,N/A,N/A,N/A,-11.6 %,16.7 %,56.16,61.95,68.32,Short-to-Medium Term (2–8 weeks)
OMPOWER,STRONG SELL,-7,169.87,44.14,-0.3283,173.41,177.52,169.87,155.11,177.25,2.0,Industrials,N/A,25.965944,6.46,0.38189,34.809,N/A,N/A,134.96,160.04,189.71,Short-to-Medium Term (2–8 weeks)
DISAQ,SELL,-3,12191.0,52.85,-2.3022,12075.35,11864.84,12191.0,10975.58,12798.71,2.0,,N/A,N/A,N/A,0.18755,N/A,N/A,N/A,10587.97,12092.77,13807.38,Exit / Avoid new positions
GOODYEAR,HOLD,0,818.3,65.58,2.3633,798.8,764.98,818.3,752.81,851.04,2.0,Consumer Cyclical,18832650240,30.601574,26.68,0.101730004,4.446,N/A,N/A,421.28,673.21,1074.69,Monitor weekly; re-evaluate on next earnings or macro event
PPAP,HOLD,0,287.43,58.11,-3.906,287.36,249.27,287.43,209.16,326.56,2.0,Consumer Cyclical,3989904384,9.22623,30.5,0.13734001,60.801,6.61 %,25.0 %,222.38,290.66,379.68,Monitor weekly; re-evaluate on next earnings or macro event
GOKUL,STRONG SELL,-7,39.61,38.59,-0.1605,40.6,41.09,39.61,35.41,41.71,2.0,Consumer Defensive,3847935488,20.786097,1.87,0.052199997,106.352,-18.23 %,0.0 %,31.36,39.26,49.12,Short-to-Medium Term (2–8 weeks)
ARROWGREEN,HOLD,-1,705.8,63.68,-0.5038,673.23,598.42,705.8,609.98,753.71,2.0,Consumer Cyclical,10653592576,22.4801,31.41,0.22236,0.957,-34.63 %,25.0 %,525.18,702.44,938.93,Monitor weekly; re-evaluate on next earnings or macro event
BHARATGEAR,BUY,3,127.48,52.87,-0.252,124.71,121.53,127.48,140.23,121.11,2.0,Consumer Cyclical,1903412992,11.531162,10.75,0.13524,55.563,21.48 %,50.0 %,99.92,127.78,163.3,Medium-to-Long Term (1–6 months)
HDFCPVTBAN,SELL,-3,27.92,37.6,-0.1372,28.46,27.87,27.92,25.64,29.06,2.0,Unknown,N/A,18.765736,N/A,N/A,N/A,-6.41 %,37.5 %,25.69,27.98,30.47,Exit / Avoid new positions
HDFCMOMENT,STRONG SELL,-8,30.69,52.71,-0.0318,30.78,30.81,30.69,29.13,31.47,2.0,Unknown,N/A,25.898293,N/A,N/A,N/A,-9.52 %,57.1 %,27.45,30.27,33.38,Short-to-Medium Term (2–8 weeks)
JAYAGROGN,HOLD,1,232.68,78.82,1.4339,216.55,218.35,232.68,202.83,247.61,2.0,Basic Materials,6903000064,13.696429,16.8,0.08019,20.447,-7.54 %,40.0 %,185.35,227.62,279.41,Monitor weekly; re-evaluate on next earnings or macro event
LIQUIDSBI,STRONG SELL,-8,999.99,50.0,-0.0001,1000.0,1000.0,999.99,999.93,1000.02,2.0,Unknown,N/A,N/A,N/A,N/A,N/A,-0.01 %,0.0 %,999.91,999.99,1000.06,Short-to-Medium Term (2–8 weeks)
EIFFL,HOLD,1,316.25,48.66,-3.9651,323.88,287.94,316.25,269.27,339.74,2.0,Consumer Defensive,7810760192,158.26634,1.99,0.0665,76.862,-8.31 %,60.0 %,258.87,329.07,418.09,Monitor weekly; re-evaluate on next earnings or macro event
NURECA,HOLD,1,315.7,84.77,6.6629,261.27,252.89,315.7,260.02,343.54,2.0,Healthcare,3117128704,69.12638,4.51,N/A,1.25,-47.08 %,0.0 %,239.81,316.43,417.28,Monitor weekly; re-evaluate on next earnings or macro event
VPRPL,SELL,-4,28.29,52.56,0.4742,27.1,30.77,28.29,26.58,29.14,2.01,Industrials,3381314048,N/A,-12.04,-0.21304001,103.111,-43.59 %,0.0 %,18.45,24.52,32.55,Exit / Avoid new positions
BIRLAMONEY,STRONG SELL,-6,131.22,39.64,-1.7359,141.11,139.22,131.22,109.05,142.31,2.0,Financial Services,7372755456,13.576484,9.61,N/A,734.586,-24.41 %,16.7 %,100.38,128.49,164.37,Short-to-Medium Term (2–8 weeks)
INFRAIETF,STRONG SELL,-7,95.63,41.11,-0.1852,96.49,96.16,95.63,91.34,97.77,2.0,,N/A,N/A,N/A,N/A,N/A,0.27 %,60.0 %,87.79,95.37,103.59,Short-to-Medium Term (2–8 weeks)
ITBETA,HOLD,-1,309.43,65.2,1.3549,295.67,298.07,309.43,289.99,319.15,2.0,Unknown,N/A,19.692177,N/A,N/A,N/A,-7.65 %,42.9 %,267.2,303.03,343.56,Monitor weekly; re-evaluate on next earnings or macro event
GROWWEV,BUY,2,31.94,57.99,0.0298,31.39,31.0,31.94,33.65,31.09,2.01,Unknown,N/A,35.630173,N/A,N/A,N/A,-8.58 %,33.3 %,28.85,31.82,35.08,Medium-to-Long Term (1–6 months)
MERCURYEV,STRONG SELL,-6,35.92,53.95,-0.0602,35.49,,35.92,29.41,39.18,2.0,Consumer Cyclical,6812433920,163.0,0.22,N/A,2.555,N/A,N/A,29.96,35.58,42.25,Short-to-Medium Term (2–8 weeks)
KKCL,HOLD,-1,501.95,53.7,-1.5356,500.98,474.88,501.95,457.49,524.18,2.0,Consumer Cyclical,30640041984,21.57986,23.04,0.14431,N/A,-33.71 %,20.0 %,414.47,490.52,580.32,Monitor weekly; re-evaluate on next earnings or macro event
EBBETF0430,BUY,3,1609.85,47.74,-0.9906,1607.04,1591.88,1609.85,1658.36,1585.59,2.0,Unknown,N/A,N/A,N/A,N/A,N/A,7.5 %,50.0 %,1597.58,1623.6,1649.99,Medium-to-Long Term (1–6 months)
VIPULLTD,SELL,-2,11.52,27.53,-0.7503,15.12,12.01,11.52,8.58,12.99,2.0,Real Estate,1704200192,N/A,-2.07,N/A,19.491,-47.9 %,16.7 %,7.89,10.53,14.04,Exit / Avoid new positions
EVINDIA,BUY,2,32.02,59.52,0.0327,31.51,31.11,32.02,34.96,30.55,2.0,Unknown,N/A,35.740376,N/A,N/A,N/A,-12.95 %,33.3 %,28.92,31.84,35.04,Medium-to-Long Term (1–6 months)
HEIDELBERG,SELL,-4,158.06,46.0,-0.248,157.74,155.45,158.06,148.76,162.71,2.0,Basic Materials,35547123712,26.539764,5.91,0.096829996,1.037,-17.84 %,20.0 %,135.07,153.68,174.81,Exit / Avoid new positions
SAHYADRI,STRONG BUY,6,292.25,53.57,0.5993,282.04,282.99,292.25,325.46,275.64,2.0,Industrials,3323843840,11.454168,26.51,0.07394,4.085,1.06 %,50.0 %,232.78,285.11,349.05,Short-to-Medium Term (2–8 weeks)
BFSI,SELL,-3,27.12,36.42,-0.1276,27.61,27.03,27.12,25.89,27.73,2.02,,N/A,N/A,N/A,N/A,N/A,-6.98 %,42.9 %,25.01,27.27,29.72,Exit / Avoid new positions
AMANTA,HOLD,-1,160.0,28.09,-2.5138,169.17,152.25,160.0,146.44,166.78,2.0,Healthcare,6173867008,36.635944,4.34,0.09397,111.004,N/A,N/A,130.82,161.59,199.51,Monitor weekly; re-evaluate on next earnings or macro event
BHARATRAS,STRONG SELL,-7,1273.8,37.63,-5.8982,1325.95,1380.83,1273.8,1165.14,1328.13,2.0,Basic Materials,21203501056,3.6377895,350.68,0.121190004,0.096,-31.75 %,0.0 %,949.78,1206.68,1532.26,Short-to-Medium Term (2–8 weeks)
LAXMIINDIA,HOLD,0,128.52,71.76,2.2769,114.53,110.98,128.52,111.6,136.98,2.0,Financial Services,6572188160,12.298039,10.2,0.13757,287.301,-13.78 %,50.0 %,91.14,126.65,175.86,Monitor weekly; re-evaluate on next earnings or macro event
RAMASTEEL,SELL,-4,4.24,6.52,-0.0,4.46,4.86,4.24,3.85,4.44,1.95,Basic Materials,6887732736,60.142857,0.07,0.02558,26.867,-14.82 %,40.0 %,3.04,3.98,5.22,Exit / Avoid new positions
URJA,STRONG SELL,-7,9.1,30.77,-0.0062,9.45,10.05,9.1,8.41,9.45,1.97,Technology,5020426240,300.33334,0.03,0.00708,24.759,12.59 %,33.3 %,7.01,8.58,10.5,Short-to-Medium Term (2–8 weeks)
BIRLANU,HOLD,0,1368.0,55.25,8.8455,1326.72,1344.78,1368.0,1212.48,1445.76,2.0,Industrials,10193033216,N/A,-158.55,-0.10299,100.118,-14.7 %,20.0 %,1078.44,1296.82,1558.79,Monitor weekly; re-evaluate on next earnings or macro event
BESTAGRO,SELL,-4,15.91,57.09,0.0536,15.5,16.0,15.91,14.32,16.71,1.99,Basic Materials,5412281344,61.04,0.25,0.011619999,57.549,-42.84 %,20.0 %,11.31,14.92,19.66,Exit / Avoid new positions
UGROCAP,STRONG SELL,-9,95.65,49.38,-0.2213,96.3,96.67,95.65,86.86,100.05,2.0,Financial Services,14496078848,7.1972685,13.18,0.0706,373.984,-26.78 %,28.6 %,72.41,89.44,110.44,Short-to-Medium Term (2–8 weeks)
FOODSIN,STRONG SELL,-6,53.63,27.65,-0.7816,58.62,56.84,53.63,45.23,57.83,2.0,Consumer Defensive,4067030784,14.593668,3.79,0.05011,76.257,-11.17 %,50.0 %,38.1,49.99,65.56,Short-to-Medium Term (2–8 weeks)
PSUBNKIETF,STRONG SELL,-5,84.96,51.66,-0.0562,85.22,84.84,84.96,79.5,87.69,2.0,,N/A,N/A,N/A,N/A,N/A,13.94 %,50.0 %,75.37,85.3,96.51,Short-to-Medium Term (2–8 weeks)
ITADD,SELL,-2,31.26,65.23,0.146,29.8,30.04,31.26,28.77,32.51,1.99,,N/A,N/A,N/A,N/A,N/A,-7.79 %,28.6 %,27.1,30.61,34.58,Exit / Avoid new positions
MINDTECK,STRONG SELL,-6,194.68,30.65,-1.2822,203.42,206.6,194.68,171.49,206.28,2.0,Technology,6190171648,19.667004,9.85,0.11188,1.278,-20.85 %,20.0 %,139.9,186.54,248.56,Short-to-Medium Term (2–8 weeks)
EBBETF0433,HOLD,-1,1312.88,43.28,-1.4589,1313.75,1295.21,1312.88,1283.03,1327.81,2.0,Unknown,N/A,N/A,N/A,N/A,N/A,-1.68 %,33.3 %,1297.87,1323.41,1349.39,Monitor weekly; re-evaluate on next earnings or macro event
RUSTOMJEE,STRONG SELL,-5,409.6,42.69,-2.4813,417.47,403.09,409.6,376.9,425.95,2.0,Real Estate,51687788544,65.72231,6.23,0.03344,51.271,-8.27 %,33.3 %,334.9,394.67,464.95,Short-to-Medium Term (2–8 weeks)
KILITCH,SELL,-4,180.85,44.75,-0.8188,184.42,183.31,180.85,155.53,193.51,2.0,Healthcare,6418593280,20.581839,8.92,0.12361,32.04,5.24 %,20.0 %,143.26,179.93,225.88,Exit / Avoid new positions
YUKEN,STRONG SELL,-6,710.55,27.67,-7.8067,748.13,714.5,710.55,639.48,746.08,2.0,Industrials,9530533888,64.96296,10.8,0.042680003,30.736,4.35 %,50.0 %,555.0,679.87,832.46,Short-to-Medium Term (2–8 weeks)
TECHNVISN,SELL,-2,4914.0,76.62,221.1881,3848.51,4703.41,4914.0,3921.66,5410.17,2.0,,N/A,N/A,N/A,0.01382,131.953,N/A,N/A,3220.11,4474.22,6212.26,Exit / Avoid new positions
IRIS,STRONG SELL,-8,244.25,31.43,-1.9823,253.69,251.49,244.25,213.44,259.65,2.0,Technology,4893186048,4.3949747,54.13,0.10232,0.824,-13.32 %,33.3 %,191.26,240.36,301.91,Short-to-Medium Term (2–8 weeks)
DEN,STRONG SELL,-8,27.37,40.52,-0.2359,28.49,28.5,27.37,24.55,28.78,2.0,Communication Services,12982335488,8.755628,3.11,N/A,0.524,-20.26 %,25.0 %,21.61,26.05,31.41,Short-to-Medium Term (2–8 weeks)
GGBL,STRONG SELL,-5,263.65,52.71,1.5473,266.95,298.5,263.65,234.28,278.33,2.0,Unknown,11951601664,N/A,N/A,N/A,N/A,4.92 %,80.0 %,186.67,249.96,334.5,Short-to-Medium Term (2–8 weeks)
PLASTIBLEN,HOLD,-1,191.08,61.61,-0.6009,187.89,179.23,191.08,160.06,206.59,2.0,Basic Materials,4940547072,11.570298,16.43,N/A,4.968,-3.5 %,33.3 %,151.26,184.7,225.43,Monitor weekly; re-evaluate on next earnings or macro event
SML100CASE,SELL,-4,10.87,49.32,-0.0389,10.88,10.57,10.87,9.79,11.41,2.0,Unknown,N/A,27.029768,N/A,N/A,N/A,0.26 %,100.0 %,9.89,10.94,12.08,Exit / Avoid new positions
SIKKO,HOLD,0,5.02,81.63,0.1126,4.16,4.09,5.02,4.06,5.5,2.0,Basic Materials,2192736000,41.833336,0.12,0.060890004,13.589,-8.14 %,33.3 %,3.64,4.94,6.7,Monitor weekly; re-evaluate on next earnings or macro event
MAHEPC,STRONG SELL,-7,108.04,36.38,-1.4778,115.48,115.59,108.04,92.98,115.57,2.0,Industrials,2993805056,31.318712,3.42,N/A,24.485,-43.67 %,25.0 %,83.2,105.36,133.36,Short-to-Medium Term (2–8 weeks)
TOP100CASE,STRONG SELL,-5,10.52,47.76,-0.0157,10.53,10.42,10.52,9.74,10.91,2.0,Unknown,N/A,21.043095,N/A,N/A,N/A,-1.2 %,20.0 %,9.76,10.49,11.27,Short-to-Medium Term (2–8 weeks)
ALPHAGEO,SELL,-4,202.31,54.96,0.9949,199.39,206.48,202.31,178.58,214.18,2.0,Energy,1323171456,N/A,-21.83,-0.053260002,N/A,-26.67 %,0.0 %,151.32,191.22,241.51,Exit / Avoid new positions
HMAAGRO,SELL,-4,21.53,39.78,0.0053,21.81,22.56,21.53,20.18,22.21,1.99,Consumer Defensive,10626333696,6.4498477,3.29,0.18639,88.318,-4.04 %,33.3 %,16.77,20.27,24.49,Exit / Avoid new positions
ALLETEC,STRONG SELL,-6,136.2,28.69,-0.2629,140.12,144.75,136.2,122.04,143.28,2.0,Unknown,6951844864,N/A,N/A,N/A,N/A,-0.83 %,50.0 %,96.01,126.69,167.07,Short-to-Medium Term (2–8 weeks)
REGAAL,STRONG SELL,-6,77.58,39.0,-0.3142,79.95,81.59,77.58,68.73,82.0,2.0,Consumer Defensive,8193223168,13.360135,5.97,0.15161,125.547,-11.73 %,0.0 %,54.44,71.87,94.82,Short-to-Medium Term (2–8 weeks)
NRAIL,BUY,2,478.6,69.26,8.2395,438.88,448.72,478.6,564.94,435.43,2.0,Basic Materials,7904521216,18.071985,25.7,0.054970004,100.63,58.94 %,33.3 %,370.49,476.16,611.63,Medium-to-Long Term (1–6 months)
PIGL,STRONG SELL,-6,109.07,45.49,-0.7869,111.65,107.91,109.07,93.14,117.03,2.0,Industrials,2257028096,23.484583,4.54,0.10777,8.082,-4.63 %,20.0 %,83.51,108.5,140.88,Short-to-Medium Term (2–8 weeks)
MUNJALSHOW,BUY,4,136.93,58.49,0.2401,133.88,132.3,136.93,146.05,132.37,2.0,Consumer Cyclical,5491313664,25.14652,5.46,0.03234,N/A,-9.43 %,20.0 %,112.54,134.8,161.4,Medium-to-Long Term (1–6 months)
ZTECH,STRONG SELL,-6,517.2,24.0,-7.1672,580.35,592.61,517.2,444.27,553.67,2.0,Unknown,3910008320,N/A,N/A,N/A,N/A,-29.54 %,22.2 %,423.43,534.51,674.4,Short-to-Medium Term (2–8 weeks)
DENORA,HOLD,-1,871.05,42.14,-7.8899,881.18,822.22,871.05,748.92,932.12,2.0,Industrials,4578696704,50.52724,17.07,0.07259,N/A,1.53 %,33.3 %,658.14,830.64,1047.82,Monitor weekly; re-evaluate on next earnings or macro event
VENTIVE,STRONG SELL,-8,617.8,42.18,-0.0209,621.88,630.22,617.8,571.78,640.81,2.0,Consumer Cyclical,144620650496,33.968735,18.23,0.07925,38.079,-26.95 %,12.5 %,505.53,608.42,731.94,Short-to-Medium Term (2–8 weeks)
RKSWAMY,SELL,-2,106.71,50.99,-0.079,102.78,100.4,106.71,93.78,113.17,2.0,Communication Services,5251147264,23.75114,4.38,0.08605,21.319,-12.59 %,50.0 %,79.42,99.39,124.32,Exit / Avoid new positions
PONNIERODE,SELL,-3,311.5,42.67,-1.26,319.18,315.56,311.5,280.27,327.12,2.0,Consumer Defensive,2642293760,5.414024,56.76,N/A,N/A,-4.62 %,33.3 %,251.09,299.48,357.06,Exit / Avoid new positions
ASIANHOTNR,HOLD,0,311.9,36.39,-0.7176,308.84,304.36,311.9,240.68,347.51,2.0,Consumer Cyclical,13431598080,N/A,-44.04,-0.17289,36.252,32.69 %,14.3 %,249.93,317.78,403.83,Monitor weekly; re-evaluate on next earnings or macro event
ELANTAS,STRONG SELL,-8,9555.0,50.73,-20.6684,9632.95,9740.51,9555.0,8594.79,10035.1,2.0,Basic Materials,73806716928,50.485332,184.41,N/A,N/A,-10.77 %,0.0 %,8036.28,9657.09,11600.09,Short-to-Medium Term (2–8 weeks)
SADBHAV,SELL,-3,8.31,42.29,0.0024,8.34,8.84,8.31,7.17,8.88,2.0,Industrials,1568157184,5.4404764,1.68,N/A,N/A,-44.41 %,25.0 %,5.75,7.63,10.11,Exit / Avoid new positions
PRECOT,STRONG BUY,6,844.5,66.85,1.0488,797.8,762.98,844.5,963.18,785.16,2.0,Consumer Cyclical,9627599872,26.832775,29.9,0.07716,72.242,1.93 %,33.3 %,645.1,865.22,1159.7,Short-to-Medium Term (2–8 weeks)
ULTRAMAR,STRONG SELL,-7,374.95,46.32,-0.453,383.26,386.99,374.95,341.17,391.84,2.0,Basic Materials,10773340160,13.333936,27.67,0.08765,9.891,N/A,N/A,309.24,358.52,415.51,Short-to-Medium Term (2–8 weeks)
EVIETF,BUY,2,32.06,59.57,0.0218,31.53,31.05,32.06,33.86,31.16,2.0,,N/A,N/A,N/A,N/A,N/A,-9.12 %,25.0 %,29.59,32.6,35.91,Medium-to-Long Term (1–6 months)
PAVNAIND,STRONG SELL,-7,16.22,32.27,-0.0903,17.0,17.28,16.22,13.79,17.43,2.01,Consumer Cyclical,2448751360,53.181812,0.33,0.02465,52.07,-22.11 %,25.0 %,10.93,15.04,20.7,Short-to-Medium Term (2–8 weeks)
PPL,SELL,-2,268.6,41.87,-2.2593,275.46,248.25,268.6,227.56,289.12,2.0,Industrials,6420725760,14.845133,18.08,0.093789995,4.004,-18.18 %,0.0 %,201.88,256.96,326.88,Exit / Avoid new positions
SMALL250,SELL,-3,17.84,42.98,-0.0745,17.97,17.47,17.84,15.98,18.77,2.0,,N/A,N/A,N/A,N/A,N/A,N/A,N/A,16.15,17.92,19.88,Exit / Avoid new positions
HERANBA,STRONG SELL,-7,175.94,35.88,-0.4036,180.71,183.75,175.94,159.56,184.13,2.0,Basic Materials,7020362752,N/A,-19.11,-0.095769994,74.833,0.7 %,50.0 %,130.21,166.24,212.12,Short-to-Medium Term (2–8 weeks)
SENSEXIETF,SELL,-4,883.44,40.78,-1.793,886.42,873.58,883.44,849.81,900.26,2.0,,N/A,N/A,N/A,N/A,N/A,0.86 %,40.0 %,820.65,879.77,943.0,Exit / Avoid new positions
COFFEEDAY,STRONG SELL,-5,30.39,24.83,-0.221,31.74,32.36,30.39,27.21,31.98,2.0,Consumer Cyclical,6390364160,3.1477628,9.61,0.06887,208.431,46.61 %,66.7 %,21.47,29.15,39.54,Short-to-Medium Term (2–8 weeks)
FOSECOIND,STRONG SELL,-6,5036.5,45.09,-21.1781,5149.88,5086.47,5036.5,4676.5,5216.5,2.0,Basic Materials,37687656448,40.991104,121.38,N/A,N/A,24.21 %,50.0 %,4055.98,5014.85,6197.5,Short-to-Medium Term (2–8 weeks)
COMMOIETF,HOLD,0,99.85,42.71,0.0512,100.24,101.77,99.85,96.07,101.74,2.0,,N/A,N/A,N/A,N/A,N/A,-6.3 %,40.0 %,91.41,99.87,109.1,Monitor weekly; re-evaluate on next earnings or macro event
MCLEODRUSS,HOLD,-1,52.57,46.51,0.2026,55.1,63.28,52.57,43.03,57.34,2.0,Consumer Defensive,5397227520,N/A,-11.82,-40.15999,N/A,5.83 %,60.0 %,40.19,54.04,72.61,Monitor weekly; re-evaluate on next earnings or macro event
WTICAB,SELL,-4,119.6,43.62,-1.7853,122.89,110.12,119.6,97.94,130.43,2.0,Unknown,6644692480,N/A,N/A,N/A,N/A,-25.15 %,33.3 %,83.31,112.37,151.45,Exit / Avoid new positions
NV20IETF,STRONG SELL,-7,13.62,37.61,-0.0207,13.72,13.74,13.62,12.57,14.14,2.02,,N/A,N/A,N/A,N/A,N/A,-7.7 %,28.6 %,12.62,13.48,14.38,Short-to-Medium Term (2–8 weeks)
KOTHARIPET,BUY,3,136.07,47.81,0.2297,130.32,125.59,136.07,150.14,129.03,2.0,Basic Materials,7859525120,10.849715,12.31,0.21371001,0.601,-22.01 %,0.0 %,105.54,133.06,167.67,Medium-to-Long Term (1–6 months)
MAGADSUGAR,SELL,-2,489.05,37.66,-2.621,497.1,474.2,489.05,437.21,514.97,2.0,Consumer Defensive,6789347328,10.685296,45.09,0.074099995,78.532,-18.65 %,25.0 %,379.92,472.37,587.03,Exit / Avoid new positions
MIDSELIETF,HOLD,0,19.45,54.7,-0.0332,19.21,18.77,19.45,18.04,20.15,2.01,,N/A,N/A,N/A,N/A,N/A,-6.31 %,40.0 %,17.67,19.48,21.47,Monitor weekly; re-evaluate on next earnings or macro event
ANNAPURNA,STRONG SELL,-7,126.25,39.11,-0.1227,131.19,134.42,126.25,113.17,132.79,2.0,Unknown,5299866624,N/A,N/A,N/A,N/A,-35.25 %,0.0 %,92.35,118.2,151.21,Short-to-Medium Term (2–8 weeks)
ONMOBILE,HOLD,-1,62.05,27.63,-1.4084,66.87,57.83,62.05,52.06,67.05,2.0,Communication Services,6680170496,N/A,-1.07,-0.01839,12.298,-3.76 %,66.7 %,46.37,60.23,78.2,Monitor weekly; re-evaluate on next earnings or macro event
CENTRUM,STRONG SELL,-5,23.15,37.55,-0.2046,24.32,23.12,23.15,20.15,24.65,2.0,Financial Services,10999083008,N/A,-3.13,-0.19118,1218.677,-10.21 %,33.3 %,17.01,22.16,28.86,Short-to-Medium Term (2–8 weeks)
HDFCNIFBAN,SELL,-4,58.79,41.24,-0.2155,59.36,58.05,58.79,56.0,60.19,1.99,Unknown,N/A,14.680107,N/A,N/A,N/A,-5.21 %,0.0 %,54.68,59.58,64.89,Exit / Avoid new positions
DMCC,BUY,2,271.05,66.52,1.2757,261.46,260.83,271.05,308.58,252.29,2.0,Basic Materials,6651480064,24.356167,10.95,0.114879996,28.623,-16.38 %,25.0 %,207.71,267.62,344.6,Medium-to-Long Term (1–6 months)
SUPREMEPWR,STRONG SELL,-5,209.05,40.33,-1.6671,221.22,237.34,209.05,176.14,225.51,2.0,Unknown,7647287808,N/A,N/A,N/A,N/A,138.5 %,33.3 %,153.77,202.71,267.07,Short-to-Medium Term (2–8 weeks)
INDORAMA,HOLD,-1,49.74,53.53,-0.2046,48.32,45.29,49.74,41.7,53.76,2.0,Consumer Cyclical,12904211456,8.594782,5.75,0.33855,219.556,46.66 %,75.0 %,37.95,49.47,64.46,Monitor weekly; re-evaluate on next earnings or macro event
REPRO,HOLD,0,372.8,49.68,0.2931,368.56,365.93,372.8,346.28,386.06,2.0,Industrials,5306340352,N/A,-23.23,-0.09101,53.066,-28.12 %,25.0 %,276.85,356.38,458.5,Monitor weekly; re-evaluate on next earnings or macro event
RAMAPHO,SELL,-2,130.9,64.11,0.6696,125.56,124.55,130.9,114.73,138.99,2.0,Basic Materials,4551401472,8.47299,15.18,N/A,32.867,-16.3 %,33.3 %,99.48,132.14,175.4,Exit / Avoid new positions
NIF100BEES,SELL,-3,266.49,45.0,-0.4377,266.68,263.68,266.49,257.22,271.12,2.0,Unknown,N/A,21.083069,N/A,N/A,N/A,-15.44 %,0.0 %,238.36,270.41,306.69,Exit / Avoid new positions
BOROSCI,SELL,-3,154.37,38.2,-1.726,161.03,154.67,154.37,135.68,163.72,2.0,Consumer Cyclical,13693398016,39.575832,3.89,0.08174,1.955,10.75 %,100.0 %,120.49,151.36,190.04,Exit / Avoid new positions
EMPOWER,HOLD,1,2.4,54.17,0.0099,2.3,2.25,2.4,2.16,2.52,2.0,,N/A,N/A,N/A,0.05747,11.197,N/A,N/A,2.36,3.03,3.9,Monitor weekly; re-evaluate on next earnings or macro event
NSIL,STRONG SELL,-5,5445.0,52.87,9.4961,5448.15,5529.48,5445.0,5077.17,5628.91,2.0,Financial Services,27912478720,51.181953,106.18,0.0035499998,0.019,18.06 %,20.0 %,4356.31,5478.73,6886.88,Short-to-Medium Term (2–8 weeks)
GAYAPROJ,SELL,-2,20.21,43.77,-0.1776,21.28,20.98,20.21,16.46,22.09,1.99,Industrials,9420626944,0.18599322,109.09,N/A,51.304,-19.92 %,20.0 %,16.86,21.21,26.67,Exit / Avoid new positions
RBS,STRONG SELL,-5,75.6,45.47,0.2864,77.53,85.37,75.6,65.52,80.64,2.0,Unknown,2126105600,N/A,N/A,N/A,N/A,14.3 %,50.0 %,57.21,74.11,95.95,Short-to-Medium Term (2–8 weeks)
DURLAX,HOLD,1,51.5,48.46,0.4021,49.31,51.84,51.5,44.42,55.04,2.0,Unknown,1402321792,N/A,N/A,N/A,N/A,-28.44 %,20.0 %,38.45,49.93,64.8,Monitor weekly; re-evaluate on next earnings or macro event
AONEGOLD,HOLD,-1,13.38,59.01,0.0368,13.29,13.88,13.38,13.02,13.56,2.0,Unknown,N/A,N/A,N/A,N/A,N/A,6.59 %,50.0 %,11.87,13.84,16.13,Monitor weekly; re-evaluate on next earnings or macro event
KOTYARK,SELL,-2,31.97,14.24,-0.3642,35.44,37.66,31.97,26.03,34.94,2.0,Basic Materials,3793507584,20.210844,1.66,0.118999995,35.581,12.22 %,40.0 %,22.08,29.82,40.23,Exit / Avoid new positions
LICMFGOLD,SELL,-3,129.05,50.61,4.2243,128.18,132.75,129.05,123.62,131.77,2.0,Unknown,N/A,N/A,N/A,N/A,N/A,-98.11 %,33.3 %,16.92,96.73,551.0,Exit / Avoid new positions
AKIKO,BUY,2,335.0,67.91,3.6723,304.6,280.89,335.0,378.92,313.04,2.0,Unknown,826566784,N/A,N/A,N/A,N/A,58.39 %,33.3 %,274.61,363.08,479.76,Medium-to-Long Term (1–6 months)
KESORAMIND,HOLD,1,11.45,64.86,0.1187,11.12,11.59,11.45,10.58,11.88,2.02,Basic Materials,3423513600,N/A,-2.73,-0.21451999,59.044,-5.97 %,42.9 %,2.95,9.28,29.15,Monitor weekly; re-evaluate on next earnings or macro event
GRPLTD,BUY,2,2021.1,69.14,9.9062,1903.92,1823.18,2021.1,2236.32,1913.49,2.0,Consumer Cyclical,10666130432,186.73203,10.71,N/A,116.333,-42.05 %,0.0 %,1520.76,1931.32,2451.41,Medium-to-Long Term (1–6 months)
AERONEU,SELL,-4,86.64,43.12,-0.4457,89.4,89.56,86.64,73.56,93.18,2.0,Consumer Cyclical,2203752192,149.8772,0.57,0.0182,22.955,46.01 %,100.0 %,65.11,86.09,113.74,Exit / Avoid new positions
SGIL,HOLD,0,599.75,58.9,-0.6118,589.58,570.29,599.75,535.01,632.12,2.0,Industrials,9335758848,200.31667,3.0,0.04257,225.406,-11.02 %,28.6 %,490.44,615.0,770.81,Monitor weekly; re-evaluate on next earnings or macro event
JPOLYINVST,STRONG SELL,-6,1043.1,39.26,-8.424,1087.09,1068.75,1043.1,926.76,1101.27,2.0,Financial Services,10833593344,1.2634547,815.7,0.54803,1.462,-28.99 %,40.0 %,812.57,1045.01,1343.21,Short-to-Medium Term (2–8 weeks)
SAAKSHI,HOLD,1,290.6,47.14,-2.0754,298.09,273.45,290.6,254.09,308.86,2.0,Unknown,4794486784,N/A,N/A,N/A,N/A,-42.8 %,20.0 %,221.11,289.03,377.6,Monitor weekly; re-evaluate on next earnings or macro event
ESG,SELL,-4,41.46,44.21,-0.0791,41.48,40.88,41.46,39.75,42.31,2.01,,N/A,N/A,N/A,N/A,N/A,-1.81 %,40.0 %,38.4,41.35,44.52,Exit / Avoid new positions
GROWWNIFTY,SELL,-4,9.69,38.57,-0.0186,9.73,9.62,9.69,8.73,10.17,2.0,Unknown,N/A,21.418272,N/A,N/A,N/A,-3.28 %,0.0 %,8.8,9.57,10.41,Exit / Avoid new positions
IVZINNIFTY,SELL,-4,2752.73,40.9,-4.7353,2759.25,2728.71,2752.73,2644.31,2806.94,2.0,Unknown,N/A,21.465843,N/A,N/A,N/A,-1.1 %,40.0 %,2538.63,2744.03,2965.54,Exit / Avoid new positions
NIRAJ,STRONG SELL,-7,28.97,43.96,-0.0703,29.29,29.45,28.97,25.82,30.54,2.01,Industrials,1734120576,8.206215,3.54,0.083050005,28.588,-27.4 %,0.0 %,20.48,27.79,37.69,Short-to-Medium Term (2–8 weeks)
DECCANCE,STRONG SELL,-7,545.3,37.79,-1.6749,570.5,583.6,545.3,491.42,572.24,2.0,Basic Materials,7636889088,26.738598,20.39,0.0388,100.269,-18.68 %,40.0 %,427.09,534.98,669.79,Short-to-Medium Term (2–8 weeks)
GLOBAL,STRONG BUY,5,103.99,61.07,0.2591,102.01,103.39,103.99,115.39,98.29,2.0,Consumer Defensive,5344148480,20.15163,5.21,0.21982999,N/A,-24.14 %,44.4 %,81.88,105.68,136.31,Short-to-Medium Term (2–8 weeks)
SUKHJITS,STRONG SELL,-8,168.76,42.11,-0.2197,169.2,175.27,168.76,147.1,179.59,2.0,Basic Materials,5315542016,19.645498,8.66,0.048699997,60.879,-46.89 %,0.0 %,130.91,163.14,203.22,Short-to-Medium Term (2–8 weeks)
PARIN,STRONG BUY,6,734.4,57.1,0.8235,717.64,708.17,734.4,847.8,677.7,2.0,Unknown,2573261056,N/A,N/A,N/A,N/A,36.55 %,40.0 %,657.68,776.63,916.76,Short-to-Medium Term (2–8 weeks)
SHREERAMA,STRONG SELL,-6,39.8,12.14,-0.2691,42.39,43.18,39.8,35.42,41.99,2.0,Consumer Cyclical,5078457856,21.497175,1.77,0.14975001,12.35,67.0 %,60.0 %,30.55,40.3,53.13,Short-to-Medium Term (2–8 weeks)
GROWWMOM50,STRONG SELL,-6,10.62,51.94,-0.0141,10.67,10.66,10.62,9.87,10.99,2.03,Unknown,N/A,28.816757,N/A,N/A,N/A,-8.83 %,33.3 %,9.68,10.64,11.69,Short-to-Medium Term (2–8 weeks)
ESTER,SELL,-2,90.89,47.46,0.1004,89.78,91.04,90.89,81.41,95.63,2.0,Basic Materials,9368823808,N/A,-2.82,-0.03533,93.137,-46.32 %,14.3 %,67.86,87.94,113.9,Exit / Avoid new positions
DOLATALGO,STRONG SELL,-7,68.39,30.4,-0.1896,70.88,73.29,68.39,62.51,71.33,2.0,Financial Services,12054239232,9.343793,7.33,0.12114,25.082,-15.24 %,33.3 %,51.78,65.12,81.87,Short-to-Medium Term (2–8 weeks)
SADHNANIQ,SELL,-4,2.69,38.98,-0.0126,2.75,2.62,2.69,2.54,2.77,1.87,Basic Materials,7886087168,N/A,-2.01,-0.23516001,24.953,-52.73 %,25.0 %,1.2,2.15,3.82,Exit / Avoid new positions
MOVALUE,SELL,-4,113.54,46.47,0.0034,113.99,115.61,113.54,107.27,116.68,2.0,Unknown,N/A,7.442164,N/A,N/A,N/A,11.32 %,80.0 %,102.62,113.38,125.25,Exit / Avoid new positions
MAJESAUT,SELL,-2,429.15,92.88,5.8717,375.81,350.12,429.15,378.09,454.68,2.0,Real Estate,4448040960,4.8530912,88.15,0.14349,2.283,N/A,N/A,422.14,490.1,568.81,Exit / Avoid new positions
MAHASTEEL,STRONG SELL,-8,769.2,46.94,-6.2207,811.7,842.31,769.2,632.1,837.75,2.0,Basic Materials,13486068736,140.2735,5.85,N/A,40.365,111.88 %,40.0 %,692.72,861.28,1070.35,Short-to-Medium Term (2–8 weeks)
TRANSTEEL,STRONG SELL,-7,112.75,30.46,-0.8806,122.27,122.26,112.75,95.02,121.61,2.0,Unknown,1496629376,N/A,N/A,N/A,N/A,10.12 %,50.0 %,91.97,115.18,144.17,Short-to-Medium Term (2–8 weeks)
MIRZAINT,SELL,-2,35.14,48.25,-0.5012,36.63,33.44,35.14,28.15,38.63,2.0,Consumer Cyclical,4791459840,N/A,-0.04,-0.00101,3.714,-18.44 %,16.7 %,27.22,34.31,43.23,Exit / Avoid new positions
NDTV,STRONG SELL,-7,77.42,42.71,-0.5307,80.01,80.71,77.42,69.11,81.58,2.0,Communication Services,8628835328,N/A,-33.18,N/A,199.402,-4.44 %,25.0 %,56.62,72.17,91.95,Short-to-Medium Term (2–8 weeks)
SILVER360,HOLD,-1,218.77,44.18,1.3146,217.88,233.6,218.77,203.29,226.51,2.0,,N/A,N/A,N/A,N/A,N/A,98.62 %,50.0 %,176.94,234.69,311.11,Monitor weekly; re-evaluate on next earnings or macro event
KAYA,SELL,-3,282.22,78.56,4.6779,249.33,247.66,282.22,242.71,301.98,2.0,Consumer Defensive,4320267264,N/A,-66.66,N/A,N/A,21.31 %,50.0 %,208.77,267.69,343.07,Exit / Avoid new positions
KDL,SELL,-4,114.3,33.99,0.2994,116.92,121.56,114.3,96.48,123.21,2.0,Unknown,19526975488,N/A,N/A,N/A,N/A,-44.64 %,16.7 %,57.97,95.89,158.43,Exit / Avoid new positions
EIHAHOTELS,STRONG SELL,-5,316.95,43.87,-1.4918,320.96,315.96,316.95,286.38,332.24,2.0,Consumer Cyclical,18856736768,21.655005,14.29,0.15308,0.712,-16.96 %,33.3 %,255.65,307.86,370.57,Short-to-Medium Term (2–8 weeks)
REMSONSIND,SELL,-4,79.63,35.32,0.3089,80.56,85.33,79.63,70.12,84.38,2.0,Consumer Cyclical,2756353024,15.173745,5.18,0.14031,62.789,-58.81 %,0.0 %,58.22,75.05,96.7,Exit / Avoid new positions
MUTHOOTCAP,STRONG SELL,-6,215.09,47.16,-1.4553,217.54,207.13,215.09,185.09,230.09,2.0,Financial Services,3595759616,15.015109,14.56,N/A,482.095,-38.61 %,22.2 %,168.34,208.08,257.08,Short-to-Medium Term (2–8 weeks)
HEALTHY,HOLD,0,16.97,53.8,-0.0325,16.8,16.36,16.97,15.8,17.55,2.02,Unknown,N/A,39.972687,N/A,N/A,N/A,-3.2 %,33.3 %,15.86,17.13,18.5,Monitor weekly; re-evaluate on next earnings or macro event
PRABHA,STRONG SELL,-6,142.02,27.72,-0.5842,147.8,154.5,142.02,125.52,150.27,2.0,Energy,20918867968,2378.6667,0.06,0.0014,37.627,6.62 %,33.3 %,107.75,136.17,171.99,Short-to-Medium Term (2–8 weeks)
GROWWRLTY,SELL,-2,10.12,51.85,-0.0687,10.06,9.29,10.12,8.98,10.69,2.0,Unknown,N/A,39.54659,N/A,N/A,N/A,-6.37 %,0.0 %,8.7,10.1,11.72,Exit / Avoid new positions
BANKETF,SELL,-4,581.47,41.87,-2.1697,587.48,574.72,581.47,550.87,596.77,2.0,Unknown,N/A,14.7057495,N/A,N/A,N/A,-4.01 %,20.0 %,537.72,584.21,634.59,Exit / Avoid new positions
MOHEALTH,HOLD,-1,51.54,57.57,-0.0932,50.62,49.07,51.54,47.43,53.59,2.0,Unknown,N/A,39.890026,N/A,N/A,N/A,-6.82 %,33.3 %,48.23,52.18,56.43,Monitor weekly; re-evaluate on next earnings or macro event
CONSUMER,HOLD,-1,11.8,51.61,-0.0294,11.71,11.32,11.8,11.23,12.09,1.97,Unknown,N/A,35.889355,N/A,N/A,N/A,9.97 %,75.0 %,10.65,11.77,13.01,Monitor weekly; re-evaluate on next earnings or macro event
GOLDBND,SELL,-2,143.05,48.7,0.5194,142.21,147.17,143.05,135.82,146.67,2.0,Unknown,N/A,N/A,N/A,N/A,N/A,-8.01 %,0.0 %,119.79,139.58,162.59,Exit / Avoid new positions
SARLAPOLY,BUY,2,100.58,40.83,-0.3372,101.85,99.6,100.58,113.15,94.3,2.0,Consumer Cyclical,7842176000,N/A,-1.57,-0.02651,39.891,16.19 %,33.3 %,77.25,99.23,127.39,Medium-to-Long Term (1–6 months)
ORIENTPPR,HOLD,-1,18.21,70.36,0.1677,17.0,17.33,18.21,16.38,19.12,2.01,Basic Materials,3742952192,N/A,-1.36,-0.01918,19.89,6.88 %,33.3 %,13.71,16.94,20.92,Monitor weekly; re-evaluate on next earnings or macro event
THEMISMED,SELL,-4,107.93,35.81,-1.2419,113.55,109.38,107.93,91.43,116.18,2.0,Healthcare,9825228800,881.5,0.12,0.0028600001,25.112,-30.2 %,0.0 %,75.64,101.57,136.31,Exit / Avoid new positions
SIMPLEXINF,STRONG SELL,-6,237.95,31.15,-3.5948,257.46,253.03,237.95,207.35,253.25,2.0,Industrials,18658590720,45.628624,5.17,0.053790003,167.843,-5.16 %,25.0 %,185.77,243.51,319.01,Short-to-Medium Term (2–8 weeks)
MANAKSTEEL,HOLD,-1,69.97,18.95,-1.205,75.84,71.53,69.97,58.63,75.64,2.0,Basic Materials,4386849280,10.99179,6.09,0.12974,46.44,-34.81 %,0.0 %,52.44,70.1,93.66,Monitor weekly; re-evaluate on next earnings or macro event
JINDALPHOT,STRONG SELL,-6,1063.4,32.55,-12.4872,1134.14,1089.57,1063.4,933.02,1128.59,2.0,Financial Services,10885450752,N/A,-22.23,N/A,N/A,24.08 %,66.7 %,812.57,1068.74,1404.82,Short-to-Medium Term (2–8 weeks)
ROHLTD,STRONG SELL,-8,322.35,40.29,-0.6114,322.38,326.33,322.35,292.35,337.35,2.0,Consumer Cyclical,8784295936,27.306053,11.73,0.12753999,232.509,6.79 %,16.7 %,256.92,318.07,393.6,Short-to-Medium Term (2–8 weeks)
AARNAV,HOLD,-1,31.63,66.7,0.3243,27.09,25.42,31.63,23.29,35.8,2.0,,N/A,N/A,N/A,0.048800003,55.533,N/A,N/A,24.12,32.55,43.91,Monitor weekly; re-evaluate on next earnings or macro event
PVSL,SELL,-2,108.25,76.87,1.5052,97.65,97.74,108.25,94.42,115.17,2.0,Consumer Cyclical,7720733184,N/A,-1.75,-0.0197,223.865,-7.01 %,25.0 %,82.83,102.46,126.7,Exit / Avoid new positions
DHARMAJ,HOLD,-1,260.15,50.99,0.5718,260.1,268.14,260.15,243.11,268.67,2.0,Basic Materials,8728152064,15.961062,16.18,0.12958,29.375,50.39 %,100.0 %,201.56,254.22,320.46,Monitor weekly; re-evaluate on next earnings or macro event
CONS,HOLD,-1,12.24,54.02,0.0236,12.05,11.81,12.24,11.76,12.48,2.0,Unknown,N/A,36.640656,N/A,N/A,N/A,-3.67 %,20.0 %,4.34,10.41,24.89,Monitor weekly; re-evaluate on next earnings or macro event
UNIVPHOTO,BUY,4,489.05,95.81,12.6193,401.14,392.98,489.05,563.78,451.69,2.0,Healthcare,5162418688,N/A,-73.02,-0.09486,N/A,-20.91 %,33.3 %,378.75,493.62,642.95,Medium-to-Long Term (1–6 months)
BMWVENTLTD,HOLD,-1,59.34,51.52,0.0666,57.92,59.06,59.34,53.49,62.27,2.0,Basic Materials,5004322816,11.56513,4.99,0.114989996,58.379,-25.88 %,0.0 %,46.23,57.08,70.45,Monitor weekly; re-evaluate on next earnings or macro event
MADRASFERT,STRONG SELL,-7,66.55,41.34,-0.2166,67.98,68.43,66.55,60.25,69.7,2.0,Basic Materials,10616576000,13.206413,4.99,2.6954901,689.616,-25.31 %,16.7 %,52.3,63.97,78.21,Short-to-Medium Term (2–8 weeks)
MIDCAP,SELL,-4,18.35,53.69,-0.0035,18.24,18.0,18.35,16.79,19.13,2.0,Unknown,N/A,31.0102,N/A,N/A,N/A,-90.47 %,0.0 %,6.62,15.88,38.0,Exit / Avoid new positions
HONDAPOWER,SELL,-4,2124.2,43.78,1.6696,2129.6,2192.07,2124.2,1971.41,2200.59,2.0,Industrials,21207134208,33.030018,63.3,0.077080004,0.123,15.2 %,50.0 %,1679.05,2034.56,2464.32,Exit / Avoid new positions
NATIONSTD,STRONG SELL,-6,304.2,0.0,-10.4906,613.96,979.12,304.2,220.65,345.98,2.0,,N/A,N/A,N/A,N/A,N/A,N/A,N/A,96.62,149.55,231.24,Short-to-Medium Term (2–8 weeks)
TERASOFT,STRONG SELL,-8,392.85,47.63,-1.05,396.44,401.42,392.85,336.99,420.78,2.0,Technology,4850853888,19.54133,19.84,0.1848,26.995,256.03 %,80.0 %,324.07,430.0,570.21,Short-to-Medium Term (2–8 weeks)
OMAXAUTO,SELL,-2,215.1,42.74,-2.7007,231.9,229.54,215.1,174.3,235.5,2.0,Consumer Cyclical,4381509632,10.783641,18.95,N/A,15.23,35.78 %,33.3 %,159.37,217.02,295.33,Exit / Avoid new positions
ZEELEARN,HOLD,-1,8.16,37.78,-0.1576,8.69,7.95,8.16,6.84,8.82,2.0,Consumer Defensive,2779161344,6.950819,1.22,0.17872,161.224,-5.01 %,33.3 %,6.07,8.05,10.67,Monitor weekly; re-evaluate on next earnings or macro event
GANDHITUBE,BUY,3,875.85,59.88,0.8706,865.02,860.92,875.85,920.61,853.47,2.0,Industrials,10612948992,15.531744,56.23,0.23506,0.032,-3.29 %,50.0 %,706.16,874.07,1081.4,Medium-to-Long Term (1–6 months)
SPECIALITY,HOLD,0,132.03,54.67,-0.0307,129.8,119.98,132.03,110.73,142.68,2.0,Consumer Cyclical,6454412800,29.603981,4.52,N/A,42.426,-16.94 %,0.0 %,103.7,129.2,160.88,Monitor weekly; re-evaluate on next earnings or macro event
FINKURVE,STRONG SELL,-6,61.52,20.63,-0.3759,64.61,64.87,61.52,51.8,66.38,2.0,Financial Services,8540374016,32.76344,1.86,0.09413,244.293,-24.85 %,0.0 %,40.66,55.28,75.1,Short-to-Medium Term (2–8 weeks)
SARVESHWAR,STRONG SELL,-5,3.38,21.95,-0.0147,3.57,3.67,3.38,3.02,3.56,2.0,Consumer Defensive,4125948672,11.551724,0.29,0.08135,52.774,-34.99 %,20.0 %,2.47,3.16,4.03,Short-to-Medium Term (2–8 weeks)
MAFATIND,SELL,-4,134.51,39.53,-0.5884,136.5,133.96,134.51,121.88,140.82,2.0,Unknown,9593302016,10.666934,N/A,N/A,N/A,N/A,N/A,108.99,131.64,158.93,Exit / Avoid new positions
CONSOFINVT,STRONG BUY,5,285.0,78.09,2.0796,260.55,241.96,285.0,330.21,262.39,2.0,Financial Services,9295123456,14.70793,19.55,0.04948,N/A,-3.92 %,40.0 %,236.15,289.85,355.6,Short-to-Medium Term (2–8 weeks)
KHAICHEM,STRONG SELL,-7,48.86,29.33,-0.1028,50.73,53.66,48.86,42.74,51.92,2.0,Basic Materials,4663240704,8.0,6.01,N/A,105.22,65.77 %,66.7 %,36.18,46.9,60.75,Short-to-Medium Term (2–8 weeks)
MAWANASUG,HOLD,1,109.44,47.49,-0.4045,110.18,106.37,109.44,96.69,115.81,2.0,Consumer Defensive,4230488832,11.408229,9.48,0.07297,80.14,5.44 %,40.0 %,89.6,108.47,131.26,Monitor weekly; re-evaluate on next earnings or macro event
ORICONENT,STRONG SELL,-8,54.35,43.1,-0.1394,56.32,58.24,54.35,46.88,58.09,2.0,Consumer Cyclical,8340276224,45.50862,1.16,0.015140001,0.273,60.94 %,50.0 %,45.13,54.87,66.69,Short-to-Medium Term (2–8 weeks)
ABSMARINE,SELL,-4,220.7,37.42,-0.5504,228.42,242.8,220.7,196.73,232.69,2.0,Unknown,8076950016,N/A,N/A,N/A,N/A,91.44 %,66.7 %,161.38,212.92,280.75,Exit / Avoid new positions
GINNIFILA,HOLD,-1,48.98,41.36,-0.7133,50.76,46.81,48.98,39.95,53.49,2.0,Consumer Cyclical,4018700800,9.815899,4.78,0.18837999,17.413,27.91 %,25.0 %,37.42,49.87,66.42,Monitor weekly; re-evaluate on next earnings or macro event
NIRLON,STRONG SELL,-5,620.05,50.0,-1.4457,623.68,619.15,620.05,572.38,643.88,2.0,Real Estate,55873183744,16.154247,38.38,0.8382,244.748,N/A,N/A,608.97,655.9,706.34,Short-to-Medium Term (2–8 weeks)
SURANASOL,HOLD,1,27.9,69.78,0.165,26.25,26.67,27.9,24.51,29.59,2.01,Technology,1320213120,670.75,0.04,N/A,N/A,-27.8 %,25.0 %,21.48,27.12,34.21,Monitor weekly; re-evaluate on next earnings or macro event
GOACARBON,STRONG SELL,-7,376.35,44.63,-1.425,385.13,392.29,376.35,322.74,403.16,2.0,Basic Materials,3407394304,N/A,-51.22,N/A,99.272,-19.66 %,25.0 %,290.73,358.85,442.71,Short-to-Medium Term (2–8 weeks)
BIL,HOLD,1,745.8,53.39,0.0154,742.11,732.89,745.8,640.53,798.43,2.0,Consumer Cyclical,10444698624,76.80966,10.14,0.02873,111.216,-9.79 %,50.0 %,605.44,761.04,956.15,Monitor weekly; re-evaluate on next earnings or macro event
HILINFRA,SELL,-3,46.37,53.71,0.1448,45.17,46.81,46.37,42.44,48.34,1.99,Industrials,3393820160,9.858333,4.8,0.18372,45.425,-6.25 %,0.0 %,33.39,40.82,49.9,Exit / Avoid new positions
RUCHIRA,STRONG SELL,-5,110.42,64.76,0.8649,106.16,111.47,110.42,100.97,115.14,2.0,Basic Materials,3280560640,7.432049,14.79,0.09184,37.048,-17.08 %,25.0 %,91.03,108.49,129.24,Short-to-Medium Term (2–8 weeks)
NILE,SELL,-4,1897.2,62.7,-2.9711,1823.79,1786.25,1897.2,1610.85,2040.38,2.0,,N/A,N/A,N/A,0.18988001,3.785,N/A,N/A,1607.93,1979.12,2434.88,Exit / Avoid new positions
GLOTTIS,SELL,-4,66.67,51.59,-0.1061,66.75,66.65,66.67,60.31,69.85,2.0,Industrials,6143875072,15.249999,4.36,0.19894,18.802,N/A,N/A,49.89,63.98,82.0,Exit / Avoid new positions
QMSMEDI,SELL,-2,112.13,65.35,-0.1722,107.17,98.53,112.13,93.74,121.32,2.0,Healthcare,2032124032,20.842592,5.4,0.10781,65.354,-4.63 %,28.6 %,85.57,110.91,143.67,Exit / Avoid new positions
SANGINITA,STRONG BUY,6,62.86,,0.5043,52.46,40.82,62.86,66.1,61.24,2.0,Basic Materials,1660548352,N/A,-3.74,-0.18882999,26.413,-7.81 %,0.0 %,52.68,67.48,86.41,Short-to-Medium Term (2–8 weeks)
AONESILVER,HOLD,-1,8.52,37.38,0.0448,8.47,9.18,8.52,8.13,8.71,2.05,Unknown,N/A,N/A,N/A,N/A,N/A,-11.1 %,0.0 %,6.12,7.82,10.0,Monitor weekly; re-evaluate on next earnings or macro event
GROWWNET,SELL,-2,9.84,47.59,-0.0494,9.81,9.35,9.84,8.37,10.57,2.01,Unknown,N/A,48.87414,N/A,N/A,N/A,-5.34 %,0.0 %,8.6,9.68,10.88,Exit / Avoid new positions
GNRL,STRONG SELL,-5,92.09,17.68,-1.2645,100.22,96.54,92.09,80.48,97.9,2.0,,N/A,N/A,N/A,0.05471,6.377,N/A,N/A,67.68,88.28,115.09,Short-to-Medium Term (2–8 weeks)
CCCL,STRONG SELL,-8,15.74,49.17,-0.1378,16.4,15.78,15.74,13.55,16.84,1.99,Industrials,7023058944,11.070423,1.42,0.26556998,0.108,-43.24 %,33.3 %,7.8,17.73,40.22,Short-to-Medium Term (2–8 weeks)
GROWWCAPM,STRONG SELL,-5,11.2,43.59,-0.0471,11.47,11.49,11.2,10.21,11.69,2.02,Unknown,N/A,43.769947,N/A,N/A,N/A,-4.63 %,33.3 %,9.92,11.43,13.18,Short-to-Medium Term (2–8 weeks)
LTGILTCASE,HOLD,-1,30.53,50.7,-0.0226,30.49,30.15,30.53,29.54,31.03,1.98,,N/A,N/A,N/A,N/A,N/A,-0.84 %,33.3 %,30.15,30.69,31.23,Monitor weekly; re-evaluate on next earnings or macro event
KOHINOOR,STRONG SELL,-7,23.21,31.08,-0.1291,24.14,24.73,23.21,20.78,24.43,1.99,Consumer Defensive,845601536,1.0487356,21.75,N/A,N/A,-25.06 %,0.0 %,17.64,22.19,27.9,Short-to-Medium Term (2–8 weeks)
PARASPETRO,BUY,2,2.18,65.31,0.0063,2.04,2.02,2.18,2.54,2.0,2.0,Consumer Cyclical,798788224,N/A,-0.01,-0.01754,N/A,-40.59 %,0.0 %,1.61,2.07,2.68,Medium-to-Long Term (1–6 months)
SWELECTES,STRONG SELL,-7,607.85,39.79,-2.6449,628.01,631.98,607.85,544.43,639.56,2.0,Technology,9351262208,16.55846,36.35,0.06288,83.572,20.4 %,33.3 %,439.75,577.94,759.08,Short-to-Medium Term (2–8 weeks)
SELECTIPO,SELL,-3,46.09,50.75,-0.1831,46.16,44.64,46.09,43.75,47.26,2.0,Unknown,N/A,40.764263,N/A,N/A,N/A,5.3 %,50.0 %,42.27,46.58,51.31,Exit / Avoid new positions
BASILIC,STRONG SELL,-6,191.85,16.58,-0.6212,200.21,207.78,191.85,178.92,198.31,2.0,Unknown,13191023616,N/A,N/A,N/A,N/A,-19.32 %,25.0 %,138.3,177.66,228.09,Short-to-Medium Term (2–8 weeks)
MBLINFRA,STRONG SELL,-6,24.45,31.18,-0.0771,25.77,26.3,24.45,20.49,26.43,2.0,Industrials,3758807808,N/A,-0.92,N/A,103.497,-41.98 %,20.0 %,17.13,22.87,30.5,Short-to-Medium Term (2–8 weeks)
APTECHT,STRONG SELL,-5,91.66,17.19,-0.6885,98.04,103.34,91.66,81.43,96.77,2.0,Consumer Defensive,5296237056,22.490147,4.06,0.094110005,5.06,-21.58 %,0.0 %,67.43,86.22,110.17,Short-to-Medium Term (2–8 weeks)
VINYAS,SELL,-3,1275.0,27.67,-17.187,1363.38,1306.34,1275.0,1114.92,1355.04,2.0,Unknown,14406366208,N/A,N/A,N/A,N/A,11.37 %,25.0 %,1010.04,1279.68,1620.46,Exit / Avoid new positions
LANDSMILL,SELL,-4,0.82,58.82,0.007,0.78,0.84,0.82,0.7,0.88,2.0,Industrials,1170876800,83.0,0.01,0.0053899996,0.444,53.49 %,66.7 %,0.62,0.81,1.06,Exit / Avoid new positions
TVTODAY,SELL,-4,117.6,31.3,-1.2202,122.93,116.38,117.6,104.43,124.18,2.0,Communication Services,6919769600,34.20944,3.39,0.022720002,1.647,-27.33 %,0.0 %,94.15,111.52,132.05,Exit / Avoid new positions
NIFTYBETA,SELL,-4,266.36,41.79,-0.4437,266.93,263.73,266.36,255.56,271.76,2.0,Unknown,N/A,N/A,N/A,N/A,N/A,-3.82 %,0.0 %,242.6,261.85,282.59,Exit / Avoid new positions
INDIQUBE,HOLD,0,177.51,56.01,0.6614,171.93,166.74,177.51,152.19,190.17,2.0,Real Estate,37633818624,N/A,-5.27,-0.41569,1011.578,-16.99 %,0.0 %,141.55,172.12,209.21,Monitor weekly; re-evaluate on next earnings or macro event
MUKKA,STRONG SELL,-7,22.62,41.51,-0.0926,23.34,23.26,22.62,19.41,24.23,1.99,Consumer Defensive,6872999936,13.166666,1.74,0.115880005,147.376,-23.43 %,0.0 %,17.73,21.41,25.85,Short-to-Medium Term (2–8 weeks)
MANORG,STRONG SELL,-5,526.25,48.22,-2.8822,540.71,535.12,526.25,447.53,565.61,2.0,Basic Materials,4732281344,18.648329,29.63,N/A,112.728,-10.37 %,33.3 %,407.3,528.73,685.96,Short-to-Medium Term (2–8 weeks)
SHERA,STRONG BUY,6,172.0,68.06,1.7763,162.22,162.41,172.0,195.67,160.16,2.0,Unknown,4395872256,N/A,N/A,N/A,N/A,-11.75 %,20.0 %,133.12,169.7,216.21,Short-to-Medium Term (2–8 weeks)
HIGREEN,SELL,-4,137.0,43.38,-0.7189,139.91,136.49,137.0,118.94,146.03,2.0,Unknown,4182076672,N/A,N/A,N/A,N/A,-43.3 %,14.3 %,99.92,133.38,177.94,Exit / Avoid new positions
CHEVIOT,HOLD,1,1161.1,61.32,3.2909,1129.46,1120.76,1161.1,1083.73,1199.78,2.0,Consumer Cyclical,6758465536,13.122731,88.16,0.0762,1.216,-16.77 %,25.0 %,992.3,1143.6,1317.55,Monitor weekly; re-evaluate on next earnings or macro event
NAHARSPING,STRONG BUY,6,279.65,65.72,0.4141,270.92,265.79,279.65,306.65,266.15,2.0,Consumer Cyclical,10101892096,40.535458,6.91,0.01454,65.006,15.12 %,66.7 %,218.59,274.0,343.29,Short-to-Medium Term (2–8 weeks)
PCCL,BUY,4,269.0,78.6,2.8944,251.72,262.81,269.0,287.96,259.52,2.0,Unknown,7700225024,N/A,N/A,N/A,N/A,9.68 %,50.0 %,206.94,264.58,338.07,Medium-to-Long Term (1–6 months)
TARACHAND,STRONG SELL,-7,54.6,35.7,-0.0957,55.89,56.48,54.6,49.41,57.2,2.0,Industrials,4271521024,15.307909,3.54,0.206,92.783,-35.02 %,16.7 %,40.34,52.49,68.25,Short-to-Medium Term (2–8 weeks)
EXXARO,SELL,-3,6.58,48.62,0.0086,6.51,6.62,6.58,5.74,7.0,2.0,Industrials,2845532160,70.666664,0.09,N/A,33.349,-40.16 %,12.5 %,4.88,6.4,8.39,Exit / Avoid new positions
MADHUSUDAN,BUY,2,237.65,36.71,-3.9324,238.99,194.84,237.65,273.32,219.81,2.0,Unknown,2090445056,N/A,N/A,N/A,N/A,-22.86 %,16.7 %,180.67,238.0,313.34,Medium-to-Long Term (1–6 months)
TECHLABS,STRONG SELL,-5,128.0,51.18,0.462,132.24,149.75,128.0,102.32,140.84,2.0,Unknown,12252274688,N/A,N/A,N/A,N/A,-54.33 %,20.0 %,84.06,113.71,153.73,Short-to-Medium Term (2–8 weeks)
VALUEAXIS,HOLD,-1,32.77,46.52,0.0189,32.8,33.31,32.77,30.97,33.67,2.0,,N/A,N/A,N/A,N/A,N/A,-4.3 %,25.0 %,30.54,33.39,36.51,Monitor weekly; re-evaluate on next earnings or macro event
PRITIKA,STRONG SELL,-5,57.8,7.61,-0.3622,61.09,63.68,57.8,53.75,59.82,2.0,Unknown,2085473792,N/A,N/A,N/A,N/A,-21.03 %,20.0 %,33.14,55.24,91.97,Short-to-Medium Term (2–8 weeks)
AUTOIND,BUY,3,89.63,52.64,-1.067,89.39,84.21,89.63,105.2,81.84,2.0,Consumer Cyclical,3948567040,10.1303835,8.59,0.21987,164.641,-25.47 %,20.0 %,67.06,87.22,113.37,Medium-to-Long Term (1–6 months)
ROSSELLIND,HOLD,0,58.89,55.48,-0.0089,58.41,56.78,58.89,49.02,63.83,2.0,Industrials,2231254272,14.059382,4.21,0.08141,N/A,-14.33 %,0.0 %,29.45,50.31,85.85,Monitor weekly; re-evaluate on next earnings or macro event
PRAMARA,SELL,-3,128.7,39.96,1.5723,133.37,143.66,128.7,113.73,136.19,2.0,Unknown,1695045504,N/A,N/A,N/A,N/A,29.54 %,25.0 %,97.97,126.47,163.16,Exit / Avoid new positions
STARTECK,STRONG SELL,-6,268.7,29.71,-1.5635,275.15,270.46,268.7,234.23,285.94,2.0,Financial Services,2655473152,11.24423,23.83,0.094960004,133.476,-11.18 %,40.0 %,222.75,266.95,319.78,Short-to-Medium Term (2–8 weeks)
SAURASHCEM,SELL,-3,57.93,52.48,0.0993,57.06,58.37,57.93,47.64,63.08,2.0,Basic Materials,6354205184,43.915386,1.3,0.01511,11.119,-22.81 %,25.0 %,42.76,54.55,69.55,Exit / Avoid new positions
ONELIFECAP,BUY,3,37.89,53.04,-0.4516,37.29,31.71,37.89,43.92,34.88,2.0,Financial Services,1414449664,25.755102,1.47,0.10067,42.418,-32.35 %,16.7 %,29.54,39.39,52.49,Medium-to-Long Term (1–6 months)
CORALFINAC,SELL,-2,33.65,40.41,-0.0241,32.82,32.34,33.65,26.69,37.13,2.0,Real Estate,1356975872,9.174386,3.67,0.0691,N/A,-32.19 %,33.3 %,25.72,32.43,40.86,Exit / Avoid new positions
DVL,HOLD,0,241.21,57.24,0.4133,239.91,240.34,241.21,218.05,252.79,2.0,Financial Services,8342195200,9.466614,25.16,0.027190002,28.952,-20.37 %,20.0 %,184.19,231.83,291.65,Monitor weekly; re-evaluate on next earnings or macro event
NIF100IETF,SELL,-4,27.95,41.7,-0.0487,28.02,27.74,27.95,25.88,28.98,2.01,Unknown,N/A,20.971842,N/A,N/A,N/A,-12.55 %,33.3 %,25.39,28.14,31.19,Exit / Avoid new positions
KAVDEFENCE,STRONG SELL,-6,57.37,21.27,-0.4283,60.75,62.18,57.37,50.14,60.98,2.0,Technology,3391609600,268.61905,0.21,0.012510001,3.943,-25.91 %,14.3 %,44.89,58.98,77.45,Short-to-Medium Term (2–8 weeks)
BAJAJINDEF,STRONG SELL,-7,230.85,31.2,-0.8951,242.23,248.88,230.85,203.94,244.31,2.0,Industrials,7334400000,31.014885,7.39,0.08966,1.818,-33.38 %,25.0 %,168.25,226.09,303.63,Short-to-Medium Term (2–8 weeks)
SURAKSHA,STRONG SELL,-6,249.6,19.09,-0.6268,262.79,273.94,249.6,221.97,263.42,2.0,Healthcare,12960296960,40.20194,6.19,0.13843,53.533,-29.09 %,20.0 %,200.47,239.1,285.06,Short-to-Medium Term (2–8 weeks)
ANUHPHR,BUY,3,80.68,57.2,0.0018,79.79,78.47,80.68,87.85,77.1,2.0,Healthcare,7999879680,19.468292,4.1,0.12104,0.017,-4.98 %,25.0 %,64.23,78.29,95.38,Medium-to-Long Term (1–6 months)
JETFREIGHT,STRONG BUY,6,23.44,63.75,0.0268,22.61,22.06,23.44,27.55,21.39,2.0,Industrials,1108122368,15.919999,1.5,0.100710005,104.6,-3.19 %,40.0 %,18.19,24.05,31.79,Short-to-Medium Term (2–8 weeks)
RPPL,SELL,-2,21.69,49.77,-0.2225,22.07,19.83,21.69,18.15,23.46,2.0,Consumer Cyclical,1494750720,8.784483,2.32,0.10090999,68.378,-5.52 %,33.3 %,16.03,20.87,27.16,Exit / Avoid new positions
SJLOGISTIC,STRONG SELL,-6,307.35,33.61,-2.9999,329.81,334.65,307.35,269.13,326.46,2.0,Unknown,6966110208,N/A,N/A,N/A,N/A,-42.37 %,14.3 %,223.39,294.21,387.24,Short-to-Medium Term (2–8 weeks)
KAMATHOTEL,STRONG SELL,-6,169.83,23.63,-1.9887,179.57,175.39,169.83,152.16,178.67,2.0,Consumer Cyclical,4929657856,13.166929,12.7,0.12618,70.111,24.22 %,66.7 %,127.53,165.57,214.84,Short-to-Medium Term (2–8 weeks)
SILKFLEX,SELL,-3,197.9,38.65,-2.2824,206.03,202.21,197.9,169.97,211.87,2.0,Unknown,853694912,N/A,N/A,N/A,N/A,-17.88 %,25.0 %,155.64,205.52,271.21,Exit / Avoid new positions
GROWWMETAL,SELL,-3,11.86,41.05,0.004,11.94,12.25,11.86,10.57,12.5,2.02,Unknown,N/A,18.384645,N/A,N/A,N/A,-13.29 %,0.0 %,10.7,12.2,13.91,Exit / Avoid new positions
MENNPIS,SELL,-3,73.87,47.76,-0.245,72.24,63.94,73.87,60.31,80.65,2.0,,N/A,N/A,N/A,0.15274,5.402,N/A,N/A,59.35,82.2,113.76,Exit / Avoid new positions
NCLIND,STRONG SELL,-5,185.59,55.86,-0.3648,186.4,184.45,185.59,170.89,192.94,2.0,Basic Materials,8378017792,6.6410904,27.89,0.13762,31.936,-19.99 %,40.0 %,154.62,182.01,214.17,Short-to-Medium Term (2–8 weeks)
TRACXN,SELL,-3,30.08,48.93,0.0626,30.05,30.9,30.08,27.5,31.37,2.0,Technology,3164790272,N/A,-0.73,-0.13334,N/A,-23.52 %,0.0 %,22.62,27.92,34.46,Exit / Avoid new positions
KAMAHOLD,STRONG SELL,-8,2543.5,45.67,-5.1649,2583.22,2597.4,2543.5,2317.93,2656.28,2.0,,N/A,N/A,N/A,0.12927,33.849,0.01 %,100.0 %,2225.17,2550.51,2922.53,Short-to-Medium Term (2–8 weeks)
PHANTOMFX,SELL,-4,187.25,48.11,-0.5276,181.14,179.86,187.25,161.6,200.07,2.0,Unknown,5570866688,N/A,N/A,N/A,N/A,-9.96 %,50.0 %,132.77,177.13,236.15,Exit / Avoid new positions
RUBYMILLS,STRONG BUY,6,397.55,69.47,0.1934,375.18,330.84,397.55,465.77,363.44,2.0,Consumer Cyclical,13044943872,29.915646,13.04,0.06645,55.74,-21.79 %,25.0 %,309.64,406.84,534.22,Short-to-Medium Term (2–8 weeks)
ARIHANTSUP,SELL,-4,260.65,40.42,-0.3484,261.62,258.95,260.65,232.45,274.75,2.0,Real Estate,11288248320,24.484053,10.66,0.111269996,194.333,-23.54 %,20.0 %,203.78,254.86,318.59,Exit / Avoid new positions
MAHESHWARI,BUY,3,73.5,53.89,-0.4196,73.12,68.34,73.5,79.59,70.45,2.0,Industrials,2160891648,12.831284,5.69,0.08154,126.348,-7.04 %,50.0 %,60.51,73.58,89.44,Medium-to-Long Term (1–6 months)
MAKEINDIA,HOLD,0,163.08,51.75,-0.0193,162.08,161.1,163.08,156.12,166.56,2.0,,N/A,N/A,N/A,N/A,N/A,-9.67 %,40.0 %,149.69,163.35,178.22,Monitor weekly; re-evaluate on next earnings or macro event
SYSTANGO,STRONG SELL,-7,214.9,39.01,-0.2685,219.88,224.44,214.9,193.66,225.52,2.0,Unknown,3717073920,N/A,N/A,N/A,N/A,18.72 %,66.7 %,163.42,211.08,272.49,Short-to-Medium Term (2–8 weeks)
SPCENET,STRONG SELL,-7,3.44,35.38,-0.0349,3.68,3.64,3.44,2.81,3.75,2.03,Financial Services,1890560896,11.4827585,0.29,0.09779,13.671,-17.97 %,33.3 %,2.18,3.0,4.13,Short-to-Medium Term (2–8 weeks)
MOGOLD,HOLD,-1,141.85,49.17,0.5462,140.77,146.12,141.85,136.75,144.4,2.0,,N/A,N/A,N/A,N/A,N/A,8.23 %,50.0 %,124.28,147.72,175.52,Monitor weekly; re-evaluate on next earnings or macro event
INDOAMIN,HOLD,1,128.11,51.33,0.37,127.73,131.0,128.11,113.92,135.21,2.0,Basic Materials,9270883328,11.836886,10.79,0.22301,78.948,-34.53 %,40.0 %,97.6,125.94,162.44,Monitor weekly; re-evaluate on next earnings or macro event
REMUS,STRONG SELL,-5,721.0,29.46,-3.1493,743.4,749.67,721.0,661.57,750.72,2.0,Unknown,22522759168,N/A,N/A,N/A,N/A,-27.28 %,25.0 %,458.88,671.95,983.12,Short-to-Medium Term (2–8 weeks)
VASCONEQ,STRONG SELL,-9,32.53,50.93,-0.015,32.98,33.69,32.53,29.14,34.23,1.99,Industrials,7414471680,15.127963,2.11,0.04362,26.086,-23.36 %,33.3 %,23.49,30.61,39.87,Short-to-Medium Term (2–8 weeks)
VAL30IETF,SELL,-2,15.35,47.76,0.0143,15.35,15.55,15.35,14.69,15.68,2.0,Unknown,N/A,8.763042,N/A,N/A,N/A,8.58 %,66.7 %,13.99,15.44,17.02,Exit / Avoid new positions
DIGIKORE,STRONG SELL,-8,48.4,45.02,-0.0526,51.39,53.38,48.4,36.1,54.55,2.0,Unknown,6324567552,N/A,N/A,N/A,N/A,-49.02 %,0.0 %,28.01,41.59,61.71,Short-to-Medium Term (2–8 weeks)
NDL,SELL,-3,2.32,40.62,0.0005,2.37,2.49,2.32,2.14,2.41,2.0,Consumer Cyclical,3272140800,10.318182,0.22,0.05217,18.05,-35.91 %,0.0 %,1.72,2.2,2.81,Exit / Avoid new positions
ORIENTLTD,HOLD,1,98.44,86.51,2.239,72.76,67.34,98.44,83.77,105.77,2.0,Consumer Cyclical,898499968,N/A,-1.17,-0.01805,90.363,-28.28 %,14.3 %,76.09,97.71,125.39,Monitor weekly; re-evaluate on next earnings or macro event
ATL,SELL,-2,23.68,49.47,0.0197,23.48,24.09,23.68,20.92,25.06,2.0,Industrials,6779892224,14.891026,1.56,0.14028,218.109,-18.37 %,25.0 %,17.91,22.45,28.13,Exit / Avoid new positions
BIGBLOC,STRONG SELL,-5,46.98,45.37,0.0803,47.71,49.73,46.98,42.54,49.2,2.0,Industrials,6508237312,N/A,-0.12,-0.05742,137.729,-40.75 %,0.0 %,33.35,43.77,57.42,Short-to-Medium Term (2–8 weeks)
INNOVISION,STRONG SELL,-7,283.55,40.35,-0.0002,287.58,292.98,283.55,258.17,296.24,2.0,Industrials,6745115648,16.87016,16.79,0.19331,42.508,N/A,N/A,211.17,255.99,310.2,Short-to-Medium Term (2–8 weeks)
KMSUGAR,BUY,3,28.33,53.15,0.0254,27.69,27.25,28.33,31.99,26.5,2.0,Consumer Defensive,2599004672,4.8623066,5.81,0.14626999,63.729,-18.1 %,20.0 %,23.15,27.53,32.73,Medium-to-Long Term (1–6 months)
BLIL,SELL,-4,69.97,45.3,0.031,70.34,71.4,69.97,67.06,71.42,2.01,,N/A,N/A,N/A,N/A,9.788,N/A,N/A,62.59,68.42,74.77,Exit / Avoid new positions
NIBL,BUY,4,36.91,78.82,0.4682,32.79,31.41,36.91,42.94,33.89,2.0,Industrials,896534080,N/A,-12.16,N/A,N/A,-16.39 %,33.3 %,26.58,36.26,49.43,Medium-to-Long Term (1–6 months)
NINSYS,BUY,3,845.2,30.37,-11.7243,877.02,774.63,845.2,966.73,784.44,2.0,Technology,15728299008,49.11253,17.24,0.41852,2.061,-32.11 %,0.0 %,689.57,869.04,1094.65,Medium-to-Long Term (1–6 months)
PODDARMENT,BUY,3,252.74,56.06,2.7134,245.4,249.45,252.74,296.18,231.02,2.0,Basic Materials,2648786432,17.960432,13.9,0.041339997,1.743,-5.7 %,28.6 %,201.36,243.11,293.39,Medium-to-Long Term (1–6 months)
APS,STRONG SELL,-6,275.35,29.32,-1.0405,291.42,307.8,275.35,246.19,289.93,2.0,Unknown,10267761664,N/A,N/A,N/A,N/A,-11.02 %,20.0 %,203.07,263.88,342.69,Short-to-Medium Term (2–8 weeks)
HALDYNGL,SELL,-3,120.45,45.63,-0.3644,119.9,117.48,120.45,104.73,128.31,2.0,,N/A,N/A,N/A,0.1102,49.44,N/A,N/A,104.96,136.86,178.34,Exit / Avoid new positions
OILCOUNTUB,SELL,-2,56.65,45.85,0.3215,56.44,56.72,56.65,47.74,61.1,2.0,Energy,3164312576,N/A,-12.01,-0.28674,12.601,9.81 %,40.0 %,43.36,57.2,75.41,Exit / Avoid new positions
KOTIC,STRONG SELL,-7,164.82,37.26,-1.1481,168.28,165.22,164.82,131.82,181.32,2.0,,N/A,N/A,N/A,-0.39696997,20.805,N/A,N/A,121.08,159.29,209.44,Short-to-Medium Term (2–8 weeks)
SUPREMEINF,HOLD,-1,80.29,49.14,0.1562,81.94,79.99,80.29,64.72,88.08,2.0,Industrials,7673466880,0.11005915,715.07,N/A,632.067,-14.68 %,25.0 %,62.55,79.68,101.46,Monitor weekly; re-evaluate on next earnings or macro event
LANCORHOL,SELL,-3,25.3,50.88,-0.1293,25.44,24.95,25.3,20.38,27.76,2.0,Real Estate,1804930816,4.4456525,5.52,0.18597001,44.543,-48.88 %,14.3 %,17.87,24.31,33.05,Exit / Avoid new positions
DRAGARWQ,HOLD,1,5041.5,53.01,4.4824,5012.79,5029.08,5041.5,4645.5,5239.5,2.0,,N/A,N/A,N/A,0.2522,94.176,N/A,N/A,4529.14,5140.83,5833.49,Monitor weekly; re-evaluate on next earnings or macro event
ARIES,SELL,-4,343.95,56.06,-0.0358,342.15,340.53,343.95,313.83,359.01,2.0,Basic Materials,4422775808,10.321699,32.95,0.13418001,16.482,14.88 %,33.3 %,271.68,346.11,440.7,Exit / Avoid new positions
EFFWA,BUY,2,379.9,63.93,-2.0201,373.95,336.66,379.9,429.52,355.09,2.0,Unknown,5069229568,N/A,N/A,N/A,N/A,-21.16 %,0.0 %,294.41,384.18,501.02,Medium-to-Long Term (1–6 months)
ASHIMASYN,HOLD,1,18.05,64.89,0.3416,15.63,15.89,18.05,14.36,19.89,2.01,Real Estate,3357884672,N/A,-0.07,N/A,59.301,-32.29 %,0.0 %,12.53,16.94,22.88,Monitor weekly; re-evaluate on next earnings or macro event
CGRAPHICS,STRONG SELL,-6,125.45,21.99,-0.673,136.3,141.93,125.45,110.3,133.03,2.0,Unknown,4330193920,N/A,N/A,N/A,N/A,22.54 %,66.7 %,93.5,122.05,159.24,Short-to-Medium Term (2–8 weeks)
LYKALABS,STRONG SELL,-6,64.41,31.77,-1.0335,69.08,66.57,64.41,54.48,69.38,2.0,Healthcare,2230983936,N/A,-2.81,N/A,N/A,-6.83 %,50.0 %,48.3,61.52,78.32,Short-to-Medium Term (2–8 weeks)
INTERNET,SELL,-2,13.26,49.21,-0.0708,13.25,12.62,13.26,12.51,13.63,2.03,Unknown,N/A,48.472904,N/A,N/A,N/A,-3.03 %,0.0 %,11.63,13.04,14.62,Exit / Avoid new positions
BSE500IETF,SELL,-3,39.1,45.77,-0.0731,39.17,38.65,39.1,37.03,40.13,2.01,Unknown,N/A,N/A,N/A,N/A,N/A,4.78 %,50.0 %,36.18,39.0,42.03,Exit / Avoid new positions
TGBHOTELS,HOLD,-1,9.04,52.99,0.0252,8.82,8.98,9.04,7.54,9.79,2.0,Consumer Cyclical,283785216,17.944443,0.54,N/A,16.052,-12.67 %,25.0 %,6.92,8.65,10.8,Monitor weekly; re-evaluate on next earnings or macro event
FCSSOFT,SELL,-4,1.52,53.12,0.0012,1.54,1.58,1.52,1.31,1.62,2.1,Technology,2564329728,75.0,0.02,N/A,N/A,-24.85 %,0.0 %,1.13,1.43,1.8,Exit / Avoid new positions
FOCUS,STRONG SELL,-6,71.66,10.87,-0.8852,79.62,85.0,71.66,60.05,77.47,2.0,Consumer Cyclical,4741029376,31.482141,2.24,0.03539,14.285,-19.95 %,0.0 %,52.8,68.57,88.98,Short-to-Medium Term (2–8 weeks)
PASHUPATI,SELL,-3,86.8,43.7,0.0519,87.46,89.37,86.8,78.4,91.0,2.0,Consumer Cyclical,13650003968,1235.4286,0.07,0.06525,60.103,34.11 %,66.7 %,76.93,90.21,105.75,Exit / Avoid new positions
KRYSTAL,HOLD,0,600.3,24.07,-0.6291,601.05,592.57,600.3,586.71,607.09,2.0,Industrials,8385267200,13.069469,45.92,0.13745,23.988,-24.52 %,33.3 %,468.44,587.66,736.85,Monitor weekly; re-evaluate on next earnings or macro event
VIKASLIFE,STRONG SELL,-6,1.27,16.67,-0.0095,1.38,1.44,1.27,1.12,1.34,2.14,Consumer Defensive,2377815808,12.799999,0.1,0.03387,19.138,-6.19 %,50.0 %,0.94,1.16,1.43,Short-to-Medium Term (2–8 weeks)
BANKBETA,SELL,-3,59.13,41.23,-0.2176,59.66,58.23,59.13,55.17,61.11,2.0,Unknown,N/A,N/A,N/A,N/A,N/A,-10.1 %,0.0 %,52.05,58.49,65.7,Exit / Avoid new positions
MSCIINDIA,SELL,-4,29.73,43.14,-0.0484,29.75,29.46,29.73,28.71,30.24,2.0,Unknown,N/A,22.400515,N/A,N/A,N/A,-3.36 %,33.3 %,27.25,29.91,32.83,Exit / Avoid new positions
INDPRUD,HOLD,1,6552.0,52.22,5.1485,6513.8,6503.4,6552.0,6070.92,6792.54,2.0,,N/A,N/A,N/A,0.07705,N/A,N/A,N/A,5500.34,6510.72,7703.83,Monitor weekly; re-evaluate on next earnings or macro event
SCML,SELL,-3,78.85,48.72,0.5224,78.67,81.18,78.85,71.11,82.72,2.0,Unknown,1488871936,N/A,N/A,N/A,N/A,-10.95 %,25.0 %,54.85,75.91,104.96,Exit / Avoid new positions
MEGATHERM,STRONG SELL,-9,214.3,46.65,-0.7854,219.58,218.06,214.3,186.52,228.19,2.0,Unknown,6956939776,N/A,N/A,N/A,N/A,-26.45 %,16.7 %,159.68,205.77,265.01,Short-to-Medium Term (2–8 weeks)
GICL,SELL,-4,16.23,41.18,0.4503,17.37,24.49,16.23,13.17,17.76,2.0,Industrials,1820381696,54.199997,0.3,0.124139994,46.429,-80.0 %,28.6 %,8.07,14.7,26.75,Exit / Avoid new positions
VALIANTORG,STRONG SELL,-5,262.4,21.71,-1.0616,272.43,282.1,262.4,238.76,274.22,2.0,Basic Materials,7332451840,22.05312,11.86,0.04476,33.698,3.59 %,50.0 %,195.35,254.17,330.52,Short-to-Medium Term (2–8 weeks)
ONDOOR,STRONG BUY,5,253.6,70.87,3.9467,212.09,193.17,253.6,305.14,227.83,2.0,Unknown,2707944448,N/A,N/A,N/A,N/A,-36.15 %,0.0 %,181.75,240.86,319.01,Short-to-Medium Term (2–8 weeks)
SRHHYPOLTD,STRONG SELL,-8,487.1,31.28,-0.6239,490.49,500.78,487.1,452.33,504.49,2.0,Basic Materials,8290608128,9.063614,53.29,0.09409001,1.18,-13.24 %,25.0 %,375.42,475.77,602.63,Short-to-Medium Term (2–8 weeks)
INTLCONV,STRONG SELL,-7,74.93,33.38,-0.5155,78.34,79.6,74.93,66.44,79.18,2.0,Industrials,4769543168,6.962756,10.74,0.17397,17.291,-7.64 %,33.3 %,60.14,73.88,90.72,Short-to-Medium Term (2–8 weeks)
DENTALKART,HOLD,-1,431.6,72.05,5.268,396.57,399.46,431.6,374.45,460.18,2.0,Unknown,9018726400,N/A,N/A,N/A,N/A,-47.25 %,0.0 %,331.07,420.75,534.44,Monitor weekly; re-evaluate on next earnings or macro event
SBIBPB,STRONG SELL,-8,48.26,51.45,-0.0381,48.57,48.47,48.26,44.27,50.25,2.01,,N/A,N/A,N/A,N/A,N/A,5.03 %,33.3 %,43.53,49.39,56.03,Short-to-Medium Term (2–8 weeks)
DEVX,SELL,-4,34.16,33.33,0.0405,34.68,36.21,34.16,30.41,36.03,2.01,Real Estate,3260070912,30.758928,1.12,0.07354,199.506,-27.3 %,0.0 %,24.52,31.04,39.28,Exit / Avoid new positions
MHLXMIRU,SELL,-2,140.65,50.8,1.7472,137.33,155.48,140.65,128.08,146.94,2.0,Consumer Cyclical,1476430720,6.778157,20.51,0.2733,12.845,-35.42 %,14.3 %,104.13,136.42,178.62,Exit / Avoid new positions
SURAJEST,STRONG SELL,-8,195.57,36.28,-0.5985,200.29,200.77,195.57,180.84,202.94,2.0,Real Estate,9290959872,9.927254,19.52,0.09527001,64.98,-18.12 %,25.0 %,141.23,179.93,229.13,Short-to-Medium Term (2–8 weeks)
FAZE3Q,SELL,-4,552.9,29.02,-6.3885,579.2,560.33,552.9,483.21,587.75,2.0,Consumer Cyclical,13069891584,38.965267,13.82,0.07697,60.909,-33.99 %,40.0 %,406.25,550.4,745.2,Exit / Avoid new positions
BASML,HOLD,0,26.99,59.49,-0.0291,26.65,25.86,26.99,23.3,28.83,2.01,Consumer Cyclical,2149884928,14.010417,1.92,0.03375,83.809,-14.43 %,40.0 %,19.94,25.62,32.91,Monitor weekly; re-evaluate on next earnings or macro event
CPEDU,SELL,-3,197.32,44.19,-0.6399,194.71,190.79,197.32,173.11,209.42,2.0,Consumer Defensive,3533068800,15.376088,12.63,N/A,N/A,-19.77 %,0.0 %,145.28,191.13,251.29,Exit / Avoid new positions
ABCOTS,STRONG SELL,-7,201.58,27.55,-0.2306,209.25,215.59,201.58,178.96,212.89,2.0,Consumer Cyclical,4397775360,33.539364,5.97,0.09871,95.828,-42.48 %,16.7 %,157.34,199.34,252.42,Short-to-Medium Term (2–8 weeks)
MOMIDMTM,STRONG SELL,-6,63.14,53.81,-0.0659,63.3,63.75,63.14,59.51,64.95,2.01,Unknown,N/A,26.836723,N/A,N/A,N/A,-4.38 %,66.7 %,56.76,62.77,69.41,Short-to-Medium Term (2–8 weeks)
SSFL,BUY,3,260.0,38.64,-6.2103,273.1,221.75,260.0,310.94,234.53,2.0,Unknown,2386427904,N/A,N/A,N/A,N/A,-63.12 %,0.0 %,184.01,256.03,355.98,Medium-to-Long Term (1–6 months)
VIKASECO,STRONG SELL,-7,1.12,26.32,-0.0052,1.18,1.24,1.12,1.0,1.18,2.0,Basic Materials,1527191552,55.000004,0.02,0.00775,7.133,-17.21 %,0.0 %,0.84,1.04,1.27,Short-to-Medium Term (2–8 weeks)
HINDCOMPOS,SELL,-3,423.95,42.88,-2.3878,440.98,423.46,423.95,365.87,452.99,2.0,Consumer Cyclical,6301193728,20.011726,21.32,N/A,0.147,-32.96 %,25.0 %,332.14,413.27,513.97,Exit / Avoid new positions
DREAMFOLKS,SELL,-4,67.54,41.96,0.0273,68.59,71.1,67.54,61.0,70.81,2.0,Industrials,3566417152,30.995367,2.16,0.03748,3.865,-22.39 %,25.0 %,46.68,59.63,76.13,Exit / Avoid new positions
PASUPTAC,SELL,-3,57.22,32.03,-0.2975,60.27,62.97,57.22,49.0,61.33,2.0,Consumer Cyclical,5169720832,7.397959,7.84,0.1749,24.599,-29.02 %,25.0 %,43.65,57.99,76.99,Exit / Avoid new positions
MALLCOM,STRONG SELL,-9,999.4,47.96,-5.2223,1033.67,1023.93,999.4,852.28,1072.96,2.0,Industrials,6393503744,21.2705,48.17,0.09738,37.784,-46.86 %,12.5 %,779.14,973.17,1214.93,Short-to-Medium Term (2–8 weeks)
VRAJ,BUY,2,128.5,64.26,0.2837,124.83,123.08,128.5,149.92,117.79,2.0,Basic Materials,4155150592,12.98763,9.7,0.07743,9.921,-32.78 %,16.7 %,99.29,123.2,152.78,Medium-to-Long Term (1–6 months)
DIVOPPBEES,HOLD,0,77.48,55.35,0.1432,76.54,76.97,77.48,72.32,80.06,2.0,,N/A,N/A,N/A,N/A,N/A,-7.91 %,40.0 %,71.39,76.79,82.58,Monitor weekly; re-evaluate on next earnings or macro event
GAUDIUMIVF,HOLD,0,148.87,72.59,1.9393,132.71,118.98,148.87,124.51,161.05,2.0,Healthcare,10619604992,37.219387,3.92,0.24660999,16.133,-4.58 %,0.0 %,122.19,176.98,256.13,Monitor weekly; re-evaluate on next earnings or macro event
NILASPACES,STRONG SELL,-8,12.12,34.97,-0.0422,12.41,12.58,12.12,10.95,12.7,2.02,Real Estate,4632137216,16.109589,0.73,0.18365999,46.031,43.81 %,60.0 %,9.63,12.27,15.64,Short-to-Medium Term (2–8 weeks)
RADIANTCMS,STRONG SELL,-6,36.64,23.32,-0.1012,38.06,39.1,36.64,32.74,38.59,2.0,Industrials,3911911680,12.139072,3.02,0.10189,70.51,-17.54 %,0.0 %,28.26,34.59,42.31,Short-to-Medium Term (2–8 weeks)
FILATFASH,STRONG SELL,-5,0.18,50.0,0.0003,0.19,0.2,0.18,0.15,0.2,1.5,Consumer Cyclical,1500133120,Infinity,0.0,0.00122,2.546,-33.52 %,33.3 %,0.12,0.16,0.21,Short-to-Medium Term (2–8 weeks)
PRIMO,STRONG SELL,-5,22.49,20.29,-0.1863,23.62,23.54,22.49,20.06,23.7,2.01,Basic Materials,5409100288,35.42857,0.63,0.03858,32.291,0.02 %,50.0 %,17.48,21.89,27.39,Short-to-Medium Term (2–8 weeks)
MATRIMONY,SELL,-3,429.3,43.82,-1.0888,428.76,415.07,429.3,367.44,460.23,2.0,Communication Services,8970184704,27.237915,15.93,0.15252,23.902,-25.78 %,0.0 %,347.73,417.37,500.77,Exit / Avoid new positions
MONQ50,SELL,-3,142.17,40.81,-0.5135,143.91,142.29,142.17,138.48,144.01,2.01,Unknown,N/A,24.553558,N/A,N/A,N/A,64.07 %,75.0 %,129.92,148.76,170.28,Exit / Avoid new positions
MALUPAPER,BUY,2,35.2,67.66,0.6268,31.63,31.87,35.2,42.1,31.75,2.0,Basic Materials,567921408,N/A,-6.53,N/A,N/A,-26.93 %,0.0 %,26.25,34.62,45.63,Medium-to-Long Term (1–6 months)
ELDEHSG,STRONG SELL,-7,774.1,30.29,-2.1795,795.9,798.55,774.1,668.8,826.75,2.0,Real Estate,7651057152,31.514782,24.69,0.06196,38.581,-24.96 %,33.3 %,606.6,760.44,952.83,Short-to-Medium Term (2–8 weeks)
IMPAL,HOLD,0,1132.4,40.97,-5.8848,1122.33,1097.52,1132.4,1018.91,1189.14,2.0,Consumer Cyclical,13910207488,14.411689,77.34,N/A,N/A,-5.83 %,40.0 %,959.58,1115.27,1295.79,Monitor weekly; re-evaluate on next earnings or macro event
BPL,STRONG SELL,-6,52.73,40.89,-0.5224,55.94,54.96,52.73,44.57,56.81,2.0,Technology,2582981120,N/A,-1.73,-0.02252,82.571,-38.0 %,0.0 %,38.21,49.56,64.23,Short-to-Medium Term (2–8 weeks)
HTMEDIA,HOLD,-1,24.56,43.38,-0.2609,25.05,23.4,24.56,20.24,26.72,2.0,Communication Services,5755242496,52.93617,0.47,0.01903,38.15,13.43 %,40.0 %,19.42,24.28,30.35,Monitor weekly; re-evaluate on next earnings or macro event
ARIHANT,SELL,-2,1081.4,86.53,28.3022,848.82,852.75,1081.4,891.38,1176.41,2.0,Real Estate,11822741504,18.400677,59.15,0.17285,129.752,-3.21 %,0.0 %,177.91,3855.02,82965.38,Exit / Avoid new positions
LOKESHMACH,BUY,3,335.0,48.41,-0.8364,325.02,287.8,335.0,353.27,325.87,2.0,Industrials,7334612992,357.97873,0.94,0.01751,74.215,-3.81 %,66.7 %,245.44,327.49,436.69,Medium-to-Long Term (1–6 months)
ESCONET,HOLD,1,130.4,57.36,0.9092,128.66,125.06,130.4,106.4,142.4,2.0,Unknown,3955200000,N/A,N/A,N/A,N/A,-27.39 %,0.0 %,91.55,122.41,163.56,Monitor weekly; re-evaluate on next earnings or macro event
SNOWMAN,STRONG SELL,-9,36.35,45.29,-0.0333,36.88,37.46,36.35,32.42,38.32,1.99,Industrials,6029695488,180.3,0.2,0.00816,77.682,-39.01 %,16.7 %,27.66,34.31,42.56,Short-to-Medium Term (2–8 weeks)
HECPROJECT,BUY,4,137.7,54.05,1.2266,131.63,128.37,137.7,166.02,123.54,2.0,Industrials,1478650112,11.720789,11.64,0.21202,67.512,8.33 %,25.0 %,103.42,138.29,184.82,Medium-to-Long Term (1–6 months)
WEALTH,STRONG SELL,-5,958.95,42.85,-2.6105,965.91,953.64,958.95,865.2,1005.83,2.0,Financial Services,10325760000,26.733793,36.25,0.2564,N/A,-16.16 %,40.0 %,732.87,951.85,1235.54,Short-to-Medium Term (2–8 weeks)
AVTNPL,SELL,-2,70.22,49.1,-0.0786,70.32,70.19,70.22,65.0,72.83,2.0,Basic Materials,10743636992,16.561033,4.26,0.12162,20.311,0.35 %,66.7 %,58.26,68.9,81.45,Exit / Avoid new positions
DIGISPICE,STRONG SELL,-6,18.16,17.65,-0.1291,19.55,19.74,18.16,15.67,19.41,1.99,Financial Services,3725654528,19.204302,0.93,0.097550005,35.372,-35.07 %,0.0 %,13.32,17.11,21.96,Short-to-Medium Term (2–8 weeks)
ZEEMEDIA,STRONG SELL,-8,7.96,33.08,-0.0387,8.24,8.29,7.96,7.15,8.37,1.98,Communication Services,5190994944,264.0,0.03,0.00855,37.194,-50.34 %,0.0 %,5.82,7.64,10.04,Short-to-Medium Term (2–8 weeks)
NIFTYAXIS,SELL,-4,265.44,40.92,-0.4684,266.25,263.37,265.44,253.77,271.27,2.0,Unknown,N/A,21.464312,N/A,N/A,N/A,2.64 %,40.0 %,247.61,264.75,283.04,Exit / Avoid new positions
ESSENTIA,STRONG SELL,-6,1.08,16.67,-0.0017,1.2,1.41,1.08,0.96,1.14,2.0,Consumer Defensive,1860600064,Infinity,0.0,0.00191,25.664,-17.61 %,0.0 %,0.76,0.99,1.29,Short-to-Medium Term (2–8 weeks)
AAREYDRUGS,STRONG SELL,-5,75.95,20.4,-0.6146,81.42,81.83,75.95,70.46,78.7,2.0,Healthcare,2187534592,55.503597,1.39,0.02747,40.385,-40.55 %,16.7 %,59.77,77.37,100.09,Short-to-Medium Term (2–8 weeks)
CPCAP,SELL,-2,108.33,38.0,-0.8015,109.84,102.79,108.33,96.78,114.11,2.0,Financial Services,1971134336,4.6286325,23.4,0.07613,13.476,-52.07 %,0.0 %,74.09,98.0,129.56,Exit / Avoid new positions
STARPAPER,HOLD,1,150.53,66.61,1.0318,142.03,139.27,150.53,130.04,160.78,2.0,Basic Materials,2312426240,7.016683,20.98,0.04715,0.608,-20.3 %,25.0 %,125.05,145.51,169.26,Monitor weekly; re-evaluate on next earnings or macro event
AONETMMQ50,STRONG SELL,-7,10.01,42.27,-0.014,10.11,10.16,10.01,9.71,10.16,2.0,Unknown,N/A,31.863756,N/A,N/A,N/A,1.29 %,100.0 %,9.1,10.16,11.34,Short-to-Medium Term (2–8 weeks)
IPSL,SELL,-3,244.8,49.66,-0.5748,241.74,238.18,244.8,232.41,251.0,2.0,Unknown,1377041664,N/A,N/A,N/A,N/A,-1.24 %,66.7 %,173.44,246.58,350.28,Exit / Avoid new positions
TOLINS,STRONG SELL,-8,102.89,42.68,-0.1254,104.15,104.53,102.89,94.55,107.06,2.0,Consumer Cyclical,4041753600,11.328904,9.03,0.104090005,2.999,-39.26 %,40.0 %,74.8,96.69,124.92,Short-to-Medium Term (2–8 weeks)
GLOSTERLTD,SELL,-2,677.75,65.5,0.2872,679.42,678.67,677.75,599.9,716.67,2.0,Consumer Cyclical,7485189632,41.35429,16.54,0.0167,88.108,-12.28 %,40.0 %,558.31,666.6,795.59,Exit / Avoid new positions
MULTICAP,SELL,-3,16.56,46.36,-0.0367,16.59,16.35,16.56,15.63,17.02,2.02,Unknown,N/A,23.944386,N/A,N/A,N/A,2.1 %,66.7 %,15.2,16.52,17.95,Exit / Avoid new positions
AFFORDABLE,SELL,-3,184.13,53.96,-0.6207,183.48,177.18,184.13,150.8,200.79,2.0,Industrials,2169700352,29.481482,6.21,0.06605,67.073,-30.67 %,0.0 %,127.12,166.12,216.95,Exit / Avoid new positions
HARRMALAYA,STRONG BUY,6,214.89,63.19,0.2894,211.62,208.03,214.89,241.23,201.72,2.0,Consumer Defensive,3856995072,13.235593,15.79,0.17509001,62.145,-14.26 %,60.0 %,171.33,211.93,262.04,Short-to-Medium Term (2–8 weeks)
BBETF0432,SELL,-2,1350.0,45.3,-1.2156,1351.46,1333.56,1350.0,1316.34,1366.83,2.0,Unknown,N/A,N/A,N/A,N/A,N/A,6.34 %,33.3 %,1335.82,1361.48,1387.59,Exit / Avoid new positions
VSTL,SELL,-4,111.33,40.7,0.0179,112.69,115.74,111.33,101.34,116.33,2.0,Basic Materials,2109761536,23.978449,4.64,0.04567,97.86,-25.08 %,22.2 %,82.74,104.36,131.55,Exit / Avoid new positions
SOMATEX,STRONG SELL,-7,99.53,40.08,-0.797,102.39,100.64,99.53,78.32,110.14,2.0,Consumer Cyclical,3270014464,32.298656,2.98,0.06033,0.17,-1.92 %,33.3 %,75.68,105.04,145.67,Short-to-Medium Term (2–8 weeks)
PROZONER,STRONG SELL,-5,44.11,45.58,0.2879,44.24,47.58,44.11,37.87,47.23,2.0,Real Estate,6638225408,62.142857,0.7,0.02822,134.619,64.72 %,50.0 %,34.58,44.72,57.79,Short-to-Medium Term (2–8 weeks)
WCIL,STRONG SELL,-7,91.06,30.42,-0.5465,94.85,96.77,91.06,83.77,94.7,2.0,Industrials,9117854720,23.47244,3.81,0.0458,26.012,-10.96 %,20.0 %,70.82,87.25,107.45,Short-to-Medium Term (2–8 weeks)
CHOICEGOLD,SELL,-2,142.25,50.74,0.5538,141.1,146.45,142.25,134.63,146.06,2.0,,N/A,N/A,N/A,N/A,N/A,-12.32 %,0.0 %,123.72,145.39,170.8,Exit / Avoid new positions
DCMSRIND,STRONG SELL,-5,39.81,43.01,-0.097,40.27,39.45,39.81,31.68,43.88,2.0,Consumer Defensive,3428361984,15.099617,2.61,0.11901,116.59,-15.23 %,40.0 %,22.01,35.42,56.96,Short-to-Medium Term (2–8 weeks)
DTL,STRONG SELL,-8,120.65,51.52,-0.3298,123.19,127.18,120.65,116.18,122.89,2.0,Unknown,1538958336,N/A,N/A,N/A,N/A,-20.53 %,40.0 %,85.78,116.26,157.46,Short-to-Medium Term (2–8 weeks)
RANASUG,STRONG SELL,-7,11.84,35.14,-0.0003,12.02,12.43,11.84,10.79,12.37,1.98,Consumer Defensive,1833599744,8.844444,1.35,0.04054,53.558,10.89 %,50.0 %,9.34,11.25,13.54,Short-to-Medium Term (2–8 weeks)
GANGAFORGE,STRONG SELL,-6,1.68,13.33,-0.0348,2.04,2.22,1.68,1.29,1.88,1.95,Industrials,290187456,N/A,-21.45,N/A,78.9,-46.53 %,12.5 %,1.13,1.52,2.05,Short-to-Medium Term (2–8 weeks)
HILTON,STRONG SELL,-5,21.05,29.49,-0.3099,22.65,21.95,21.05,17.81,22.67,2.0,Industrials,1080797568,22.105263,0.95,0.02585,37.021,-35.04 %,25.0 %,13.99,19.14,26.17,Short-to-Medium Term (2–8 weeks)
ABSLPSE,HOLD,-1,10.39,54.29,0.02,10.32,10.45,10.39,9.85,10.66,2.0,Unknown,N/A,10.428108,N/A,N/A,N/A,-7.51 %,50.0 %,9.33,10.3,11.36,Monitor weekly; re-evaluate on next earnings or macro event
ELGIRUBCO,HOLD,0,56.62,44.91,-0.529,56.24,51.55,56.62,45.67,62.09,2.0,Consumer Cyclical,2758755840,N/A,-48.0,-1.8858099,413.219,-55.7 %,0.0 %,39.7,54.73,75.39,Monitor weekly; re-evaluate on next earnings or macro event
URBAN,HOLD,-1,133.15,54.48,0.7953,128.73,130.95,133.15,116.35,141.55,2.0,Unknown,3197704960,N/A,N/A,N/A,N/A,-60.83 %,0.0 %,86.2,122.62,174.29,Monitor weekly; re-evaluate on next earnings or macro event
MARALOVER,STRONG BUY,5,58.7,63.77,0.382,54.75,55.79,58.7,67.58,54.26,2.0,Consumer Cyclical,2392521216,72.96202,0.79,0.0297,337.576,-22.83 %,28.6 %,43.64,57.11,74.69,Short-to-Medium Term (2–8 weeks)
SPENCERS,STRONG SELL,-6,33.46,32.07,-0.183,35.11,35.99,33.46,29.41,35.48,2.0,Consumer Cyclical,2957794560,N/A,-27.7,N/A,N/A,-4.12 %,50.0 %,24.44,31.52,40.62,Short-to-Medium Term (2–8 weeks)
MODINATUR,STRONG SELL,-6,411.65,41.09,-0.1396,419.18,426.87,411.65,351.26,441.84,2.0,Consumer Defensive,5279977984,10.500132,37.79,0.34243,93.655,13.49 %,100.0 %,312.07,414.88,551.21,Short-to-Medium Term (2–8 weeks)
COASTCORP,SELL,-4,50.07,50.27,-0.088,50.98,51.9,50.07,42.63,53.79,2.0,Consumer Defensive,3351540736,12.572865,3.98,0.09761,169.519,-18.8 %,20.0 %,36.97,49.15,65.32,Exit / Avoid new positions
KICL,SELL,-2,5445.5,49.43,-31.3849,5458.82,5249.52,5445.5,4952.63,5691.94,2.0,Financial Services,23557373952,63.931995,84.41,0.00366,N/A,6.66 %,75.0 %,4406.99,5373.27,6548.55,Exit / Avoid new positions
SINTERCOM,HOLD,-1,81.37,60.17,0.4268,78.08,76.64,81.37,71.83,86.14,2.0,Consumer Cyclical,2326101248,162.5,0.52,0.0139999995,51.503,-33.88 %,0.0 %,62.47,78.61,98.87,Monitor weekly; re-evaluate on next earnings or macro event
STCINDIA,STRONG SELL,-7,118.4,37.78,-0.5518,121.76,122.88,118.4,108.26,123.47,2.0,Industrials,7056600064,1.0998784,106.93,N/A,N/A,-18.4 %,20.0 %,87.85,113.46,146.46,Short-to-Medium Term (2–8 weeks)
ABSLBANETF,SELL,-4,58.54,41.24,-0.2093,59.11,57.81,58.54,55.72,59.95,2.0,Unknown,N/A,14.676697,N/A,N/A,N/A,-4.49 %,20.0 %,54.17,58.82,63.86,Exit / Avoid new positions
KORE,HOLD,1,177.2,79.62,3.0409,147.03,137.85,177.2,150.35,190.62,2.0,Unknown,7865014784,N/A,N/A,N/A,N/A,-8.67 %,0.0 %,120.84,161.77,216.42,Monitor weekly; re-evaluate on next earnings or macro event
NEXT50ETF,SELL,-3,72.9,52.88,-0.0383,72.51,71.76,72.9,69.54,74.58,2.0,Unknown,N/A,19.573658,N/A,N/A,N/A,N/A,N/A,65.3,73.15,81.91,Exit / Avoid new positions
SAHAJSOLAR,SELL,-4,123.6,49.0,0.4267,125.49,132.59,123.6,108.9,130.95,2.0,Unknown,8698722304,N/A,N/A,N/A,N/A,-26.29 %,25.0 %,74.64,112.52,169.48,Exit / Avoid new positions
QUESTLAB,SELL,-4,92.95,60.83,0.7358,92.76,100.39,92.95,81.13,98.86,2.0,Unknown,2253240064,N/A,N/A,N/A,N/A,-40.36 %,25.0 %,67.53,90.15,120.28,Exit / Avoid new positions
CYBERTECH,SELL,-4,138.85,39.47,-0.3223,142.72,143.53,138.85,122.38,147.08,2.0,Technology,4238980352,13.751473,10.18,N/A,3.889,-7.23 %,40.0 %,10.79,126.79,1481.77,Exit / Avoid new positions
LRRPL,SELL,-3,86.0,41.97,-0.8073,89.94,88.91,86.0,76.52,90.74,2.0,Unknown,242275280,N/A,N/A,N/A,N/A,3.88 %,33.3 %,68.99,89.5,116.04,Exit / Avoid new positions
SVLL,BUY,3,758.0,64.79,5.3881,716.72,688.09,758.0,877.28,698.36,2.0,Industrials,8735211520,200.52771,3.79,0.15578,529.731,124.92 %,50.0 %,627.22,809.8,1044.94,Medium-to-Long Term (1–6 months)
DCMNVL,STRONG SELL,-5,145.0,42.88,-0.3078,148.35,151.28,145.0,126.97,154.01,2.0,Consumer Cyclical,2625344256,72.82902,1.93,0.00493,98.359,-35.54 %,20.0 %,109.76,138.92,175.74,Short-to-Medium Term (2–8 weeks)
CHEMCON,STRONG SELL,-6,177.98,35.82,-0.7431,182.65,188.19,177.98,158.75,187.59,2.0,Basic Materials,6443706368,27.315218,6.44,0.04797,10.998,12.15 %,50.0 %,138.23,172.76,215.82,Short-to-Medium Term (2–8 weeks)
MAXPOSURE,STRONG SELL,-6,33.5,28.57,-0.1509,34.65,34.84,33.5,31.73,34.38,2.01,Unknown,2106948992,N/A,N/A,N/A,N/A,-42.8 %,16.7 %,23.48,31.25,41.56,Short-to-Medium Term (2–8 weeks)
MEDICAMEQ,STRONG SELL,-5,241.15,45.17,0.1825,245.56,247.21,241.15,212.44,255.5,2.0,Healthcare,3242869248,33.162273,7.21,0.0401,17.341,-54.06 %,12.5 %,178.91,230.77,297.49,Short-to-Medium Term (2–8 weeks)
ABSLLIQUID,SELL,-3,1000.0,57.14,0.0002,1000.0,1000.0,1000.0,999.94,1000.03,2.0,Unknown,N/A,N/A,N/A,N/A,N/A,-0.01 %,16.7 %,999.92,1000.0,1000.08,Exit / Avoid new positions
VHL,SELL,-3,3503.3,39.31,-9.1743,3540.71,3496.36,3503.3,3230.57,3639.66,2.0,Financial Services,11062821888,5.121299,676.84,N/A,N/A,8.81 %,80.0 %,2780.45,3451.42,4282.25,Exit / Avoid new positions
ORIENTCER,STRONG SELL,-6,40.32,49.47,-0.1772,41.12,40.31,40.32,34.8,43.08,2.0,Basic Materials,4815477760,21.994535,1.83,0.07473,13.113,-14.27 %,20.0 %,30.52,39.39,50.8,Short-to-Medium Term (2–8 weeks)
HLVLTD,STRONG SELL,-7,7.31,36.15,-0.0152,7.44,7.72,7.31,6.62,7.65,2.03,Consumer Cyclical,4786227200,242.00002,0.03,0.00936,8.381,-26.9 %,0.0 %,5.36,6.8,8.61,Short-to-Medium Term (2–8 weeks)
TBI,STRONG SELL,-5,63.5,50.8,0.0891,63.96,65.63,63.5,55.37,67.56,2.0,Unknown,5717174272,N/A,N/A,N/A,N/A,-21.35 %,57.1 %,44.25,57.15,73.76,Short-to-Medium Term (2–8 weeks)
PRADPME,STRONG SELL,-5,510.25,45.19,-5.1435,526.79,490.52,510.25,434.38,548.18,2.0,,N/A,N/A,N/A,0.20128,45.897,N/A,N/A,456.52,584.67,748.38,Short-to-Medium Term (2–8 weeks)
COOLCAPS,STRONG SELL,-7,20.5,14.06,-0.2073,22.48,23.9,20.5,16.87,22.32,1.99,Unknown,46952464384,N/A,N/A,N/A,N/A,-94.67 %,14.3 %,6.65,16.8,42.35,Short-to-Medium Term (2–8 weeks)
VLSFINANCE,SELL,-3,254.35,50.85,-0.8799,255.09,243.75,254.35,236.35,263.35,2.0,Financial Services,7941940224,38.878647,6.51,0.00949,0.014,-15.71 %,40.0 %,201.26,249.85,310.02,Exit / Avoid new positions
RCOM,STRONG SELL,-6,0.83,22.22,-0.003,0.87,0.9,0.83,0.77,0.86,2.0,Communication Services,2294478848,N/A,-1.8,N/A,N/A,-61.27 %,0.0 %,0.63,0.79,1.0,Short-to-Medium Term (2–8 weeks)
VERTOZ,STRONG SELL,-5,35.55,23.2,-0.0526,37.54,41.27,35.55,30.06,38.29,2.0,Technology,2988163840,113.09678,0.31,0.12476,38.592,-18.38 %,33.3 %,23.71,30.8,39.98,Short-to-Medium Term (2–8 weeks)
SENSEXETF,SELL,-4,79.23,40.44,-0.1667,79.62,78.48,79.23,75.63,81.03,2.0,Unknown,N/A,21.253778,N/A,N/A,N/A,-2.7 %,40.0 %,73.71,78.91,84.46,Exit / Avoid new positions
CORDSCABLE,HOLD,0,204.57,45.05,0.0576,206.38,212.43,204.57,182.82,215.44,2.0,Industrials,2649160704,12.912414,15.87,0.10746,55.403,-20.88 %,33.3 %,154.88,200.49,259.38,Monitor weekly; re-evaluate on next earnings or macro event
QUAL30IETF,BUY,2,21.1,54.86,0.0306,20.75,20.7,21.1,22.3,20.5,2.0,,N/A,N/A,N/A,N/A,N/A,-3.18 %,50.0 %,19.5,20.98,22.56,Medium-to-Long Term (1–6 months)
AXITA,SELL,-4,7.41,41.18,0.0058,7.46,7.65,7.41,6.96,7.63,2.05,Consumer Cyclical,2827957504,147.79999,0.05,N/A,34.066,-3.87 %,0.0 %,6.0,7.05,8.29,Exit / Avoid new positions
IVZINGOLD,SELL,-3,125.0,50.55,37.8397,123.79,128.15,125.0,118.37,128.31,2.0,Unknown,N/A,N/A,N/A,N/A,N/A,79.55 %,100.0 %,16.58,93.97,530.61,Exit / Avoid new positions
INDIANCARD,STRONG SELL,-5,224.6,49.98,-0.7231,225.47,220.51,224.6,178.97,247.41,2.0,Consumer Cyclical,1325107328,35.572567,6.27,0.01092,0.926,-5.4 %,50.0 %,174.43,220.22,277.88,Short-to-Medium Term (2–8 weeks)
BENGALASM,STRONG SELL,-7,6215.5,43.09,-1.1074,6273.02,6430.57,6215.5,5902.21,6372.15,2.0,,N/A,N/A,N/A,0.08084,5.85,0.76 %,100.0 %,5437.44,6343.76,7398.65,Short-to-Medium Term (2–8 weeks)
GUJAPOLLO,SELL,-3,359.2,54.0,1.3958,355.2,368.26,359.2,313.21,382.19,2.0,Industrials,4564143104,73.16008,4.81,0.0103400005,8.058,-20.67 %,20.0 %,280.6,362.37,467.69,Exit / Avoid new positions
KOKUYOCMLN,STRONG SELL,-9,85.86,47.74,-0.1912,86.42,86.19,85.86,79.02,89.28,2.0,Industrials,8552905216,34.522266,2.47,N/A,11.417,-12.58 %,25.0 %,67.56,82.12,99.78,Short-to-Medium Term (2–8 weeks)
RNBDENIMS,STRONG SELL,-6,9.32,3.7,-0.0182,10.0,10.53,9.32,8.24,9.86,2.0,Consumer Cyclical,2610274816,14.507937,0.63,0.10946,29.348,-30.61 %,0.0 %,5.81,7.75,10.33,Short-to-Medium Term (2–8 weeks)
BALPHARMA,BUY,3,88.63,65.5,0.6469,83.52,85.33,88.63,100.75,82.57,2.0,Healthcare,1392917120,22.149366,3.95,0.079169996,201.197,-23.94 %,16.7 %,68.26,86.51,109.57,Medium-to-Long Term (1–6 months)
NIFTY100EW,HOLD,-1,35.01,52.83,-0.0171,34.79,34.45,35.01,32.73,36.15,2.0,,N/A,N/A,N/A,N/A,N/A,-6.11 %,50.0 %,31.93,35.56,39.6,Monitor weekly; re-evaluate on next earnings or macro event
NIRMAN,STRONG SELL,-7,42.1,49.28,-0.0042,41.67,44.49,42.1,33.64,46.33,2.0,Unknown,3330022912,N/A,N/A,N/A,N/A,-70.21 %,0.0 %,26.86,36.62,49.89,Short-to-Medium Term (2–8 weeks)
SUDARCOLOR,STRONG SELL,-8,360.0,48.69,-1.1818,363.9,364.27,360.0,311.28,384.36,2.0,Basic Materials,8200962560,18.409327,19.3,0.08145001,4.031,-23.97 %,40.0 %,291.2,351.42,423.91,Short-to-Medium Term (2–8 weeks)
SRTL,SELL,-2,40.87,46.58,0.107,40.56,41.26,40.87,36.82,42.89,2.0,Consumer Cyclical,1601798272,8.580299,4.67,0.10396,15.218,N/A,N/A,27.5,34.35,42.9,Exit / Avoid new positions
SCHAND,SELL,-4,147.86,43.58,0.1194,149.27,153.18,147.86,137.54,153.02,2.0,Communication Services,5175841792,6.812442,21.54,0.07168,12.949,-14.76 %,25.0 %,118.36,143.08,172.88,Exit / Avoid new positions
DOLPHIN,SELL,-4,379.15,58.38,0.667,380.07,388.47,379.15,318.4,409.52,2.0,Energy,14991716352,20.807884,18.01,N/A,57.496,-18.67 %,33.3 %,282.18,364.14,469.64,Exit / Avoid new positions
SIGMA,STRONG SELL,-5,37.93,51.28,0.109,38.06,39.01,37.93,33.31,40.24,2.0,Technology,3859200256,16.185345,2.32,0.37783,2.611,-86.76 %,25.0 %,13.07,32.04,78.39,Short-to-Medium Term (2–8 weeks)
GATECH,SELL,-3,0.49,50.0,0.0019,0.48,0.5,0.49,0.4,0.54,1.8,Financial Services,620355904,6.8571424,0.07,0.10936,N/A,-12.26 %,25.0 %,0.34,0.46,0.62,Exit / Avoid new positions
LINC,STRONG SELL,-7,102.83,43.01,-1.0172,107.77,104.71,102.83,87.59,110.45,2.0,Industrials,6039818752,18.454546,5.5,0.13284999,10.275,9.91 %,50.0 %,78.66,99.7,126.3,Short-to-Medium Term (2–8 weeks)
SREEL,BUY,4,222.71,59.4,0.8725,214.8,206.08,222.71,250.7,208.72,2.0,Consumer Cyclical,5009123840,17.445969,12.4,0.05989,0.445,-15.46 %,0.0 %,186.42,217.43,253.51,Medium-to-Long Term (1–6 months)
ORBTEXP,SELL,-2,244.07,66.26,-0.2363,228.71,208.63,244.07,215.96,258.12,2.0,Consumer Cyclical,6468721152,19.837399,12.3,0.11231,5.311,-3.32 %,50.0 %,181.8,246.63,334.34,Exit / Avoid new positions
OSWALGREEN,STRONG SELL,-8,21.17,35.26,-0.04,21.97,23.11,21.17,18.71,22.4,2.0,Financial Services,5331358208,N/A,-2.43,-0.025559999,0.184,-41.19 %,0.0 %,15.48,20.29,26.58,Short-to-Medium Term (2–8 weeks)
INFOLLION,STRONG SELL,-7,158.75,34.49,-0.7671,170.14,176.95,158.75,133.76,171.25,2.0,Unknown,2627879424,N/A,N/A,N/A,N/A,10.58 %,75.0 %,118.28,151.01,192.71,Short-to-Medium Term (2–8 weeks)
HPAL,STRONG SELL,-8,33.39,33.33,-0.1052,34.45,35.39,33.39,29.28,35.45,2.0,Basic Materials,2986847488,42.776314,0.76,0.03751,2.255,-27.12 %,0.0 %,25.08,31.02,38.36,Short-to-Medium Term (2–8 weeks)
BANKBETF,SELL,-3,57.97,39.22,-0.2223,58.64,57.35,57.97,54.31,59.8,2.0,Unknown,N/A,14.70491,N/A,N/A,N/A,-1.78 %,20.0 %,53.68,58.25,63.19,Exit / Avoid new positions
INDOUS,SELL,-3,85.0,44.68,0.087,87.4,91.97,85.0,72.55,91.22,2.0,Basic Materials,1686373120,12.859327,6.54,0.15344,40.024,-63.08 %,0.0 %,57.66,77.64,104.49,Exit / Avoid new positions
AAKASH,HOLD,-1,9.0,55.61,0.0041,8.99,9.17,9.0,7.65,9.68,1.99,Energy,905174976,25.542856,0.35,0.056339998,41.927,-7.26 %,60.0 %,6.77,8.71,11.19,Monitor weekly; re-evaluate on next earnings or macro event
CANARYS,SELL,-2,19.3,54.55,0.0319,18.98,19.7,19.3,17.32,20.29,2.0,Unknown,3094309632,N/A,N/A,N/A,N/A,-40.79 %,0.0 %,13.54,18.0,23.91,Exit / Avoid new positions
MANAKSIA,STRONG SELL,-6,56.02,40.05,-0.1213,57.36,58.56,56.02,49.69,59.19,2.0,Industrials,3623377664,6.9199004,7.99,0.07888,4.069,-7.89 %,25.0 %,43.54,53.8,66.45,Short-to-Medium Term (2–8 weeks)
VETO,STRONG SELL,-5,121.14,45.85,-0.6664,125.13,127.28,121.14,104.76,129.33,2.0,Industrials,2285192960,9.098173,13.14,0.08818,7.386,23.67 %,50.0 %,94.42,118.19,147.87,Short-to-Medium Term (2–8 weeks)
FLEXIADD,HOLD,1,10.02,59.55,0.008,9.86,9.76,10.02,9.57,10.24,2.05,,N/A,N/A,N/A,N/A,N/A,-1.74 %,0.0 %,9.13,9.9,10.73,Monitor weekly; re-evaluate on next earnings or macro event
NITIRAJ,STRONG BUY,5,218.95,77.38,2.7623,199.88,194.09,218.95,261.19,197.83,2.0,Technology,2243738880,212.50487,1.03,0.01284,0.028,-31.01 %,20.0 %,161.48,213.71,282.66,Short-to-Medium Term (2–8 weeks)
RKEC,SELL,-4,26.96,44.79,0.1158,27.15,28.62,26.96,21.86,29.51,2.0,Industrials,642228352,3.205988,8.35,0.04804,102.585,-26.88 %,25.0 %,17.9,24.34,33.06,Exit / Avoid new positions
MOMENTUM,STRONG SELL,-8,30.67,49.7,-0.0402,30.86,30.91,30.67,28.66,31.68,1.99,Unknown,N/A,25.960491,N/A,N/A,N/A,-9.5 %,57.1 %,27.38,30.24,33.4,Short-to-Medium Term (2–8 weeks)
DHARAN,STRONG SELL,-6,0.15,0.0,-0.0004,0.15,0.15,0.15,0.12,0.16,3.0,Real Estate,784313792,7.5000005,0.02,-0.03818,7.227,-38.96 %,0.0 %,0.09,0.13,0.19,Short-to-Medium Term (2–8 weeks)
GFLLIMITED,HOLD,-1,46.95,54.8,0.1303,45.71,46.27,46.95,41.34,49.76,2.0,Financial Services,5140979712,11.414634,4.1,0.01771,N/A,-0.41 %,40.0 %,35.96,45.18,56.75,Monitor weekly; re-evaluate on next earnings or macro event
SERVICE,STRONG BUY,6,61.8,74.85,0.5088,56.57,52.74,61.8,67.65,58.88,2.0,Unknown,622068864,N/A,N/A,N/A,N/A,-21.17 %,20.0 %,44.92,61.36,83.75,Short-to-Medium Term (2–8 weeks)
UFO,STRONG SELL,-8,68.45,36.55,-0.0714,69.36,71.88,68.45,61.19,72.08,2.0,Communication Services,2645907200,10.615265,6.42,0.07998,28.754,-16.68 %,16.7 %,52.05,65.08,81.35,Short-to-Medium Term (2–8 weeks)
GEEKAYWIRE,STRONG SELL,-9,23.91,46.78,-0.0743,24.42,24.29,23.91,20.28,25.73,1.99,Industrials,2462491136,8.180555,2.88,0.19027,83.99,-43.81 %,0.0 %,17.87,22.78,29.03,Short-to-Medium Term (2–8 weeks)
BLAL,STRONG SELL,-6,177.61,29.47,-0.6201,182.29,183.9,177.61,165.16,183.84,2.0,Financial Services,7380654592,Infinity,0.0,0.00959,1062.5,-26.53 %,16.7 %,143.94,170.33,201.47,Short-to-Medium Term (2–8 weeks)
HINDCON,STRONG SELL,-6,20.77,33.33,-0.0639,21.31,21.62,20.77,17.23,22.54,2.0,Basic Materials,1115955584,25.952381,0.84,0.05466,18.593,-20.39 %,20.0 %,15.32,19.52,24.85,Short-to-Medium Term (2–8 weeks)
SPCL,SELL,-3,69.8,53.82,0.2321,69.4,70.95,69.8,62.69,73.36,2.0,Unknown,7894292992,N/A,N/A,N/A,N/A,-58.41 %,0.0 %,48.0,63.37,83.62,Exit / Avoid new positions
SHEETAL,SELL,-2,291.9,44.32,-0.6129,294.18,293.57,291.9,279.42,298.14,2.0,Unknown,675331200,N/A,N/A,N/A,N/A,72.17 %,50.0 %,273.62,320.69,375.72,Exit / Avoid new positions
DISHTV,STRONG SELL,-8,2.87,46.15,-0.0034,2.95,3.09,2.87,2.63,2.99,2.0,Communication Services,5192342528,N/A,-4.2,N/A,N/A,-44.53 %,0.0 %,2.01,2.57,3.28,Short-to-Medium Term (2–8 weeks)
INM,SELL,-2,180.0,62.28,0.6698,172.51,169.91,180.0,167.61,186.19,2.0,Unknown,3882447104,N/A,N/A,N/A,N/A,7.8 %,33.3 %,120.17,173.95,251.59,Exit / Avoid new positions
BANKADD,SELL,-4,58.45,41.79,-0.2202,59.02,57.63,58.45,56.05,59.65,2.0,,N/A,N/A,N/A,N/A,N/A,-1.4 %,40.0 %,54.08,58.73,63.77,Exit / Avoid new positions
BAWEJA,SELL,-3,27.15,40.88,0.0013,28.6,29.42,27.15,22.62,29.41,2.0,Unknown,1543261312,N/A,N/A,N/A,N/A,-66.9 %,0.0 %,18.2,25.13,34.68,Exit / Avoid new positions
INDBANK,STRONG SELL,-7,33.1,28.59,-0.065,33.45,33.47,33.1,30.22,34.54,2.0,Financial Services,1446729216,19.757576,1.65,N/A,N/A,-34.98 %,28.6 %,25.1,31.83,40.33,Short-to-Medium Term (2–8 weeks)
ORIENTBELL,STRONG BUY,6,327.2,56.91,0.9438,318.41,324.74,327.2,360.2,310.7,2.0,Industrials,4717649920,37.997635,8.44,0.03853,9.489,-17.87 %,50.0 %,253.37,320.95,406.35,Short-to-Medium Term (2–8 weeks)
SUMEETINDS,STRONG SELL,-6,27.34,34.32,-0.6549,31.37,28.62,27.34,23.05,29.48,2.0,Consumer Cyclical,15875989504,56.47826,0.46,0.13763,76.104,5.72 %,50.0 %,10.79,27.3,68.89,Short-to-Medium Term (2–8 weeks)
BLACKROSE,STRONG SELL,-6,100.76,29.73,-1.345,105.56,102.24,100.76,88.07,107.11,2.0,,N/A,N/A,N/A,0.1396,0.848,N/A,N/A,76.18,108.65,154.84,Short-to-Medium Term (2–8 weeks)
OMFURN,HOLD,0,56.6,56.9,0.1379,54.89,55.9,56.6,53.84,57.98,2.0,Unknown,765336000,N/A,N/A,N/A,N/A,18.47 %,20.0 %,41.01,55.63,75.41,Monitor weekly; re-evaluate on next earnings or macro event
NATHBIOGEN,HOLD,1,164.88,45.59,0.0618,163.32,167.06,164.88,148.92,172.86,2.0,Basic Materials,3118705920,7.859952,20.85,0.06285,20.354,-7.59 %,25.0 %,132.52,160.24,193.66,Monitor weekly; re-evaluate on next earnings or macro event
GENUSPAPER,HOLD,0,12.59,59.91,0.1313,11.72,12.13,12.59,10.76,13.5,2.01,Basic Materials,3144649984,33.054054,0.37,N/A,84.844,-20.88 %,20.0 %,9.68,12.04,14.96,Monitor weekly; re-evaluate on next earnings or macro event
WORTHPERI,BUY,3,143.31,64.55,0.1315,139.31,133.52,143.31,164.13,132.9,2.0,Consumer Cyclical,2251448064,15.386437,9.29,0.094160005,20.288,-0.02 %,16.7 %,112.85,142.69,180.31,Medium-to-Long Term (1–6 months)
KOTHARIPRO,STRONG SELL,-5,68.25,53.21,0.0233,68.78,70.54,68.25,60.57,72.09,2.0,Industrials,4009224704,12.992263,5.17,0.0291,8.51,1.53 %,25.0 %,51.43,66.1,84.91,Short-to-Medium Term (2–8 weeks)
ESFL,SELL,-2,129.9,65.58,2.4824,118.13,119.97,129.9,115.26,137.22,2.0,Unknown,3868680448,N/A,N/A,N/A,N/A,-15.59 %,40.0 %,92.62,127.25,174.7,Exit / Avoid new positions
HDFCQUAL,BUY,2,58.07,53.14,0.0821,57.19,57.04,58.07,60.26,56.98,2.01,Unknown,N/A,27.021486,N/A,N/A,N/A,-1.6 %,33.3 %,54.52,58.63,63.03,Medium-to-Long Term (1–6 months)
GTL,SELL,-3,7.36,40.91,0.0078,7.37,7.68,7.36,6.64,7.72,2.0,Communication Services,1138828672,0.19551715,37.03,N/A,N/A,-10.2 %,25.0 %,5.33,7.03,9.26,Exit / Avoid new positions
SUMMITSEC,STRONG SELL,-8,1496.5,43.18,-3.6786,1517.08,1526.73,1496.5,1347.58,1570.96,2.0,Financial Services,16199077888,15.425832,95.93,0.011360001,N/A,-1.38 %,50.0 %,1151.44,1461.04,1852.91,Short-to-Medium Term (2–8 weeks)
HEALTHAXIS,HOLD,0,167.19,52.04,-0.3617,166.15,161.94,167.19,158.76,171.41,2.0,Unknown,N/A,39.708305,N/A,N/A,N/A,-6.39 %,33.3 %,155.15,168.68,183.35,Monitor weekly; re-evaluate on next earnings or macro event
PRLIND,STRONG SELL,-6,44.75,23.35,-0.033,47.18,50.01,44.75,39.23,47.51,2.0,Unknown,2988134912,N/A,N/A,N/A,N/A,-39.53 %,40.0 %,31.83,41.6,54.33,Short-to-Medium Term (2–8 weeks)
A2ZINFRA,STRONG SELL,-7,12.34,35.31,-0.0783,13.23,13.93,12.34,9.91,13.55,2.01,Industrials,2140919680,48.24,0.25,0.17871,301.806,-28.33 %,28.6 %,9.08,11.9,15.59,Short-to-Medium Term (2–8 weeks)
WINSOL,STRONG SELL,-6,112.65,20.68,-0.5535,119.56,123.96,112.65,103.02,117.47,2.0,Unknown,4370110464,N/A,N/A,N/A,N/A,-21.6 %,25.0 %,80.59,103.89,133.86,Short-to-Medium Term (2–8 weeks)
GEECEE,SELL,-2,340.9,47.75,-1.4709,344.86,337.52,340.9,293.05,364.82,2.0,Real Estate,7053525504,16.772749,20.11,0.05198,N/A,-27.43 %,0.0 %,273.11,336.61,414.68,Exit / Avoid new positions
ENIL,SELL,-4,106.06,30.6,0.1191,106.51,108.49,106.06,97.69,110.25,2.0,Communication Services,5047820288,N/A,-1.55,-0.00962,22.502,-15.0 %,25.0 %,82.75,100.1,121.04,Exit / Avoid new positions
BTML,HOLD,-1,6.68,63.83,0.0709,6.19,6.32,6.68,5.18,7.43,2.0,Communication Services,1150146944,14.386364,0.44,0.13237001,41.589,-36.07 %,0.0 %,4.84,6.36,8.35,Monitor weekly; re-evaluate on next earnings or macro event
ZIMLAB,HOLD,1,118.0,45.37,-0.6832,119.65,114.04,118.0,110.08,121.96,2.0,Healthcare,6192410624,97.17647,1.19,0.021289999,42.734,-21.54 %,0.0 %,91.42,117.3,150.42,Monitor weekly; re-evaluate on next earnings or macro event
ISFT,SELL,-2,77.07,52.12,0.1391,76.58,80.64,77.07,67.02,82.09,2.0,Consumer Cyclical,1286665088,9.469387,8.33,0.05367,6.493,-9.87 %,60.0 %,58.82,73.97,92.97,Exit / Avoid new positions
STERTOOLS,STRONG SELL,-5,241.83,53.28,-0.6889,243.93,238.05,241.83,208.71,258.39,2.0,Industrials,8668508160,29.702366,8.03,0.05717,27.877,-48.3 %,20.0 %,176.61,233.09,307.46,Short-to-Medium Term (2–8 weeks)
GOLD360,HOLD,1,139.85,50.91,0.5308,138.88,144.2,139.85,132.8,143.38,2.0,,N/A,N/A,N/A,N/A,N/A,39.2 %,50.0 %,122.59,145.17,171.84,Monitor weekly; re-evaluate on next earnings or macro event
CHEMBONDCH,SELL,-3,240.62,46.25,-2.7228,243.72,212.85,240.62,192.77,264.55,2.0,Basic Materials,6207191552,16.229254,14.22,0.19914,N/A,-29.6 %,0.0 %,180.23,247.17,338.74,Exit / Avoid new positions
DCMSIL,SELL,-4,78.6,64.14,-0.369,77.93,69.94,78.6,73.89,80.95,2.0,Industrials,6701007872,N/A,-1.58,-0.03619,19.869,N/A,N/A,58.94,87.09,128.57,Exit / Avoid new positions
GRADIENTE,STRONG SELL,-6,2.77,27.89,-0.0385,3.19,3.29,2.77,2.17,3.07,2.0,Communication Services,963960000,N/A,N/A,0.0095,3.255,N/A,N/A,1.01,1.46,2.13,Short-to-Medium Term (2–8 weeks)
CUBEXTUB,SELL,-4,77.43,40.99,0.031,79.65,84.0,77.43,67.26,82.52,2.0,Basic Materials,1098551808,14.725528,5.21,0.093660004,52.119,-51.48 %,33.3 %,56.32,74.94,99.64,Exit / Avoid new positions
KRISHIVAL,SELL,-3,390.75,31.98,-1.749,398.22,398.64,390.75,368.55,401.85,2.0,Consumer Defensive,9978379264,42.412853,9.18,0.12996,18.086,78.84 %,75.0 %,331.47,401.92,487.14,Exit / Avoid new positions
CREST,BUY,3,375.0,48.68,0.0077,374.28,371.32,375.0,413.31,355.85,2.0,Financial Services,10676361216,22.946539,16.46,0.03751,15.374,-9.42 %,50.0 %,297.61,368.55,456.19,Medium-to-Long Term (1–6 months)
OLIL,SELL,-4,418.0,50.0,-0.3209,421.07,432.88,418.0,387.67,433.17,2.0,Unknown,322359904,N/A,N/A,N/A,N/A,334.82 %,100.0 %,352.49,455.05,587.11,Exit / Avoid new positions
SMALLIETF,STRONG SELL,-8,17.86,47.67,-0.0148,17.98,,17.86,16.54,18.52,2.0,Unknown,N/A,N/A,N/A,N/A,N/A,N/A,N/A,16.19,17.83,19.62,Short-to-Medium Term (2–8 weeks)
SINGERIND,STRONG SELL,-7,66.47,35.08,-0.0536,67.63,69.43,66.47,59.3,70.05,2.0,,N/A,N/A,N/A,0.07569,2.8,N/A,N/A,51.72,64.72,80.93,Short-to-Medium Term (2–8 weeks)
SENSEXBETA,SELL,-4,849.42,41.0,-1.8074,853.63,841.39,849.42,807.51,870.38,2.0,Unknown,N/A,N/A,N/A,N/A,N/A,-3.76 %,0.0 %,759.79,830.56,907.74,Exit / Avoid new positions
AONETOTAL,SELL,-3,11.81,46.39,-0.0225,11.81,11.66,11.81,11.03,12.2,2.0,Unknown,N/A,22.838373,N/A,N/A,N/A,0.82 %,50.0 %,11.1,11.96,12.88,Exit / Avoid new positions
MAGNUM,HOLD,-1,19.85,48.99,0.0653,19.31,19.64,19.85,16.76,21.4,1.99,Basic Materials,1366858112,N/A,-1.69,-0.01643,38.832,-45.1 %,0.0 %,14.3,18.56,24.09,Monitor weekly; re-evaluate on next earnings or macro event
GOLDTECH,SELL,-3,57.15,48.17,-0.7686,59.46,50.31,57.15,46.62,62.41,2.0,Technology,2893097984,276.2,0.2,0.00494,30.784,-1.57 %,50.0 %,39.45,53.7,73.06,Exit / Avoid new positions
HEALTHCARE,SELL,-3,21.33,54.42,-0.0524,21.17,20.56,21.33,19.98,22.0,2.01,Unknown,N/A,40.948338,N/A,N/A,N/A,N/A,N/A,20.46,22.12,23.91,Exit / Avoid new positions
DBEIL,STRONG SELL,-5,7.39,26.36,-0.0852,7.91,8.1,7.39,6.07,8.05,2.0,Industrials,3502880768,8.847058,0.85,0.09224,39.766,-33.91 %,25.0 %,5.45,6.95,8.86,Short-to-Medium Term (2–8 weeks)
OWAIS,SELL,-3,99.5,23.43,0.0347,105.44,112.4,99.5,85.52,106.49,2.0,Unknown,24718059520,N/A,N/A,N/A,N/A,-59.58 %,20.0 %,60.49,84.41,117.7,Exit / Avoid new positions
BEACON,SELL,-4,90.5,47.84,-0.5252,93.75,91.7,90.5,76.97,97.27,2.0,Unknown,2120820736,N/A,N/A,N/A,N/A,-40.35 %,16.7 %,64.62,88.4,120.86,Exit / Avoid new positions
BATLIBOI,SELL,-3,84.46,53.15,-0.0656,84.01,81.43,84.46,73.51,89.93,2.0,Industrials,3938301440,61.32353,1.36,0.02866,37.078,-5.88 %,0.0 %,31.57,161.0,818.07,Exit / Avoid new positions
APOLSINHOT,STRONG SELL,-8,1199.0,47.69,-7.3335,1229.76,1245.32,1199.0,992.87,1302.07,2.0,Industrials,3134782208,29.831724,40.41,0.06931,57.786,-19.41 %,33.3 %,938.72,1168.05,1452.72,Short-to-Medium Term (2–8 weeks)
TCL,HOLD,-1,109.25,34.74,-1.5343,115.38,104.8,109.25,85.58,121.08,2.0,Unknown,4722238464,N/A,N/A,N/A,N/A,-23.16 %,0.0 %,78.15,104.45,139.51,Monitor weekly; re-evaluate on next earnings or macro event
ADVANIHOTR,STRONG SELL,-8,52.25,47.2,-0.0787,52.54,52.78,52.25,48.2,54.27,2.0,Consumer Cyclical,4744868352,19.89535,2.58,0.08,0.558,-18.45 %,12.5 %,42.95,51.09,60.76,Short-to-Medium Term (2–8 weeks)
GREENCHEF,STRONG SELL,-8,47.1,42.92,-0.0641,48.66,51.54,47.1,44.43,48.44,1.99,Unknown,1754696832,N/A,N/A,N/A,N/A,-9.51 %,57.1 %,35.0,45.4,58.86,Short-to-Medium Term (2–8 weeks)
LOTUSEYE,SELL,-3,118.95,42.5,-0.4985,121.15,120.44,118.95,95.97,130.44,2.0,Healthcare,2465820928,2964.25,0.04,0.0013400001,26.329,15.3 %,33.3 %,95.4,122.06,156.07,Exit / Avoid new positions
MCCHRLS-B,STRONG SELL,-5,698.95,49.5,-0.6648,704.64,693.66,698.95,549.61,773.62,2.0,,N/A,N/A,N/A,-2.52852,N/A,N/A,N/A,624.47,703.01,791.22,Short-to-Medium Term (2–8 weeks)
STEL,BUY,3,558.6,59.71,-2.4748,558.38,538.48,558.6,631.89,521.96,2.0,Financial Services,10213221376,51.33581,10.78,0.01181,N/A,-34.53 %,12.5 %,441.99,563.01,716.78,Medium-to-Long Term (1–6 months)
DYNPRO,HOLD,-1,238.21,58.69,0.3962,234.42,236.04,238.21,208.93,252.85,2.0,Basic Materials,2960690432,14.860886,16.03,0.084910005,29.637,26.27 %,66.7 %,181.91,230.19,291.13,Monitor weekly; re-evaluate on next earnings or macro event
ACL,STRONG SELL,-8,48.42,33.75,-0.0382,49.6,52.29,48.42,43.92,50.67,2.0,Basic Materials,4456523264,N/A,-7.98,N/A,1395.925,-15.0 %,25.0 %,37.57,46.12,56.6,Short-to-Medium Term (2–8 weeks)
SUPREME,STRONG SELL,-6,44.58,29.5,-0.2327,46.65,46.82,44.58,38.01,47.86,2.0,Real Estate,1696448000,485.77777,0.09,0.00062,1.06,-12.84 %,25.0 %,31.39,41.79,55.61,Short-to-Medium Term (2–8 weeks)
NAGREEKEXP,STRONG SELL,-5,22.83,26.26,-0.0822,24.22,25.9,22.83,18.84,24.82,2.01,Consumer Cyclical,664984064,21.714287,0.98,0.0196,108.513,-38.19 %,0.0 %,16.61,21.93,28.93,Short-to-Medium Term (2–8 weeks)
HDFCNIF100,SELL,-4,25.88,41.25,-0.0536,25.99,25.7,25.88,24.14,26.75,2.0,Unknown,N/A,20.968597,N/A,N/A,N/A,-2.04 %,20.0 %,23.7,25.79,28.06,Exit / Avoid new positions
BAFNAPH,HOLD,1,242.91,79.52,0.8698,220.88,183.36,242.91,229.77,249.48,2.0,Healthcare,5861093888,52.82729,4.69,0.12267999,38.932,56.38 %,50.0 %,201.06,256.65,327.42,Monitor weekly; re-evaluate on next earnings or macro event
RAJSREESUG,STRONG SELL,-9,30.83,47.16,-0.03,31.23,32.81,30.83,27.14,32.67,2.01,Consumer Defensive,972198656,N/A,-2.43,N/A,126.178,-1.94 %,50.0 %,22.68,28.97,36.99,Short-to-Medium Term (2–8 weeks)
INTENTECH,STRONG SELL,-5,89.02,27.55,-0.5072,94.81,97.31,89.02,76.87,95.09,2.0,Technology,2048585600,N/A,-6.7,-0.1175,0.125,3.03 %,16.7 %,65.03,85.5,112.34,Short-to-Medium Term (2–8 weeks)
AVPINFRA,SELL,-2,70.5,62.78,1.777,63.17,68.26,70.5,60.21,75.64,2.0,Unknown,3575772416,N/A,N/A,N/A,N/A,23.29 %,50.0 %,50.28,67.04,89.32,Exit / Avoid new positions
BELLACASA,STRONG SELL,-7,240.35,28.02,-1.7449,252.7,245.62,240.35,203.09,258.98,2.0,Consumer Cyclical,3237097472,15.9920635,15.12,0.12714,47.054,-7.48 %,0.0 %,171.97,223.2,289.53,Short-to-Medium Term (2–8 weeks)
SILVERBND,HOLD,-1,223.55,44.76,1.3514,222.21,236.89,223.55,210.38,230.14,2.0,Unknown,N/A,N/A,N/A,N/A,N/A,-15.94 %,0.0 %,166.76,217.94,284.65,Monitor weekly; re-evaluate on next earnings or macro event
TOP20,SELL,-4,8.86,51.19,-0.0029,8.76,8.63,8.86,8.47,9.05,2.05,Unknown,N/A,21.87505,N/A,N/A,N/A,-2.16 %,0.0 %,7.91,8.68,9.52,Exit / Avoid new positions
VELJAN,SELL,-4,1804.3,63.76,-12.6104,1720.65,1377.94,1804.3,1534.93,1938.98,2.0,,N/A,N/A,N/A,0.1084,0.445,N/A,N/A,1623.81,2336.33,3358.79,Exit / Avoid new positions
MADHAVIPL,STRONG SELL,-5,7.81,20.0,-0.0487,8.28,8.47,7.81,6.76,8.33,2.02,,N/A,N/A,N/A,0.11956,68.69,N/A,N/A,6.27,7.33,8.57,Short-to-Medium Term (2–8 weeks)
MOGSEC,SELL,-2,65.73,62.68,-0.0221,65.19,64.47,65.73,63.0,67.09,2.01,Unknown,N/A,N/A,N/A,N/A,N/A,2.16 %,66.7 %,63.3,66.19,69.2,Exit / Avoid new positions
SAKUMA,STRONG SELL,-7,1.66,40.48,-0.0058,1.73,1.83,1.66,1.45,1.76,2.1,Consumer Defensive,2602412800,27.666666,0.06,0.01307,1.175,-38.44 %,0.0 %,1.17,1.52,1.99,Short-to-Medium Term (2–8 weeks)
PRITIKAUTO,HOLD,0,17.96,58.14,-0.128,17.64,16.12,17.96,14.72,19.58,2.0,Industrials,2927292672,13.952381,1.26,0.08741,70.81,-28.87 %,0.0 %,13.79,17.42,22.0,Monitor weekly; re-evaluate on next earnings or macro event
SINCLAIR,STRONG SELL,-7,73.65,42.28,-0.1433,75.12,75.59,73.65,66.96,77.0,2.0,Consumer Cyclical,3771710976,41.57062,1.77,0.07633,28.381,-30.33 %,0.0 %,57.57,71.58,88.97,Short-to-Medium Term (2–8 weeks)
PRAENG,HOLD,-1,22.11,61.36,0.3809,20.15,20.82,22.11,18.39,23.97,2.0,Real Estate,1469351040,N/A,-2.69,-0.039100002,34.493,-28.29 %,0.0 %,15.5,21.15,28.83,Monitor weekly; re-evaluate on next earnings or macro event
CLSL,BUY,2,64.1,74.73,1.0677,52.68,47.15,64.1,73.04,59.63,2.0,Unknown,828718976,N/A,N/A,N/A,N/A,-2.99 %,40.0 %,49.41,64.81,84.94,Medium-to-Long Term (1–6 months)
NAHARINDUS,STRONG SELL,-5,116.5,50.47,-0.1329,117.0,116.68,116.5,108.34,120.58,2.0,Consumer Cyclical,4992836608,9.727272,11.88,0.0505,65.369,1.08 %,25.0 %,93.18,113.7,138.67,Short-to-Medium Term (2–8 weeks)
SUPERHOUSE,SELL,-3,157.12,49.66,-0.5473,159.12,156.05,157.12,128.92,171.22,2.0,Consumer Cyclical,1741178112,54.8368,2.88,0.00759,36.902,-21.44 %,25.0 %,124.23,152.29,186.6,Exit / Avoid new positions
GLOBECIVIL,STRONG SELL,-8,40.15,34.03,-0.1199,41.07,41.88,40.15,35.05,42.7,2.0,Industrials,2401300992,9.619617,4.18,0.1354,64.329,-15.04 %,0.0 %,28.39,36.21,46.15,Short-to-Medium Term (2–8 weeks)
EMULTIMQ,STRONG SELL,-8,40.92,47.86,-0.0274,41.3,41.92,40.92,38.43,42.16,2.01,Unknown,N/A,29.012938,N/A,N/A,N/A,6.56 %,66.7 %,36.88,40.51,44.48,Short-to-Medium Term (2–8 weeks)
HCL-INSYS,STRONG SELL,-7,11.49,32.32,-0.0417,11.83,12.15,11.49,10.44,12.02,1.98,Technology,3772745728,N/A,-1.0,N/A,N/A,-1.77 %,20.0 %,8.78,11.15,14.14,Short-to-Medium Term (2–8 weeks)
XELPMOC,SELL,-2,79.32,28.17,0.0703,82.98,89.06,79.32,67.41,85.27,2.0,Technology,1184995456,N/A,-5.15,-0.10935,0.922,9.51 %,50.0 %,58.09,76.93,101.82,Exit / Avoid new positions
VEEKAYEM,STRONG SELL,-5,122.0,26.01,-0.5547,128.77,131.9,122.0,119.6,123.2,2.0,Unknown,1227733760,N/A,N/A,N/A,N/A,-43.93 %,0.0 %,89.56,117.32,153.59,Short-to-Medium Term (2–8 weeks)
MAZDA,STRONG SELL,-5,216.92,20.46,-3.0593,233.19,228.15,216.92,184.67,233.04,2.0,Industrials,4255913216,15.479243,13.73,0.1148,N/A,-30.02 %,12.5 %,164.31,211.61,272.37,Short-to-Medium Term (2–8 weeks)
ALANKIT,SELL,-3,7.88,34.72,0.0058,8.02,8.32,7.88,7.1,8.27,2.0,Technology,2131302784,11.228572,0.7,0.063260004,6.351,-15.38 %,33.3 %,5.91,7.27,8.92,Exit / Avoid new positions
HEALTHX,SELL,-3,313.55,48.46,-2.2059,319.82,310.99,313.55,261.62,339.51,2.0,Healthcare,9722878976,804.3421,0.38,-0.00178,3.353,-31.89 %,20.0 %,255.38,311.8,380.53,Exit / Avoid new positions
MOS,STRONG SELL,-6,11.85,33.33,-0.2073,13.4,14.09,11.85,9.54,13.0,2.01,Unknown,46866432000,N/A,N/A,N/A,N/A,-12.35 %,20.0 %,4.72,9.72,19.98,Short-to-Medium Term (2–8 weeks)
TIJARIA,HOLD,0,4.47,57.4,0.0301,4.37,4.45,4.47,3.39,5.01,2.0,Industrials,133179664,N/A,-0.45,N/A,N/A,-48.71 %,33.3 %,3.09,4.09,5.4,Monitor weekly; re-evaluate on next earnings or macro event
DIAMINESQ,STRONG SELL,-7,247.84,29.12,-2.348,259.31,251.71,247.84,215.35,264.08,2.0,Basic Materials,2419549952,N/A,-13.06,-0.08021,5.197,9.18 %,33.3 %,186.41,233.44,292.19,Short-to-Medium Term (2–8 weeks)
DTIL,STRONG SELL,-6,131.93,29.98,-0.7842,137.69,136.2,131.93,114.11,140.84,2.0,Consumer Defensive,1351044992,N/A,-2.37,-0.00477,47.787,-30.61 %,40.0 %,100.61,126.62,159.29,Short-to-Medium Term (2–8 weeks)
ASMS,SELL,-3,7.01,37.04,0.0024,7.12,7.32,7.01,6.47,7.28,2.0,Technology,2135083008,36.894737,0.19,0.19015,25.615,-48.45 %,0.0 %,4.86,6.48,8.65,Exit / Avoid new positions
ZODIAC,STRONG SELL,-6,245.9,25.55,-1.1965,263.91,277.95,245.9,216.77,260.47,2.0,,N/A,65.58981,3.73,0.19496,204.711,-17.05 %,0.0 %,175.37,228.77,298.25,Short-to-Medium Term (2–8 weeks)
AARTECH,SELL,-4,47.21,32.66,-0.3706,48.82,46.43,47.21,40.46,50.59,2.0,Industrials,1455718656,36.656,1.25,0.11931,16.02,-44.47 %,16.7 %,34.01,45.64,61.22,Exit / Avoid new positions
AFSL,STRONG SELL,-8,201.03,50.22,-0.0399,201.28,201.14,201.03,196.59,203.25,2.0,Financial Services,10218791936,9.668109,20.79,0.083579995,55.763,-1.97 %,50.0 %,154.58,187.87,228.23,Short-to-Medium Term (2–8 weeks)
AVG,SELL,-3,205.61,51.87,-1.9014,207.13,182.16,205.61,172.55,222.14,2.0,Industrials,3762755328,11.929419,16.86,0.10145,81.0,-8.74 %,66.7 %,147.42,193.23,253.14,Exit / Avoid new positions
NV20BEES,STRONG SELL,-5,139.09,38.68,-0.2355,140.56,141.0,139.09,132.4,142.44,2.0,Unknown,N/A,15.215209,N/A,N/A,N/A,-36.04 %,33.3 %,104.58,141.11,190.27,Short-to-Medium Term (2–8 weeks)
KNAGRI,BUY,2,221.46,61.61,1.2312,207.39,202.38,221.46,245.76,209.31,2.0,Consumer Defensive,5489010688,17.329914,12.67,0.08606,8.87,-35.68 %,16.7 %,169.77,217.97,279.7,Medium-to-Long Term (1–6 months)
GROWWCHEM,HOLD,1,30.36,56.3,0.0143,29.97,29.6,30.36,28.26,31.41,2.0,Unknown,N/A,39.489265,N/A,N/A,N/A,N/A,N/A,27.4,30.63,34.24,Monitor weekly; re-evaluate on next earnings or macro event
ATLANTAA,STRONG SELL,-6,35.36,22.53,-0.2972,38.14,39.98,35.36,30.35,37.87,2.0,Industrials,2869614848,N/A,-0.21,-0.00802,148.258,-37.34 %,20.0 %,25.4,34.46,46.73,Short-to-Medium Term (2–8 weeks)
SECMARK,STRONG SELL,-5,125.1,49.01,-0.0234,126.04,126.02,125.1,109.17,133.06,2.0,Industrials,1356624128,51.356842,2.41,0.1169,54.908,-12.58 %,20.0 %,91.35,125.65,172.71,Short-to-Medium Term (2–8 weeks)
TREL,STRONG SELL,-8,24.41,34.58,-0.0923,25.26,25.47,24.41,21.65,25.79,2.0,Real Estate,5886864384,14.974999,1.6,0.031229999,N/A,-35.07 %,16.7 %,19.08,23.29,28.41,Short-to-Medium Term (2–8 weeks)
GRANDOAK,SELL,-3,39.17,20.75,-1.3066,43.82,37.76,39.17,30.38,43.57,2.0,,N/A,N/A,N/A,0.00011,311.972,N/A,N/A,27.95,44.3,70.14,Exit / Avoid new positions
MOM50,SELL,-4,251.12,41.63,-0.4987,252.01,249.12,251.12,238.19,257.58,2.0,,N/A,N/A,N/A,N/A,N/A,-1.1 %,40.0 %,233.73,250.43,268.28,Exit / Avoid new positions
SALONA,STRONG SELL,-6,245.65,36.07,-0.141,254.7,265.15,245.65,207.1,264.93,2.0,Consumer Cyclical,1292971648,82.72727,2.97,0.01877,226.372,-13.41 %,60.0 %,195.05,240.92,297.44,Short-to-Medium Term (2–8 weeks)
TAINWALCHM,SELL,-3,204.11,54.76,-1.1673,206.41,202.15,204.11,163.76,224.29,2.0,Basic Materials,1870993408,17.359686,11.51,0.06621,N/A,-16.62 %,0.0 %,149.24,201.81,272.7,Exit / Avoid new positions
KARNIKA,STRONG SELL,-10,111.85,62.26,-0.0106,115.86,126.17,111.85,93.82,120.86,2.0,Unknown,19302922240,N/A,N/A,N/A,N/A,-56.59 %,20.0 %,54.61,103.49,195.86,Short-to-Medium Term (2–8 weeks)
PENINLAND,STRONG SELL,-9,16.09,47.16,-0.2067,16.89,16.37,16.09,14.35,16.96,2.0,Real Estate,5443660288,N/A,-4.63,-1.07285,460.72,-10.83 %,25.0 %,10.97,14.62,19.48,Short-to-Medium Term (2–8 weeks)
RILINFRA,HOLD,-1,39.35,62.78,-0.0549,38.71,37.64,39.35,32.96,42.55,2.0,Unknown,1219557760,N/A,N/A,N/A,N/A,-48.14 %,28.6 %,28.57,37.71,49.74,Monitor weekly; re-evaluate on next earnings or macro event
TUNWAL,SELL,-4,26.2,41.56,0.16,26.55,28.18,26.2,24.19,27.2,2.01,Unknown,3362305536,N/A,N/A,N/A,N/A,-26.47 %,25.0 %,19.15,25.01,32.66,Exit / Avoid new positions
GVKPIL,SELL,-2,2.39,27.08,0.0019,2.54,2.76,2.39,2.18,2.5,1.91,Utilities,3790105088,N/A,-5.34,-2.9102802,N/A,-25.55 %,20.0 %,1.95,2.24,2.58,Exit / Avoid new positions
TEXMOPIPES,STRONG SELL,-8,43.47,47.73,-0.0401,43.85,44.61,43.47,38.34,46.03,2.0,Industrials,1260931968,9.073528,4.76,N/A,23.807,-13.16 %,16.7 %,33.66,41.84,51.98,Short-to-Medium Term (2–8 weeks)
VINEETLAB,BUY,2,38.87,73.54,0.4426,35.34,34.81,38.87,45.41,35.6,2.0,Basic Materials,747507840,N/A,-7.5,N/A,300.832,-3.12 %,33.3 %,28.81,37.63,49.14,Medium-to-Long Term (1–6 months)
SBIETFCON,BUY,2,122.62,52.12,0.0089,120.81,118.46,122.62,128.8,119.53,2.0,Unknown,N/A,36.6503,N/A,N/A,N/A,-3.47 %,25.0 %,113.49,122.53,132.26,Medium-to-Long Term (1–6 months)
UNITEDPOLY,STRONG SELL,-7,30.06,40.25,-0.003,30.67,32.33,30.06,24.06,33.06,2.0,Consumer Cyclical,6940548608,28.26168,1.07,0.21125999,80.156,162.7 %,80.0 %,24.42,32.14,42.28,Short-to-Medium Term (2–8 weeks)
IL&FSENGG,BUY,3,30.7,54.1,0.2659,29.07,29.22,30.7,35.05,28.52,2.0,Industrials,4226032384,322.3,0.1,N/A,N/A,-11.22 %,25.0 %,24.34,30.76,38.86,Medium-to-Long Term (1–6 months)
KOTARISUG,STRONG SELL,-8,24.84,34.29,-0.0944,25.29,25.32,24.84,21.9,26.31,2.0,Consumer Defensive,2092107904,31.55,0.8,N/A,23.787,-6.72 %,25.0 %,19.47,23.42,28.16,Short-to-Medium Term (2–8 weeks)
AKSHARCHEM,SELL,-3,235.0,49.28,-0.9874,235.32,223.1,235.0,200.02,252.49,2.0,Basic Materials,1934530944,N/A,-0.54,-0.0016699999,41.473,9.98 %,50.0 %,180.65,227.97,287.53,Exit / Avoid new positions
HITECHCORP,HOLD,1,319.35,54.3,-3.0977,319.45,290.11,319.35,291.9,333.08,2.0,Consumer Cyclical,5507387904,36.231636,8.85,0.0547,48.253,-23.13 %,20.0 %,244.48,321.79,423.29,Monitor weekly; re-evaluate on next earnings or macro event
ELCIDIN,STRONG SELL,-7,110725.0,38.37,-32.0161,112352.5,115614.3,110725.0,102217.87,114978.57,2.0,,N/A,N/A,N/A,0.012159999,N/A,N/A,N/A,92847.01,101476.81,110886.98,Short-to-Medium Term (2–8 weeks)
AVROIND,STRONG SELL,-6,8.94,24.15,-0.0551,9.62,10.24,8.94,7.29,9.76,2.01,Consumer Cyclical,1200834048,298.33334,0.03,0.05268,19.736,-28.96 %,20.0 %,6.73,8.74,11.33,Short-to-Medium Term (2–8 weeks)
DELPHIFX,STRONG SELL,-7,7.06,26.71,-0.0752,7.86,8.69,7.06,5.62,7.78,2.0,Financial Services,1660462848,42.3125,0.16,0.01635,134.635,-38.89 %,16.7 %,4.92,6.71,9.15,Short-to-Medium Term (2–8 weeks)
EMMBI,STRONG SELL,-6,87.45,42.97,-0.6493,91.21,89.02,87.45,74.76,93.8,2.0,Consumer Cyclical,1690640768,21.43171,4.1,0.04093,88.654,-12.28 %,40.0 %,66.37,85.72,110.65,Short-to-Medium Term (2–8 weeks)
CINELINE,HOLD,1,82.29,50.37,0.6779,79.68,79.49,82.29,69.66,88.61,2.0,Communication Services,2775238144,22.434902,3.61,N/A,77.936,-48.67 %,0.0 %,63.37,79.49,99.66,Monitor weekly; re-evaluate on next earnings or macro event
RUBFILA,STRONG SELL,-7,72.34,41.81,-0.1519,73.55,74.17,72.34,64.24,76.39,2.0,Basic Materials,3910518016,14.326043,5.03,0.08805,0.326,-19.35 %,25.0 %,58.47,70.69,85.43,Short-to-Medium Term (2–8 weeks)
MGEL,HOLD,-1,16.43,44.03,-0.0938,16.53,15.73,16.43,14.06,17.61,2.01,Consumer Defensive,5401415680,11.963503,1.37,0.20118,86.568,-26.52 %,16.7 %,12.54,16.49,21.68,Monitor weekly; re-evaluate on next earnings or macro event
EUROBOND,STRONG SELL,-7,158.99,36.24,-0.3221,165.75,173.44,158.99,134.93,171.02,2.0,Industrials,3868060160,14.564576,10.84,0.18114,100.859,20.42 %,33.3 %,125.95,155.8,192.63,Short-to-Medium Term (2–8 weeks)
IVC,HOLD,-1,8.27,60.32,-0.0049,8.21,8.13,8.27,7.58,8.62,1.97,Financial Services,2581349120,13.4754095,0.61,0.021879999,N/A,-17.96 %,0.0 %,6.62,7.91,9.45,Monitor weekly; re-evaluate on next earnings or macro event
CIFL,STRONG SELL,-6,20.12,20.57,-0.1366,21.92,23.53,20.12,16.67,21.85,1.99,Financial Services,7891515904,20.18,1.0,0.04757,139.224,-34.38 %,0.0 %,15.24,18.92,23.49,Short-to-Medium Term (2–8 weeks)
DCG,SELL,-4,53.55,72.68,0.5602,52.04,57.0,53.55,48.45,56.1,2.0,Unknown,2534591488,N/A,N/A,N/A,N/A,-36.21 %,0.0 %,38.56,50.22,65.38,Exit / Avoid new positions
LAGNAM,HOLD,1,90.38,77.43,0.8991,83.48,81.53,90.38,75.14,98.0,2.0,Consumer Cyclical,1581552256,10.996314,8.14,0.11233,264.432,-33.06 %,0.0 %,67.21,86.66,111.67,Monitor weekly; re-evaluate on next earnings or macro event
UNIENTER,STRONG SELL,-6,97.64,22.75,-1.117,104.96,105.98,97.64,83.93,104.5,2.0,Basic Materials,6719520256,32.42282,2.98,0.00798,N/A,-34.23 %,14.3 %,77.54,94.1,114.14,Short-to-Medium Term (2–8 weeks)
NECLIFE,STRONG SELL,-6,10.41,22.45,-0.058,11.05,11.56,10.41,9.24,11.0,1.98,Healthcare,1977576832,N/A,-2.62,-0.07455,N/A,-41.71 %,0.0 %,7.09,9.66,13.14,Short-to-Medium Term (2–8 weeks)
BBTCL,HOLD,0,219.33,52.78,-0.0625,216.58,213.51,219.33,191.85,233.07,2.0,Consumer Cyclical,4451554304,21.552135,10.07,0.16374001,192.896,0.82 %,33.3 %,175.22,216.63,267.7,Monitor weekly; re-evaluate on next earnings or macro event
TRU,STRONG SELL,-7,4.91,16.09,-0.0125,5.16,5.52,4.91,4.13,5.3,2.0,Financial Services,557462208,N/A,-9.48,-1.05707,649.526,5.26 %,50.0 %,3.24,4.25,5.57,Short-to-Medium Term (2–8 weeks)
CSLFINANCE,STRONG SELL,-9,217.24,46.58,-0.2456,220.09,225.22,217.24,196.12,227.8,2.0,Financial Services,4821316608,5.7173333,37.5,0.14805001,137.666,-7.77 %,0.0 %,163.26,205.1,257.55,Short-to-Medium Term (2–8 weeks)
PRAXIS,STRONG SELL,-6,7.03,31.11,-0.0891,7.58,7.53,7.03,5.95,7.57,2.0,Consumer Cyclical,1293252992,N/A,-4.03,N/A,N/A,-37.72 %,0.0 %,5.13,6.67,8.67,Short-to-Medium Term (2–8 weeks)
TRANSWORLD,SELL,-2,163.89,58.86,0.4144,160.68,164.5,163.89,145.95,172.86,2.0,Industrials,3537797376,N/A,-34.19,N/A,44.768,-6.69 %,33.3 %,117.08,154.28,203.17,Exit / Avoid new positions
JISLDVREQS,STRONG SELL,-8,21.92,31.6,-0.1666,22.85,23.18,21.92,19.04,23.36,2.0,Industrials,16137226240,N/A,-0.34,-0.0068,71.789,-4.16 %,33.3 %,16.36,20.92,26.74,Short-to-Medium Term (2–8 weeks)
POLYSIL,SELL,-4,112.5,43.27,0.0882,120.48,131.64,112.5,89.13,124.19,2.0,Unknown,368585440,N/A,N/A,N/A,N/A,883.72 %,100.0 %,93.86,120.17,153.77,Exit / Avoid new positions
NIFTYQLITY,BUY,2,21.34,59.24,0.0371,20.95,20.92,21.34,22.39,20.82,2.02,Unknown,N/A,28.462582,N/A,N/A,N/A,-6.52 %,20.0 %,19.51,21.21,23.06,Medium-to-Long Term (1–6 months)
AVONMORE,STRONG SELL,-6,9.29,18.58,-0.0341,9.89,10.36,9.29,8.09,9.89,2.0,Financial Services,2581990144,32.67857,0.28,0.0438,4.926,-44.73 %,20.0 %,6.79,8.94,11.76,Short-to-Medium Term (2–8 weeks)
OSIAHYPER,SELL,-2,2.96,26.56,0.0118,3.11,3.34,2.96,2.45,3.21,2.04,Consumer Cyclical,483847296,2.1459854,1.37,N/A,39.501,-39.46 %,0.0 %,1.95,2.59,3.43,Exit / Avoid new positions
PTL,STRONG SELL,-6,39.42,13.57,-0.1727,40.64,40.51,39.42,36.84,40.71,2.0,Real Estate,5197121024,11.249283,3.49,0.054530002,0.642,-23.6 %,0.0 %,34.61,39.07,44.09,Short-to-Medium Term (2–8 weeks)
OMFREIGHT,SELL,-3,91.9,35.58,-0.7614,96.0,89.65,91.9,78.79,98.46,2.0,Industrials,3014288640,18.267347,4.9,0.0842,24.333,-8.66 %,0.0 %,71.93,92.24,118.23,Exit / Avoid new positions
KALYANIFRG,STRONG SELL,-7,604.0,26.81,-2.2236,615.89,611.94,604.0,530.35,640.83,2.0,Consumer Cyclical,2206447104,23.682156,25.61,0.100600004,110.547,-14.0 %,20.0 %,486.57,603.47,748.1,Short-to-Medium Term (2–8 weeks)
BLBLIMITED,BUY,4,16.11,42.77,0.0106,16.07,16.09,16.11,18.84,14.74,1.99,Financial Services,837914304,2.515873,6.3,0.29271,1.655,-39.62 %,33.3 %,12.44,15.88,20.27,Medium-to-Long Term (1–6 months)
CLEDUCATE,SELL,-3,57.86,56.5,-0.0573,57.0,52.68,57.86,49.85,61.87,2.0,Consumer Defensive,3047386624,N/A,-3.98,-0.08287,108.961,-59.45 %,0.0 %,41.72,55.81,74.62,Exit / Avoid new positions
MONEYBOXX,SELL,-3,59.01,37.56,0.087,61.16,66.69,59.01,46.89,65.07,2.0,Financial Services,4143175936,296.75,0.2,0.00482,228.031,5.27 %,100.0 %,43.68,55.95,71.62,Exit / Avoid new positions
HOACFOODS,BUY,3,722.05,58.56,-0.2205,702.09,646.24,722.05,774.22,695.96,2.0,Unknown,563030272,N/A,N/A,N/A,N/A,64.13 %,66.7 %,599.55,785.46,1028.4,Medium-to-Long Term (1–6 months)
UCAL,SELL,-3,117.67,53.2,-0.8973,118.38,108.25,117.67,103.33,124.84,2.0,Consumer Cyclical,2575573760,N/A,-14.92,-0.09788,56.888,-22.32 %,16.7 %,91.26,114.48,143.54,Exit / Avoid new positions
GROWWPSE,SELL,-2,99.91,55.28,0.173,99.81,101.16,99.91,94.75,102.49,2.0,Unknown,N/A,10.369617,N/A,N/A,N/A,-6.5 %,0.0 %,90.01,98.6,108.0,Exit / Avoid new positions
AUSOMENT,HOLD,1,133.15,82.62,1.1985,123.05,122.63,133.15,114.13,142.66,2.0,Financial Services,1883728640,9.669231,14.3,0.12807,5.493,-3.96 %,16.7 %,102.12,134.75,177.68,Monitor weekly; re-evaluate on next earnings or macro event
TIGERLOGS,STRONG SELL,-7,31.85,25.52,-0.1504,33.15,34.53,31.85,28.37,33.59,2.0,Industrials,3291219200,15.185366,2.05,0.20673001,34.408,-2.55 %,0.0 %,21.85,29.51,39.85,Short-to-Medium Term (2–8 weeks)
SBISMLETF,STRONG SELL,-8,17.85,45.08,-0.0551,17.93,,17.85,17.04,18.26,1.98,Unknown,N/A,28.440798,N/A,N/A,N/A,N/A,N/A,17.07,18.47,19.98,Short-to-Medium Term (2–8 weeks)
VISACHROME,STRONG SELL,-6,37.97,37.44,-0.1374,40.03,43.82,37.97,33.44,40.23,2.0,Basic Materials,5518132736,0.44088525,85.85,N/A,N/A,-13.56 %,50.0 %,29.91,38.86,50.46,Short-to-Medium Term (2–8 weeks)
KRITI,STRONG SELL,-7,64.64,34.23,-0.3432,68.38,70.59,64.64,55.79,69.06,2.0,Industrials,3452115200,311.9524,0.21,0.00533,40.997,0.84 %,25.0 %,44.78,59.33,78.56,Short-to-Medium Term (2–8 weeks)
KHADIM,STRONG SELL,-6,93.71,25.07,-0.8757,101.08,103.05,93.71,79.01,101.06,2.0,Consumer Cyclical,1743373312,56.130177,1.69,0.01482,149.29,-36.37 %,0.0 %,66.34,85.13,109.19,Short-to-Medium Term (2–8 weeks)
RUDRA,SELL,-3,17.68,54.57,0.0273,17.14,17.83,17.68,15.79,18.62,2.01,Basic Materials,1768058240,13.051852,1.35,0.10261,97.147,-20.54 %,0.0 %,12.09,16.04,21.26,Exit / Avoid new positions
MITTAL,STRONG SELL,-7,0.91,36.36,-0.0013,0.94,0.98,0.91,0.82,0.96,1.8,Consumer Cyclical,399510688,18.0,0.05,0.03756,29.486,-26.44 %,20.0 %,0.66,0.86,1.11,Short-to-Medium Term (2–8 weeks)
HEXATRADEX,STRONG SELL,-8,157.23,48.0,-0.1343,158.22,160.92,157.23,140.4,165.64,2.0,Financial Services,8777278464,N/A,-1.57,-0.0019200001,0.187,-25.72 %,20.0 %,126.04,153.92,187.89,Short-to-Medium Term (2–8 weeks)
VMSTMT,STRONG SELL,-7,44.02,10.98,-0.1935,45.61,45.89,44.02,39.31,46.38,2.0,Basic Materials,2134638208,8.688889,4.95,0.13961,101.226,-7.29 %,0.0 %,31.05,38.86,48.6,Short-to-Medium Term (2–8 weeks)
JAYSREETEA,STRONG SELL,-6,80.53,29.14,-0.2521,83.26,84.9,80.53,71.98,84.81,2.0,Consumer Defensive,2337632512,N/A,-8.68,-0.061479997,105.877,-17.53 %,25.0 %,63.24,77.85,95.8,Short-to-Medium Term (2–8 weeks)
DPSCLTD,SELL,-2,7.17,29.85,0.0074,7.38,7.73,7.17,6.21,7.65,2.0,Utilities,7137878016,91.625,0.08,0.014479999,14.229,-26.69 %,0.0 %,5.43,6.66,8.18,Exit / Avoid new positions
SRIVASAVI,HOLD,0,82.2,50.25,-1.4059,82.03,66.98,82.2,70.59,88.0,2.0,Unknown,1516635904,N/A,N/A,N/A,N/A,-27.46 %,40.0 %,58.52,80.11,109.6,Monitor weekly; re-evaluate on next earnings or macro event
SAIFL,SELL,-4,5.1,40.0,0.0291,5.12,5.29,5.1,4.62,5.34,2.0,Unknown,4778807296,N/A,N/A,N/A,N/A,-85.09 %,0.0 %,2.19,4.23,8.13,Exit / Avoid new positions
CENTEXT,STRONG SELL,-5,18.7,49.72,0.0198,18.99,19.5,18.7,16.54,19.78,2.0,Basic Materials,1491200000,13.605839,1.37,0.13227001,82.304,-18.46 %,25.0 %,13.74,18.14,23.95,Short-to-Medium Term (2–8 weeks)
SHREYANIND,HOLD,-1,143.0,47.88,0.676,138.1,140.93,143.0,126.77,151.12,2.0,Basic Materials,1956588544,30.241453,4.68,0.01516,14.387,-11.85 %,25.0 %,111.49,135.96,165.72,Monitor weekly; re-evaluate on next earnings or macro event
AMEYA,SELL,-4,107.85,32.63,-1.0284,111.47,109.0,107.85,99.09,112.23,2.0,Unknown,908625024,N/A,N/A,N/A,N/A,-21.89 %,40.0 %,84.95,105.64,131.32,Exit / Avoid new positions
BEDMUTHA,HOLD,-1,112.18,58.91,0.2486,108.51,109.34,112.18,103.42,116.56,2.0,Basic Materials,3495469056,53.900497,2.01,0.043759998,136.977,-24.69 %,0.0 %,86.39,107.1,132.73,Monitor weekly; re-evaluate on next earnings or macro event
JKIPL,STRONG SELL,-6,96.88,43.14,-0.294,98.75,98.33,96.88,82.33,104.16,2.0,Industrials,3752615424,31.03492,3.15,0.086330004,49.72,N/A,N/A,66.2,92.76,129.88,Short-to-Medium Term (2–8 weeks)
INDTERRAIN,STRONG SELL,-7,29.21,20.04,-0.2267,30.98,31.91,29.21,25.28,31.18,1.99,Consumer Cyclical,1433886464,N/A,-0.98,-0.02678,55.334,-33.52 %,16.7 %,21.54,27.48,35.02,Short-to-Medium Term (2–8 weeks)
SBIMIDMOM,STRONG SELL,-8,62.16,49.92,-0.1081,62.48,62.75,62.16,58.05,64.22,2.0,,N/A,N/A,N/A,N/A,N/A,-1.41 %,0.0 %,55.77,62.68,70.43,Short-to-Medium Term (2–8 weeks)
RHFL,STRONG SELL,-6,1.96,17.39,-0.0057,2.05,2.13,1.96,1.75,2.06,2.1,Financial Services,941735936,N/A,-0.08,N/A,N/A,-42.54 %,0.0 %,1.42,1.86,2.44,Short-to-Medium Term (2–8 weeks)
NILAINFRA,SELL,-2,7.39,44.29,0.0318,7.36,7.71,7.39,6.67,7.75,2.0,Real Estate,2922658048,11.777778,0.63,N/A,12.646,-3.37 %,33.3 %,5.52,7.07,9.03,Exit / Avoid new positions
LAL,SELL,-3,8.1,33.62,-0.1119,8.74,8.06,8.1,6.48,8.91,2.0,Consumer Cyclical,1411257600,32.68,0.25,0.08738,38.569,-47.91 %,0.0 %,5.82,7.55,9.78,Exit / Avoid new positions
SICAGEN,STRONG SELL,-7,50.94,40.14,-0.1729,52.08,53.6,50.94,45.0,53.91,2.0,Basic Materials,1951279744,10.789934,4.57,0.03692,32.125,-0.87 %,0.0 %,30.06,67.7,152.21,Short-to-Medium Term (2–8 weeks)
VASWANI,STRONG SELL,-7,52.68,35.5,-0.0499,53.81,55.46,52.68,47.94,55.05,2.0,Basic Materials,1732757632,40.08397,1.31,0.029509999,184.536,-41.4 %,25.0 %,38.67,52.28,70.63,Short-to-Medium Term (2–8 weeks)
CROWN,STRONG SELL,-5,112.51,46.54,0.2845,113.8,113.35,112.51,95.29,121.12,2.0,Industrials,1263524096,16.245312,6.93,N/A,74.87,-63.96 %,0.0 %,81.23,105.48,136.89,Short-to-Medium Term (2–8 weeks)
SHRADHA,HOLD,1,34.86,53.39,0.0412,34.49,34.6,34.86,24.6,39.99,2.0,Real Estate,2021162880,8.386862,4.11,0.11311,30.406,-17.14 %,25.0 %,25.28,33.74,44.99,Monitor weekly; re-evaluate on next earnings or macro event
ZENITHSTL,SELL,-3,5.72,54.17,0.0425,5.59,5.76,5.72,4.7,6.23,2.0,Basic Materials,786810880,18.433332,0.3,N/A,N/A,-13.89 %,50.0 %,4.27,5.46,6.97,Exit / Avoid new positions
TRIGYN,SELL,-4,53.41,55.28,0.0129,53.73,55.27,53.41,43.51,58.36,2.0,Technology,1659043328,70.9079,0.76,0.0030500002,1.288,-22.32 %,40.0 %,39.04,50.14,64.35,Exit / Avoid new positions
ABSL10BANK,SELL,-3,169.29,38.42,-0.9386,172.72,167.7,169.29,153.42,177.22,2.0,,N/A,N/A,N/A,N/A,N/A,N/A,N/A,143.22,164.54,188.98,Exit / Avoid new positions
MIDCAPADD,SELL,-4,22.94,48.94,-0.054,23.02,22.75,22.94,21.95,23.44,1.98,Unknown,N/A,27.552599,N/A,N/A,N/A,-1.69 %,0.0 %,19.2,22.98,27.5,Exit / Avoid new positions
TPHQ,STRONG SELL,-8,0.43,33.33,-0.002,0.45,0.48,0.43,0.34,0.47,2.25,Industrials,449450048,Infinity,0.0,N/A,1.018,-3.16 %,25.0 %,0.3,0.39,0.52,Short-to-Medium Term (2–8 weeks)
SONAMLTD,BUY,3,55.99,56.88,-0.0653,54.56,54.99,55.99,64.96,51.51,2.0,Consumer Cyclical,2228581376,30.420763,1.83,N/A,29.697,-10.77 %,33.3 %,42.16,55.47,72.92,Medium-to-Long Term (1–6 months)
IEML,SELL,-3,43.4,46.8,0.4775,42.67,45.02,43.4,37.55,46.32,2.0,Unknown,5031919616,N/A,N/A,N/A,N/A,-50.08 %,25.0 %,26.72,37.74,53.27,Exit / Avoid new positions
ALMONDZ,SELL,-4,12.98,30.71,0.0041,13.14,13.38,12.98,11.72,13.61,2.0,Financial Services,2196741120,7.7055216,1.63,0.10742,16.822,-53.5 %,0.0 %,9.31,12.19,15.96,Exit / Avoid new positions
AONENIFTY,SELL,-4,9.91,41.56,-0.0162,9.93,9.82,9.91,8.92,10.4,2.02,Unknown,N/A,21.437075,N/A,N/A,N/A,-2.45 %,33.3 %,9.27,9.88,10.53,Exit / Avoid new positions
ALUWIND,SELL,-2,51.7,74.85,0.781,46.13,48.47,51.7,43.24,55.93,2.0,Unknown,1562902784,N/A,N/A,N/A,N/A,41.06 %,75.0 %,39.33,50.78,65.54,Exit / Avoid new positions
BRNL,SELL,-4,17.59,31.6,0.0122,18.02,18.82,17.59,14.86,18.95,2.01,Industrials,1469964544,N/A,-7.05,-0.12433,81.271,-8.02 %,33.3 %,12.94,16.39,20.76,Exit / Avoid new positions
MOTOUR,SELL,-4,78.81,37.3,-0.4915,79.75,76.7,78.81,73.56,81.44,2.0,Unknown,N/A,43.572617,N/A,N/A,N/A,-4.41 %,0.0 %,69.29,77.47,86.6,Exit / Avoid new positions
INVENTURE,SELL,-4,0.91,41.67,0.0007,0.91,0.94,0.91,0.82,0.96,1.8,Financial Services,966000000,23.0,0.04,0.01402,13.28,-8.99 %,0.0 %,0.67,0.84,1.05,Exit / Avoid new positions
TICL,SELL,-2,9.26,25.86,0.0988,11.5,17.22,9.26,6.8,10.49,2.0,Industrials,1430649984,18.46,0.5,0.02488,113.682,-74.8 %,0.0 %,6.31,8.33,10.99,Exit / Avoid new positions
WOMANCART,STRONG SELL,-8,99.95,39.84,-0.0945,103.37,108.9,99.95,80.18,109.84,2.0,Unknown,1740787200,N/A,N/A,N/A,N/A,-44.28 %,20.0 %,68.04,92.42,125.47,Short-to-Medium Term (2–8 weeks)
MMWL,HOLD,1,13.72,58.31,0.0366,13.61,13.49,13.72,11.53,14.82,1.99,Communication Services,N/A,274.59998,0.05,0.0717,115.612,-1.55 %,0.0 %,10.75,15.38,21.98,Monitor weekly; re-evaluate on next earnings or macro event
TARAPUR,SELL,-4,17.74,44.33,0.0964,18.01,19.18,17.74,15.64,18.79,2.0,Industrials,333840224,N/A,-0.95,N/A,N/A,55.52 %,40.0 %,13.78,17.98,23.45,Exit / Avoid new positions
PANSARI,BUY,2,340.25,36.99,-2.8761,346.53,308.9,340.25,391.25,314.75,2.0,Real Estate,6156103680,30.951756,11.4,0.13791999,65.043,4.01 %,42.9 %,274.3,355.3,459.97,Medium-to-Long Term (1–6 months)
ATMASTCO,SELL,-4,156.6,46.91,0.0057,160.03,170.0,156.6,138.0,165.9,2.0,Unknown,7568815104,N/A,N/A,N/A,N/A,-17.62 %,60.0 %,111.58,149.16,199.27,Exit / Avoid new positions
KAMOPAINTS,STRONG SELL,-7,4.61,22.22,-0.0105,4.78,5.04,4.61,3.98,4.93,1.97,Basic Materials,1510110080,459.00003,0.01,0.00117,19.079,-27.83 %,0.0 %,3.1,4.02,5.2,Short-to-Medium Term (2–8 weeks)
DPWIRES,STRONG SELL,-5,167.86,21.65,-1.6952,178.71,181.57,167.86,149.47,177.06,2.0,Industrials,2569019392,14.601761,11.35,0.068330005,0.929,-50.44 %,0.0 %,122.94,157.45,201.54,Short-to-Medium Term (2–8 weeks)
VARDMNPOLY,STRONG SELL,-8,6.15,30.73,-0.0466,6.5,6.67,6.15,5.28,6.58,2.02,Consumer Cyclical,2941585920,35.82353,0.17,N/A,N/A,-28.64 %,20.0 %,4.47,5.96,7.94,Short-to-Medium Term (2–8 weeks)
KEYFINSERV,STRONG SELL,-8,259.08,36.35,-0.8879,263.71,260.79,259.08,222.0,277.62,2.0,Financial Services,1438919936,21.59482,11.97,0.047069997,2.866,-38.73 %,20.0 %,182.3,255.28,357.23,Short-to-Medium Term (2–8 weeks)
SAKHTISUG,SELL,-3,17.2,53.64,0.0702,16.98,17.37,17.2,15.61,18.0,1.99,Consumer Defensive,2006631680,7.1139245,2.37,N/A,315.597,-12.41 %,33.3 %,13.22,16.26,19.99,Exit / Avoid new positions
SPECTSTM,SELL,-2,63.2,72.76,0.3419,58.7,59.69,63.2,56.93,66.34,2.0,Unknown,2535621888,N/A,N/A,N/A,N/A,-21.9 %,16.7 %,43.79,60.6,83.81,Exit / Avoid new positions
NBIFIN,BUY,2,2222.4,66.63,8.9168,2074.94,1956.88,2222.4,2627.64,2019.78,2.0,Financial Services,6412024320,51.666668,42.0,0.00418,N/A,-7.77 %,40.0 %,1768.52,2201.34,2738.78,Medium-to-Long Term (1–6 months)
NATCAPSUQ,SELL,-3,147.84,51.11,0.9336,145.64,152.41,147.84,128.19,157.66,2.0,Healthcare,1528461440,N/A,-23.85,-0.10028,49.198,-33.37 %,25.0 %,108.06,140.39,182.3,Exit / Avoid new positions
QNIFTY,STRONG SELL,-5,264.2,40.53,-0.304,265.16,262.19,264.2,252.47,270.06,2.0,Unknown,N/A,21.446556,N/A,N/A,N/A,1.39 %,40.0 %,93.78,224.06,534.33,Short-to-Medium Term (2–8 weeks)
RPPINFRA,STRONG SELL,-8,62.15,40.72,-0.1232,63.58,64.95,62.15,54.5,65.97,2.0,Industrials,3103086848,41.72,1.5,0.013990001,19.714,-55.09 %,0.0 %,43.82,57.53,75.5,Short-to-Medium Term (2–8 weeks)
DICIND,STRONG SELL,-6,502.2,44.29,-0.9057,515.02,511.03,502.2,436.38,535.11,2.0,Basic Materials,4571589632,24.013983,20.74,N/A,0.954,-29.15 %,0.0 %,415.4,497.24,594.95,Short-to-Medium Term (2–8 weeks)
ENSER,SELL,-2,14.45,50.77,0.0747,13.86,14.95,14.45,11.63,15.86,2.0,Unknown,17850488832,N/A,N/A,N/A,N/A,-35.38 %,40.0 %,5.75,11.99,24.96,Exit / Avoid new positions
KIRANVYPAR,HOLD,-1,201.0,62.83,0.696,193.41,186.02,201.0,177.93,212.53,2.0,,N/A,N/A,N/A,0.00024000001,21.765,N/A,N/A,161.73,205.07,259.87,Monitor weekly; re-evaluate on next earnings or macro event
MANAKALUCO,STRONG SELL,-5,35.2,52.37,-0.0893,35.86,36.61,35.2,28.63,38.48,2.0,Basic Materials,2285172224,30.32174,1.15,0.054419998,169.359,-37.14 %,14.3 %,24.89,35.04,49.3,Short-to-Medium Term (2–8 weeks)
AMNPLST,SELL,-2,195.16,57.94,-0.9117,196.42,195.06,195.16,163.0,211.24,2.0,Basic Materials,10626563072,29.087349,6.64,0.13262,9.312,-13.46 %,50.0 %,144.64,188.23,244.82,Exit / Avoid new positions
SLONE,SELL,-4,128.3,61.33,1.2704,123.91,139.33,128.3,112.16,136.37,2.0,Unknown,843042048,N/A,N/A,N/A,N/A,-19.36 %,28.6 %,94.54,125.93,167.65,Exit / Avoid new positions
INSPIRISYS,SELL,-3,99.34,28.99,-0.0383,101.23,110.89,99.34,86.5,105.76,2.0,Technology,4019923968,10.343527,9.81,0.48961,82.297,6.5 %,40.0 %,74.82,95.6,122.07,Exit / Avoid new positions
SUTLEJTEX,HOLD,0,38.13,53.44,-0.0657,37.95,37.25,38.13,33.57,40.41,2.0,Consumer Cyclical,6308675072,N/A,-5.27,-0.10094,114.141,-33.41 %,40.0 %,28.82,36.6,46.45,Monitor weekly; re-evaluate on next earnings or macro event
SHEMAROO,HOLD,-1,118.97,45.2,-1.0298,124.23,118.53,118.97,99.26,128.82,2.0,Communication Services,3371788032,N/A,-65.99,N/A,112.907,-14.84 %,20.0 %,88.74,115.82,151.09,Monitor weekly; re-evaluate on next earnings or macro event
NEPHROCARE,STRONG SELL,-6,63.0,26.86,-0.227,66.77,70.33,63.0,51.72,68.64,2.0,Unknown,3871006720,N/A,N/A,N/A,N/A,-25.0 %,16.7 %,41.45,56.35,76.55,Short-to-Medium Term (2–8 weeks)
MASON,HOLD,0,125.25,55.8,0.1508,123.18,125.02,125.25,107.01,134.37,2.0,Unknown,2696499968,N/A,N/A,N/A,N/A,40.92 %,25.0 %,89.25,122.0,166.65,Monitor weekly; re-evaluate on next earnings or macro event
COMFINTE,HOLD,-1,5.4,28.75,0.0059,5.64,6.02,5.4,4.47,5.87,1.98,,N/A,N/A,N/A,-0.01569,10.439,N/A,N/A,3.65,4.64,5.9,Monitor weekly; re-evaluate on next earnings or macro event
AIRAN,STRONG SELL,-6,15.03,21.19,-0.0397,15.62,16.15,15.03,13.68,15.71,1.99,Technology,1871549440,16.096775,0.93,0.0769,0.621,-17.84 %,0.0 %,10.89,14.31,18.81,Short-to-Medium Term (2–8 weeks)
GROWWSC250,SELL,-4,10.24,46.36,-0.0407,10.33,10.06,10.24,9.34,10.69,2.0,Unknown,N/A,28.33159,N/A,N/A,N/A,N/A,N/A,9.25,10.25,11.36,Exit / Avoid new positions
HITECHGEAR,STRONG SELL,-6,577.8,6.51,-9.9445,640.7,608.67,577.8,507.96,612.72,2.0,Consumer Cyclical,10861061120,51.775784,11.15,N/A,N/A,-17.45 %,33.3 %,463.12,556.79,669.14,Short-to-Medium Term (2–8 weeks)
SAHLIBHFI,SELL,-4,78.2,44.35,-0.115,78.56,77.06,78.2,68.27,83.17,2.0,Financial Services,2464276480,12.643423,6.31,0.11943,32.614,-0.72 %,0.0 %,61.14,75.4,92.95,Exit / Avoid new positions
DONEAR,SELL,-3,86.18,52.78,0.2588,85.43,88.6,86.18,78.92,89.81,2.0,Consumer Cyclical,4385679872,10.100598,8.35,0.1698,154.25,-28.35 %,0.0 %,65.9,83.13,104.8,Exit / Avoid new positions
MOKSH,STRONG SELL,-6,10.29,12.04,-0.1164,11.47,11.77,10.29,8.85,11.01,2.0,Consumer Cyclical,857589440,8.191999,1.25,0.082150005,19.056,-36.48 %,14.3 %,7.51,9.87,12.96,Short-to-Medium Term (2–8 weeks)
KCEIL,HOLD,0,92.65,53.39,0.5025,89.74,90.92,92.65,79.9,99.03,2.0,Unknown,4047527936,N/A,N/A,N/A,N/A,3.04 %,33.3 %,63.03,84.54,113.32,Monitor weekly; re-evaluate on next earnings or macro event
MEGASTAR,BUY,2,338.4,36.72,-4.1472,356.78,331.2,338.4,395.97,309.61,2.0,Consumer Defensive,3761366528,40.51703,8.22,0.0946,127.734,-28.1 %,33.3 %,266.82,339.01,430.5,Medium-to-Long Term (1–6 months)
KRISHCA,SELL,-4,164.75,46.8,0.1239,168.97,175.16,164.75,146.24,174.0,2.0,Unknown,4841628160,N/A,N/A,N/A,N/A,-9.28 %,40.0 %,120.51,156.33,202.69,Exit / Avoid new positions
ADROITINFO,HOLD,1,9.15,52.35,0.034,9.05,9.07,9.15,7.74,9.86,1.99,Technology,541759360,11.397591,0.83,0.04334,34.111,-22.62 %,0.0 %,6.83,8.74,11.18,Monitor weekly; re-evaluate on next earnings or macro event
OSWALSEEDS,STRONG SELL,-7,10.1,31.47,-0.0515,10.63,10.94,10.1,8.87,10.71,2.02,Basic Materials,954032128,13.202532,0.79,0.15245,121.208,-50.5 %,0.0 %,7.39,9.44,12.06,Short-to-Medium Term (2–8 weeks)
KHFM,STRONG SELL,-7,47.8,22.79,-0.4147,51.83,57.25,47.8,39.88,51.76,2.0,Unknown,1608386688,N/A,N/A,N/A,N/A,-45.71 %,16.7 %,33.6,45.93,62.74,Short-to-Medium Term (2–8 weeks)
DENEERS,HOLD,1,190.35,58.98,1.5931,186.07,205.39,190.35,160.74,205.16,2.0,Unknown,1712673536,N/A,N/A,N/A,N/A,29.01 %,60.0 %,140.45,188.48,252.79,Monitor weekly; re-evaluate on next earnings or macro event
JFLLIFE,BUY,2,11.25,53.95,0.046,10.48,9.8,11.25,12.69,10.53,2.0,Unknown,1764621184,N/A,N/A,N/A,N/A,-50.66 %,0.0 %,6.2,10.05,16.27,Medium-to-Long Term (1–6 months)
SOFTTECH,SELL,-3,415.0,41.57,-1.483,426.25,428.98,415.0,371.5,436.75,2.0,Technology,5725108224,115.85435,3.57,0.0315,22.788,-0.01 %,50.0 %,328.18,416.58,528.51,Exit / Avoid new positions
RELIABLE,STRONG SELL,-5,139.22,39.27,-0.823,145.41,144.39,139.22,118.37,149.65,2.0,Technology,1413220864,20.530735,6.67,0.087299995,28.764,12.96 %,25.0 %,107.29,141.54,186.62,Short-to-Medium Term (2–8 weeks)
VISHNUINFR,STRONG SELL,-7,161.35,50.07,-0.0336,160.52,162.77,161.35,150.16,166.94,2.0,Unknown,5400592384,N/A,N/A,N/A,N/A,-12.66 %,33.3 %,118.12,156.2,206.43,Short-to-Medium Term (2–8 weeks)
FMCGADD,HOLD,1,49.81,45.08,0.0395,49.46,49.39,49.81,47.77,50.83,2.0,Unknown,N/A,33.51612,N/A,N/A,N/A,N/A,N/A,45.52,49.1,52.94,Monitor weekly; re-evaluate on next earnings or macro event
ZEAL,STRONG SELL,-6,63.0,19.78,-0.3435,65.84,67.31,63.0,59.16,64.92,2.0,Unknown,2522197760,N/A,N/A,N/A,N/A,-28.38 %,0.0 %,43.37,58.3,78.31,Short-to-Medium Term (2–8 weeks)
ARENTERP,HOLD,1,41.1,58.59,1.0462,37.05,37.49,41.1,27.39,47.95,2.0,Basic Materials,133460616,N/A,-0.57,-0.00833,N/A,-29.18 %,0.0 %,28.87,40.22,55.99,Monitor weekly; re-evaluate on next earnings or macro event
SBIETFPB,SELL,-3,279.71,38.87,-1.3986,285.0,279.3,279.71,259.97,289.58,2.0,Unknown,N/A,18.72634,N/A,N/A,N/A,-4.25 %,28.6 %,258.3,280.35,304.23,Exit / Avoid new positions
MCL,SELL,-4,53.33,33.95,0.095,54.09,57.41,53.33,47.78,56.1,2.0,Basic Materials,1429882752,30.988235,1.7,0.09359,82.894,-12.19 %,50.0 %,41.1,54.12,71.24,Exit / Avoid new positions
RADIOCITY,HOLD,1,6.58,74.78,0.062,6.1,6.13,6.58,5.77,6.99,1.98,Communication Services,2339952128,N/A,-1.21,N/A,5.308,-22.11 %,16.7 %,5.19,6.21,7.42,Monitor weekly; re-evaluate on next earnings or macro event
BAIDFIN,STRONG SELL,-6,9.86,21.62,-0.0362,10.12,10.12,9.86,8.3,10.64,2.0,Financial Services,1553527680,8.721739,1.15,0.07272,N/A,-24.76 %,16.7 %,7.5,9.49,12.01,Short-to-Medium Term (2–8 weeks)
BALAXI,HOLD,0,24.39,59.78,0.0864,24.01,24.14,24.39,21.96,25.61,1.99,Healthcare,1349271296,94.00001,0.26,0.0058899997,23.145,-23.04 %,0.0 %,17.14,21.99,28.2,Monitor weekly; re-evaluate on next earnings or macro event
SMALLADD,SELL,-4,17.94,48.91,-0.0707,18.01,17.55,17.94,16.95,18.44,1.98,Unknown,N/A,28.256184,N/A,N/A,N/A,N/A,N/A,16.13,18.19,20.5,Exit / Avoid new positions
S&SPOWER,STRONG SELL,-5,336.8,41.25,-0.0522,351.35,371.33,336.8,271.16,369.62,2.0,Industrials,4009152512,39.71271,8.18,0.12779,44.204,-38.36 %,14.3 %,254.34,332.5,434.41,Short-to-Medium Term (2–8 weeks)
PARTYCRUS,HOLD,1,89.95,59.19,0.9272,86.75,93.69,89.95,82.78,93.53,2.0,Unknown,1454986752,N/A,N/A,N/A,N/A,-9.59 %,33.3 %,67.57,87.78,113.96,Monitor weekly; re-evaluate on next earnings or macro event
SURYALA,STRONG SELL,-6,422.5,39.02,-1.8853,438.35,431.6,422.5,363.97,451.76,2.0,,N/A,N/A,N/A,N/A,28.581,N/A,N/A,341.66,451.85,597.21,Short-to-Medium Term (2–8 weeks)
MOINFRA,SELL,-3,60.57,24.72,-0.1617,61.89,62.22,60.57,59.34,61.19,1.98,Unknown,N/A,15.451853,N/A,N/A,N/A,-7.71 %,50.0 %,55.39,60.47,66.01,Exit / Avoid new positions
NDLVENTURE,HOLD,-1,121.16,19.45,-0.9985,129.67,129.77,121.16,111.68,125.9,2.0,Communication Services,4114671872,452.59256,0.27,0.01526,N/A,35.01 %,71.4 %,91.13,120.21,158.48,Monitor weekly; re-evaluate on next earnings or macro event
HGM,SELL,-4,52.4,57.12,0.1766,49.95,54.08,52.4,44.21,56.49,2.0,Technology,634534720,N/A,-2.42,-0.13713999,115.257,18.71 %,60.0 %,38.58,51.05,67.52,Exit / Avoid new positions
TCIFINANCE,STRONG SELL,-7,15.17,40.36,-0.0517,15.89,17.21,15.17,12.11,16.7,2.0,Financial Services,190384176,N/A,-1.39,N/A,N/A,-54.7 %,16.7 %,11.18,15.21,20.69,Short-to-Medium Term (2–8 weeks)
SMARTLINK,STRONG BUY,6,210.6,72.34,0.8707,193.12,175.88,210.6,241.14,195.33,2.0,Technology,2089961984,15.896813,13.18,0.06474,1.194,-25.69 %,0.0 %,162.19,205.09,259.21,Short-to-Medium Term (2–8 weeks)
MID150,SELL,-3,23.27,50.0,-0.0465,23.29,23.02,23.27,21.59,24.11,2.0,,N/A,N/A,N/A,N/A,N/A,-7.43 %,25.0 %,21.13,23.61,26.38,Exit / Avoid new positions
BALAJEE,STRONG SELL,-6,27.13,21.19,-0.1501,28.52,29.07,27.13,24.61,28.39,2.0,Consumer Cyclical,2173863168,19.74074,1.35,0.03599,66.475,-27.71 %,0.0 %,19.87,24.86,31.09,Short-to-Medium Term (2–8 weeks)
PRESSTONIC,SELL,-4,25.35,44.44,0.1959,26.28,29.65,25.35,21.21,27.42,2.0,Unknown,1029114304,N/A,N/A,N/A,N/A,-55.38 %,0.0 %,16.28,22.86,32.08,Exit / Avoid new positions
AAATECH,STRONG SELL,-8,91.4,36.1,-0.4232,94.11,94.42,91.4,82.7,95.75,2.0,Technology,1160440576,56.192547,1.61,0.06677,N/A,-53.02 %,14.3 %,70.0,89.95,115.51,Short-to-Medium Term (2–8 weeks)
AMDIND,BUY,3,47.57,53.37,0.3582,46.19,46.27,47.57,56.24,43.23,2.0,Consumer Cyclical,904478784,N/A,-2.26,-0.02799,51.225,-10.72 %,50.0 %,35.34,46.11,60.12,Medium-to-Long Term (1–6 months)
BANKPSU,STRONG SELL,-8,84.28,51.24,-0.0633,84.7,84.51,84.28,79.24,86.8,2.0,Unknown,N/A,7.8813076,N/A,N/A,N/A,11.46 %,66.7 %,74.97,85.29,97.0,Short-to-Medium Term (2–8 weeks)
INFINIUM,STRONG SELL,-8,206.1,41.94,-0.2309,208.68,208.37,206.1,190.56,213.87,2.0,Unknown,3474256640,N/A,N/A,N/A,N/A,-19.92 %,20.0 %,164.77,204.33,253.27,Short-to-Medium Term (2–8 weeks)
RAJPALAYAM,STRONG SELL,-8,810.75,45.54,-3.1557,823.99,821.6,810.75,725.79,853.23,2.0,Unknown,N/A,6.5214415,N/A,N/A,N/A,N/A,N/A,464.53,1171.78,2949.8,Short-to-Medium Term (2–8 weeks)
MANGALAM,SELL,-4,27.42,44.54,0.0124,27.64,28.5,27.42,23.91,29.18,1.99,Healthcare,434643680,N/A,-28.05,-0.35233003,109.406,-45.98 %,20.0 %,19.33,25.0,32.31,Exit / Avoid new positions
OSWALAGRO,STRONG SELL,-7,38.77,29.25,-0.1979,40.32,42.48,38.77,34.57,40.87,2.0,Real Estate,5150456832,N/A,-1.64,-0.02385,N/A,-23.57 %,20.0 %,28.49,38.08,50.87,Short-to-Medium Term (2–8 weeks)
VISHWARAJ,STRONG SELL,-7,5.25,26.32,-0.0095,5.36,5.51,5.25,4.77,5.49,2.0,Consumer Defensive,1134882304,N/A,-1.26,-0.105620004,166.266,-19.01 %,0.0 %,3.92,4.87,6.05,Short-to-Medium Term (2–8 weeks)
SUNDARAM,STRONG SELL,-5,1.28,47.62,0.0045,1.28,1.33,1.28,1.16,1.34,2.0,Basic Materials,606563520,18.285713,0.07,0.03568,23.312,-12.81 %,0.0 %,1.0,1.2,1.45,Short-to-Medium Term (2–8 weeks)
AMBALALSA,SELL,-4,31.59,47.14,0.1296,31.7,32.56,31.59,27.66,33.55,2.01,Healthcare,2379463680,13.383621,2.32,0.11935,35.696,N/A,N/A,23.91,30.62,39.19,Exit / Avoid new positions
BCONCEPTS,STRONG SELL,-6,192.19,47.85,-1.2069,196.56,192.04,192.19,154.54,211.01,2.0,Consumer Cyclical,2336357632,217.65115,0.86,0.01337,219.532,-35.53 %,0.0 %,133.35,177.66,236.54,Short-to-Medium Term (2–8 weeks)
RADAAN,STRONG SELL,-7,2.79,42.42,-0.0094,2.94,3.02,2.79,2.37,3.0,2.0,Communication Services,171150464,N/A,-1.01,N/A,N/A,-1.96 %,40.0 %,2.19,2.79,3.54,Short-to-Medium Term (2–8 weeks)
BANG,SELL,-4,28.06,38.47,0.1045,29.16,32.7,28.06,24.28,29.95,2.0,Consumer Cyclical,395816416,6.649203,4.39,N/A,44.214,-13.75 %,60.0 %,20.32,26.93,35.65,Exit / Avoid new positions
LATTEYS,SELL,-4,20.0,44.86,0.0423,20.47,21.79,20.0,17.09,21.45,2.01,Industrials,1147616640,32.193546,0.62,0.16111,91.364,-8.12 %,50.0 %,14.83,19.71,26.16,Exit / Avoid new positions
BSL,STRONG SELL,-7,124.95,26.29,-0.4599,128.1,127.05,124.95,114.21,130.32,2.0,Consumer Cyclical,1298665728,54.62338,2.31,0.01987,366.348,-23.02 %,20.0 %,92.22,120.24,156.67,Short-to-Medium Term (2–8 weeks)
SETCO,SELL,-3,18.0,63.06,0.154,17.66,19.34,18.0,15.96,19.02,2.0,Consumer Cyclical,2400534528,N/A,-10.32,N/A,N/A,-7.27 %,42.9 %,13.04,18.22,25.43,Exit / Avoid new positions
NEXT50ADD,SELL,-3,72.74,51.54,-0.0431,72.38,71.61,72.74,69.71,74.25,2.01,Unknown,N/A,19.569807,N/A,N/A,N/A,N/A,N/A,59.87,73.21,89.49,Exit / Avoid new positions
UWCSL,STRONG SELL,-6,95.95,2.46,-0.7144,99.62,99.14,95.95,94.63,96.61,2.0,Unknown,462857632,N/A,N/A,N/A,N/A,-15.51 %,50.0 %,78.49,94.28,113.2,Short-to-Medium Term (2–8 weeks)
SILINV,STRONG SELL,-8,416.8,46.09,-0.2675,420.84,422.93,416.8,371.8,439.3,2.0,Financial Services,4389335040,11.610146,35.68,0.01307,N/A,-10.54 %,40.0 %,327.78,405.58,501.61,Short-to-Medium Term (2–8 weeks)
BANK10ADD,SELL,-3,16.89,34.78,-0.1002,17.27,16.82,16.89,16.02,17.32,2.02,Unknown,N/A,16.794933,N/A,N/A,N/A,N/A,N/A,14.55,16.86,19.53,Exit / Avoid new positions
MOXSH,HOLD,0,106.0,42.11,0.1491,109.87,114.84,106.0,99.43,109.28,2.0,Unknown,1478928000,N/A,N/A,N/A,N/A,126.5 %,100.0 %,58.46,101.38,175.58,Monitor weekly; re-evaluate on next earnings or macro event
DAICHI,SELL,-3,302.5,33.83,-3.9093,314.92,284.72,302.5,257.41,325.05,2.0,,N/A,N/A,N/A,-0.00397,7.041,N/A,N/A,259.01,324.49,406.32,Exit / Avoid new positions
AMJLAND,STRONG SELL,-5,37.68,39.24,-0.0073,37.73,37.67,37.68,33.03,40.01,2.0,Real Estate,1550210048,10.473685,3.61,0.0692,N/A,0.28 %,66.7 %,28.86,36.55,46.26,Short-to-Medium Term (2–8 weeks)
THEINVEST,STRONG SELL,-9,96.4,53.3,-0.0221,97.22,97.71,96.4,87.01,101.09,2.0,Financial Services,5016819712,16.671875,5.76,0.04665,7.607,-7.31 %,20.0 %,72.25,92.06,117.24,Short-to-Medium Term (2–8 weeks)
KANCHI,HOLD,1,370.9,51.5,0.2572,364.72,368.94,370.9,335.35,388.67,2.0,,N/A,N/A,N/A,0.02441,0.176,-0.18 %,0.0 %,274.45,355.67,460.67,Monitor weekly; re-evaluate on next earnings or macro event
GRAPHISAD,SELL,-3,29.0,59.26,0.3206,28.31,29.87,29.0,25.97,30.52,1.99,Unknown,975965120,N/A,N/A,N/A,N/A,-31.21 %,14.3 %,21.42,27.79,36.03,Exit / Avoid new positions
DYNAMIC,HOLD,-1,140.6,12.18,-3.2536,159.28,154.06,140.6,125.3,148.25,2.0,Unknown,6451039744,N/A,N/A,N/A,N/A,-9.3 %,25.0 %,101.28,134.3,177.96,Monitor weekly; re-evaluate on next earnings or macro event
MANUFGBEES,HOLD,-1,160.99,50.45,-0.0455,160.07,159.07,160.99,155.44,163.77,2.0,,N/A,N/A,N/A,N/A,N/A,-11.58 %,0.0 %,150.42,163.27,177.2,Monitor weekly; re-evaluate on next earnings or macro event
ALBERTDAVD,STRONG SELL,-7,684.25,36.77,-0.9653,699.79,705.98,684.25,633.94,709.4,2.0,Healthcare,3918822912,N/A,-2.6,-0.0038100001,7.555,-26.06 %,0.0 %,534.34,653.61,799.14,Short-to-Medium Term (2–8 weeks)
SHIVATEX,SELL,-2,154.75,65.37,0.8838,149.42,152.3,154.75,131.02,166.62,2.0,Consumer Cyclical,2097006848,19.36929,7.88,0.0727,50.435,-17.23 %,33.3 %,118.27,151.65,194.32,Exit / Avoid new positions
CHEMFAB,SELL,-4,377.0,47.78,1.4275,368.83,383.71,377.0,314.03,408.49,2.0,Basic Materials,5416010752,N/A,-2.38,-0.00907,33.498,-27.63 %,0.0 %,280.49,355.7,450.83,Exit / Avoid new positions
ROLLT,SELL,-4,2.22,31.25,-0.0278,2.36,2.47,2.22,1.77,2.45,1.96,Real Estate,562792512,3.3088236,0.68,N/A,121.05,31.01 %,60.0 %,1.58,2.14,2.9,Exit / Avoid new positions
NETF,SELL,-4,260.41,39.3,-0.4913,261.81,258.92,260.41,242.71,269.26,2.0,Unknown,N/A,21.324167,N/A,N/A,N/A,2.75 %,20.0 %,242.68,259.7,277.88,Exit / Avoid new positions
BROOKS,STRONG SELL,-5,63.95,15.18,-1.0745,69.86,66.87,63.95,54.26,68.8,2.0,Healthcare,1848442368,7.51497,8.35,0.22272,6.944,-21.83 %,42.9 %,44.89,62.03,85.64,Short-to-Medium Term (2–8 weeks)
BIMETAL,STRONG SELL,-5,650.8,45.22,-4.9873,667.13,638.95,650.8,551.38,700.51,2.0,Consumer Cyclical,2440923904,20.820557,30.65,0.05156,1.604,N/A,N/A,535.29,737.96,1016.64,Short-to-Medium Term (2–8 weeks)
ARCHIDPLY,HOLD,1,81.45,55.47,0.1365,80.85,80.35,81.45,70.11,87.12,2.0,Basic Materials,1661446528,20.661692,4.02,0.07393,163.098,-5.24 %,33.3 %,62.36,79.96,102.46,Monitor weekly; re-evaluate on next earnings or macro event
EMMIL,STRONG SELL,-7,119.95,33.72,-1.3127,131.97,130.95,119.95,105.49,127.18,2.0,Unknown,3913305856,N/A,N/A,N/A,N/A,-45.5 %,20.0 %,84.43,111.3,146.64,Short-to-Medium Term (2–8 weeks)
JMA,SELL,-3,88.88,42.36,-0.0644,88.78,89.79,88.88,79.19,93.72,2.0,Consumer Cyclical,1987628416,6.6887007,13.01,N/A,N/A,-26.02 %,0.0 %,71.94,87.45,106.27,Exit / Avoid new positions
MUKTAARTS,SELL,-4,58.5,64.2,0.7154,54.79,59.29,58.5,50.58,62.46,2.0,Communication Services,1314232704,N/A,-3.69,N/A,N/A,-17.79 %,20.0 %,43.63,57.38,75.4,Exit / Avoid new positions
BSHSL,SELL,-2,86.12,30.77,0.0713,88.16,91.98,86.12,75.47,91.45,2.0,Basic Materials,9071827968,34.03543,2.54,0.22619,82.638,-8.61 %,40.0 %,63.86,81.33,103.52,Exit / Avoid new positions
DHANLAXMI,SELL,-3,25.4,45.61,0.1408,25.1,28.14,25.4,22.73,26.73,2.01,Consumer Defensive,898040000,8.396946,6.55,N/A,22.006,1.88 %,50.0 %,16.33,22.55,31.12,Exit / Avoid new positions
CONSUMAXIS,SELL,-2,122.17,49.82,-0.0268,120.65,118.22,122.17,116.77,124.87,2.0,Unknown,N/A,36.670364,N/A,N/A,N/A,-3.79 %,25.0 %,112.77,122.04,132.05,Exit / Avoid new positions
NIFTYADD,SELL,-4,252.93,41.71,-0.4203,253.51,250.5,252.93,244.23,257.28,2.0,,N/A,N/A,N/A,N/A,N/A,1.35 %,50.0 %,235.7,252.29,270.0,Exit / Avoid new positions
NOVAAGRI,SELL,-4,23.17,34.02,0.0658,23.72,25.65,23.17,19.84,24.84,1.99,Basic Materials,2065954816,16.161972,1.42,0.056760002,21.663,-6.47 %,33.3 %,16.8,21.33,27.08,Exit / Avoid new positions
CALSOFT,STRONG SELL,-5,21.77,53.81,-0.1098,22.1,21.99,21.77,18.11,23.6,2.0,Technology,1337967104,9.130802,2.37,N/A,3.905,-26.68 %,0.0 %,15.25,21.88,31.36,Short-to-Medium Term (2–8 weeks)
CAPTRUST,HOLD,0,15.38,75.09,0.2999,13.38,13.39,15.38,13.19,16.48,1.99,Financial Services,533200160,N/A,-18.4,-0.63528,65.243,-65.82 %,0.0 %,9.46,13.32,18.73,Monitor weekly; re-evaluate on next earnings or macro event
PAR,HOLD,-1,94.35,53.14,-0.1317,93.99,91.48,94.35,74.28,104.38,2.0,Healthcare,1173493120,8.95493,10.65,0.124280006,N/A,-56.97 %,0.0 %,67.14,88.4,116.33,Monitor weekly; re-evaluate on next earnings or macro event
SURANAT&P,STRONG SELL,-8,18.12,32.54,-0.0564,18.63,18.57,18.12,16.44,18.96,2.0,Utilities,2453182464,11.364779,1.59,0.11896,34.438,-29.39 %,0.0 %,14.13,17.68,22.1,Short-to-Medium Term (2–8 weeks)
DIVIDEND,HOLD,0,35.48,58.03,0.0699,35.01,35.39,35.48,34.28,36.08,2.0,Unknown,N/A,10.903277,N/A,N/A,N/A,-4.32 %,0.0 %,32.22,35.13,38.29,Monitor weekly; re-evaluate on next earnings or macro event
SOMICONVEY,STRONG SELL,-8,97.22,30.82,-0.1883,100.03,101.15,97.22,85.07,103.3,2.0,Industrials,1178972288,22.70726,4.27,0.06364,16.566,-28.09 %,20.0 %,68.87,92.32,123.69,Short-to-Medium Term (2–8 weeks)
GIRIRAJ,STRONG SELL,-6,81.5,14.58,-4.033,117.83,133.61,81.5,59.27,92.61,2.0,Unknown,8616164352,N/A,N/A,N/A,N/A,-77.17 %,25.0 %,54.12,74.04,101.21,Short-to-Medium Term (2–8 weeks)
RSSOFTWARE,STRONG SELL,-5,32.09,29.19,-0.3198,33.91,33.63,32.09,30.02,33.12,2.01,Technology,808000320,N/A,-12.38,-0.82664,62.438,-21.99 %,50.0 %,21.33,28.02,36.78,Short-to-Medium Term (2–8 weeks)
NIFTYBETF,SELL,-4,246.98,40.99,-0.406,247.57,244.83,246.98,237.95,251.49,2.0,Unknown,N/A,21.394114,N/A,N/A,N/A,-4.14 %,0.0 %,231.23,248.57,267.16,Exit / Avoid new positions
CPS,BUY,4,1030.0,54.08,0.8837,1023.22,1011.03,1030.0,1115.5,987.25,2.0,Unknown,630611456,N/A,N/A,N/A,N/A,184.86 %,100.0 %,850.18,1104.24,1433.38,Medium-to-Long Term (1–6 months)
YASHOPTICS,STRONG SELL,-7,111.3,30.62,-0.591,116.78,122.23,111.3,101.73,116.08,2.0,Unknown,2436935168,N/A,N/A,N/A,N/A,40.68 %,40.0 %,89.94,111.41,137.94,Short-to-Medium Term (2–8 weeks)
KRITIKA,STRONG SELL,-7,5.52,36.84,-0.0067,5.66,5.87,5.52,4.83,5.86,2.03,Basic Materials,1448563200,23.652174,0.23,0.06346,54.516,-9.89 %,0.0 %,4.01,5.08,6.45,Short-to-Medium Term (2–8 weeks)
EMAMIREAL,SELL,-3,79.84,36.63,0.2868,80.51,84.43,79.84,69.16,85.18,2.0,Real Estate,4068529920,N/A,-43.47,N/A,N/A,-41.25 %,33.3 %,59.39,78.28,103.11,Exit / Avoid new positions
UNIDT,BUY,2,226.07,54.16,0.2381,222.5,228.21,226.07,257.3,210.45,2.0,Energy,4485366784,23.502129,9.4,0.069759995,1.153,-21.09 %,25.0 %,181.17,223.99,276.8,Medium-to-Long Term (1–6 months)
TOP15IETF,SELL,-3,9.9,52.87,-0.0045,9.84,9.71,9.9,9.6,10.05,2.0,Unknown,N/A,20.376446,N/A,N/A,N/A,-0.94 %,50.0 %,9.12,9.82,10.58,Exit / Avoid new positions
ANTGRAPHIC,STRONG SELL,-7,0.74,33.33,-0.0022,0.77,0.8,0.74,0.65,0.79,1.8,Consumer Cyclical,116257200,N/A,-0.03,N/A,65.28,2.87 %,50.0 %,0.54,0.7,0.9,Short-to-Medium Term (2–8 weeks)
AHLEAST,SELL,-4,143.95,51.37,0.6668,145.17,152.16,143.95,125.74,153.05,2.0,Consumer Cyclical,2456285440,N/A,-33.91,-0.27479,234.184,-8.23 %,66.7 %,118.73,143.56,173.51,Exit / Avoid new positions
RAJMET,STRONG SELL,-6,3.33,16.67,-0.0142,3.54,3.71,3.33,2.85,3.57,2.0,Basic Materials,912384000,N/A,-0.08,-0.0056800004,23.66,-17.06 %,0.0 %,2.49,3.04,3.72,Short-to-Medium Term (2–8 weeks)
MOALPHA50,SELL,-2,53.48,51.84,-0.0865,53.42,52.62,53.48,52.1,54.17,2.0,Unknown,N/A,22.878822,N/A,N/A,N/A,-9.3 %,0.0 %,48.6,53.81,59.57,Exit / Avoid new positions
MAL,STRONG SELL,-8,32.4,37.04,-0.0494,33.55,34.05,32.4,28.8,34.2,2.0,Unknown,1018294528,N/A,N/A,N/A,N/A,35.36 %,33.3 %,23.65,31.63,42.27,Short-to-Medium Term (2–8 weeks)
INNOVANA,SELL,-2,347.55,66.58,2.7416,327.67,328.18,347.55,294.27,374.19,2.0,Technology,6939694080,18.881393,17.79,0.14918,20.735,2.65 %,50.0 %,255.25,336.74,443.97,Exit / Avoid new positions
ARABIAN,SELL,-3,69.45,28.12,-0.1049,69.72,68.33,69.45,67.47,70.44,2.0,Unknown,899134656,N/A,N/A,N/A,N/A,-15.79 %,20.0 %,55.77,68.44,83.94,Exit / Avoid new positions
ORCHASP,STRONG SELL,-7,1.6,33.75,-0.0197,1.8,1.89,1.6,1.27,1.77,1.94,Technology,533495072,51.333332,0.03,0.00899,6.016,-28.36 %,0.0 %,1.09,1.48,2.01,Short-to-Medium Term (2–8 weeks)
DRCSYSTEMS,SELL,-4,13.58,43.01,0.0034,13.71,14.27,13.58,11.78,14.48,2.0,Technology,1914840832,9.492857,1.4,0.21816,0.371,-34.0 %,20.0 %,9.89,12.93,16.9,Exit / Avoid new positions
MCON,SELL,-2,46.2,67.74,0.3785,43.53,44.94,46.2,43.11,47.75,1.99,Unknown,1365776000,N/A,N/A,N/A,N/A,-60.67 %,14.3 %,31.56,42.13,56.22,Exit / Avoid new positions
PROV,BUY,4,1720.0,94.57,7.3775,1631.14,1584.78,1720.0,1794.04,1682.98,2.0,Unknown,3756893184,N/A,N/A,N/A,N/A,-9.08 %,25.0 %,1379.2,1737.19,2186.98,Medium-to-Long Term (1–6 months)
NAHARCAP,STRONG SELL,-6,244.53,43.58,-0.2205,248.51,251.56,244.53,218.88,257.36,2.0,Financial Services,4142834176,6.560329,37.71,0.03982,0.603,8.25 %,66.7 %,195.19,238.72,291.81,Short-to-Medium Term (2–8 weeks)
VIRINCHI,STRONG SELL,-8,15.49,44.08,-0.0074,15.83,16.16,15.49,13.18,16.64,2.01,Technology,1744710144,N/A,-2.52,-0.05727,56.699,-27.42 %,0.0 %,11.63,14.66,18.48,Short-to-Medium Term (2–8 weeks)
MICROPRO,BUY,3,19.95,51.19,0.0492,19.56,19.4,19.95,21.57,19.14,2.0,Unknown,608439488,N/A,N/A,N/A,N/A,-14.92 %,16.7 %,13.76,18.88,25.89,Medium-to-Long Term (1–6 months)
USK,STRONG SELL,-8,21.91,30.57,-0.044,22.44,23.02,21.91,19.0,23.37,1.99,Industrials,1206232192,66.030304,0.33,0.00978,44.985,-46.35 %,16.7 %,15.76,20.21,25.9,Short-to-Medium Term (2–8 weeks)
RELCHEMQ,STRONG SELL,-6,128.07,24.59,-0.6954,131.0,129.59,128.07,111.18,136.51,2.0,Consumer Cyclical,941134912,17.89957,6.97,0.03758,187.457,-0.32 %,50.0 %,100.03,122.67,150.35,Short-to-Medium Term (2–8 weeks)
UNIONGOLD,HOLD,1,140.65,51.46,0.5553,139.24,144.47,140.65,132.16,144.9,2.0,,N/A,N/A,N/A,N/A,N/A,41.44 %,50.0 %,123.4,146.16,173.06,Monitor weekly; re-evaluate on next earnings or macro event
IVP,SELL,-3,154.28,16.08,-1.2761,161.95,164.03,154.28,133.73,164.56,2.0,Basic Materials,1574858368,8.425966,18.1,0.12604,41.613,20.19 %,75.0 %,117.32,150.62,193.26,Exit / Avoid new positions
ISHANCH,STRONG SELL,-7,52.64,27.73,-0.0646,54.89,58.11,52.64,43.73,57.09,2.0,Basic Materials,1409553920,N/A,-3.0,-0.057789996,63.522,58.19 %,50.0 %,41.74,53.57,68.72,Short-to-Medium Term (2–8 weeks)
K2INFRA,STRONG SELL,-6,56.3,35.53,-0.4763,59.94,58.86,56.3,47.51,60.7,2.0,Unknown,3470058240,N/A,N/A,N/A,N/A,-25.48 %,25.0 %,36.74,50.79,70.14,Short-to-Medium Term (2–8 weeks)
PANACHE,SELL,-2,426.45,46.53,-3.8756,430.24,399.06,426.45,350.01,464.67,2.0,Technology,6251855360,46.077442,8.91,0.18996,26.17,120.89 %,75.0 %,356.56,455.42,581.39,Exit / Avoid new positions
NIPPOBATRY,STRONG SELL,-8,333.4,36.36,-0.3422,337.64,347.81,333.4,300.01,350.09,2.0,Industrials,2470499840,N/A,-35.11,N/A,36.972,-12.78 %,25.0 %,260.96,320.28,392.9,Short-to-Medium Term (2–8 weeks)
VGL,SELL,-3,61.62,38.99,0.0064,62.69,66.03,61.62,54.48,65.19,2.0,Consumer Cyclical,3148917760,25.045082,2.44,0.22082001,3.735,171.34 %,50.0 %,51.14,65.97,85.05,Exit / Avoid new positions
BIRLAPREC,STRONG SELL,-5,34.21,22.82,-0.194,36.18,37.86,34.21,28.9,36.87,2.0,,N/A,N/A,N/A,0.06795,30.412,N/A,N/A,23.75,33.51,47.25,Short-to-Medium Term (2–8 weeks)
BANARISUG,SELL,-4,3475.1,49.82,5.4522,3480.49,3536.49,3475.1,3353.15,3536.07,2.0,Consumer Defensive,43672010752,29.562006,117.81,0.08012,0.484,-5.77 %,20.0 %,3052.33,3478.23,3962.42,Exit / Avoid new positions
MAITREYA,SELL,-3,120.0,33.09,0.9607,132.32,146.37,120.0,94.92,132.54,2.0,Unknown,817524416,N/A,N/A,N/A,N/A,-39.41 %,0.0 %,91.14,118.73,154.57,Exit / Avoid new positions
VALIANTLAB,SELL,-3,61.51,32.47,0.0857,63.51,68.83,61.51,52.87,65.83,2.0,Healthcare,3278845440,N/A,-0.51,-0.01199,14.865,-18.85 %,25.0 %,45.69,58.23,74.16,Exit / Avoid new positions
HEALTHADD,STRONG SELL,-5,16.62,54.22,2.7822,38.44,109.97,16.62,15.72,17.07,2.0,Unknown,N/A,39.902157,N/A,N/A,N/A,-89.55 %,40.0 %,4.82,13.5,37.71,Short-to-Medium Term (2–8 weeks)
TREJHARA,STRONG SELL,-5,138.01,52.25,0.6288,138.16,141.78,138.01,115.18,149.42,2.0,Technology,3310265600,37.298912,3.68,0.0325,7.64,-22.38 %,40.0 %,103.91,134.56,174.15,Short-to-Medium Term (2–8 weeks)
BCPL,SELL,-3,70.75,38.4,0.1003,71.41,74.43,70.75,64.12,74.06,2.0,Industrials,1178514816,18.303896,3.85,0.06757,71.382,-7.19 %,0.0 %,54.62,69.72,88.94,Exit / Avoid new positions
BEWLTD,SELL,-3,58.85,23.68,0.0418,61.01,63.54,58.85,51.8,62.38,2.0,Unknown,18747146240,N/A,N/A,N/A,N/A,-29.14 %,0.0 %,26.67,47.61,84.88,Exit / Avoid new positions
TGL,STRONG SELL,-8,19.3,55.56,-0.0962,19.82,20.3,19.3,15.43,21.23,2.01,Unknown,5665011200,N/A,N/A,N/A,N/A,-62.25 %,0.0 %,11.69,15.74,21.16,Short-to-Medium Term (2–8 weeks)
BEARDSELL,STRONG SELL,-7,27.42,38.34,-0.1613,28.25,28.14,27.42,23.58,29.34,2.0,Industrials,1071503296,9.368965,2.9,0.13226,24.168,-38.96 %,0.0 %,20.2,26.69,35.25,Short-to-Medium Term (2–8 weeks)
ENERGYDEV,SELL,-4,17.14,41.61,-0.009,17.18,16.83,17.14,14.74,18.34,2.0,Utilities,806549952,N/A,-0.05,N/A,N/A,-33.4 %,40.0 %,12.73,16.61,21.66,Exit / Avoid new positions
RRIL,STRONG SELL,-5,16.45,15.38,-0.0428,17.35,18.84,16.45,13.87,17.74,2.0,,N/A,N/A,N/A,0.07908,30.103,3.98 %,100.0 %,13.96,16.88,20.39,Short-to-Medium Term (2–8 weeks)
DSFCL,HOLD,-1,27.38,73.84,0.4914,24.95,24.77,27.38,24.35,28.89,2.01,Basic Materials,2348788992,N/A,-0.41,-0.01661,6.031,-18.93 %,0.0 %,17.04,23.32,31.88,Monitor weekly; re-evaluate on next earnings or macro event
SHBAJRG,STRONG SELL,-7,182.44,35.04,-0.8158,189.11,184.93,182.44,150.64,198.34,2.0,,N/A,N/A,N/A,0.123050004,27.11,N/A,N/A,143.72,185.07,238.2,Short-to-Medium Term (2–8 weeks)
NOIDATOLL,SELL,-3,4.44,28.21,-0.029,4.64,5.07,4.44,3.78,4.77,2.0,Industrials,843463424,3.1027398,1.46,N/A,N/A,-51.64 %,28.6 %,3.09,4.14,5.55,Exit / Avoid new positions
SENSEXADD,SELL,-4,79.07,41.15,-0.1758,79.51,78.36,79.07,76.28,80.46,2.01,,N/A,N/A,N/A,N/A,N/A,-1.96 %,40.0 %,73.0,78.72,84.87,Exit / Avoid new positions
REFRACTORY,SELL,-3,25.9,41.74,0.0945,27.93,31.03,25.9,22.33,27.68,2.01,Unknown,4428669952,N/A,N/A,N/A,N/A,-56.06 %,0.0 %,17.08,22.46,29.5,Exit / Avoid new positions
SURAJLTD,STRONG SELL,-7,219.13,40.07,-0.5827,227.45,228.93,219.13,187.18,235.1,2.0,Basic Materials,4103090688,49.213654,4.54,N/A,43.774,-35.58 %,16.7 %,167.72,212.8,269.85,Short-to-Medium Term (2–8 weeks)
SBGLP,STRONG SELL,-7,24.43,45.54,-0.0141,25.0,25.51,24.43,19.75,26.77,2.0,Real Estate,4359689216,11.693023,2.15,0.41984,75.186,-44.62 %,0.0 %,16.68,21.99,28.96,Short-to-Medium Term (2–8 weeks)
GTPL,STRONG SELL,-9,59.86,50.42,-0.076,61.31,63.16,59.86,51.07,64.25,2.0,Communication Services,6834378752,90.70149,0.67,N/A,39.615,-7.15 %,25.0 %,45.92,55.99,68.22,Short-to-Medium Term (2–8 weeks)
AKSHOPTFBR,STRONG SELL,-6,5.66,28.3,-0.0331,6.13,6.49,5.66,5.3,5.84,2.0,Technology,902973760,N/A,-0.8,N/A,N/A,-36.54 %,0.0 %,4.03,5.46,7.4,Short-to-Medium Term (2–8 weeks)
SSDL,STRONG SELL,-7,52.93,23.18,-0.1344,54.66,56.85,52.93,47.77,55.51,2.0,Consumer Cyclical,2092849408,8.942471,5.91,0.12566,0.32,-17.26 %,33.3 %,39.54,48.38,59.19,Short-to-Medium Term (2–8 weeks)
BABAFP,HOLD,-1,24.5,40.48,0.089,23.89,24.73,24.5,22.4,25.55,2.0,Unknown,866115712,N/A,N/A,N/A,N/A,-26.57 %,25.0 %,17.16,23.18,31.28,Monitor weekly; re-evaluate on next earnings or macro event
NAVKARURB,HOLD,0,1.06,61.36,0.0009,1.03,1.0,1.06,0.85,1.17,1.91,Basic Materials,1178194816,35.0,0.03,0.01852,3.591,-47.19 %,0.0 %,0.73,0.97,1.29,Monitor weekly; re-evaluate on next earnings or macro event
SBIETFQLTY,HOLD,1,222.01,61.64,0.3427,218.3,218.05,222.01,213.91,226.06,2.0,Unknown,N/A,28.373678,N/A,N/A,N/A,-2.01 %,50.0 %,203.86,220.66,238.81,Monitor weekly; re-evaluate on next earnings or macro event
SUMIT,HOLD,0,52.05,67.94,0.5432,48.24,44.51,52.05,43.86,56.14,2.0,Real Estate,2360765440,41.062992,1.27,N/A,32.611,-45.72 %,0.0 %,37.7,50.19,66.77,Monitor weekly; re-evaluate on next earnings or macro event
PRITI,STRONG SELL,-7,37.11,38.47,-0.1049,38.78,40.74,37.11,31.89,39.72,2.0,Consumer Cyclical,483256960,53.220585,0.68,0.01254,N/A,-13.43 %,33.3 %,25.1,33.99,46.0,Short-to-Medium Term (2–8 weeks)
AGROPHOS,STRONG SELL,-7,28.72,33.77,-0.0814,29.88,30.6,28.72,25.51,30.32,2.01,Basic Materials,596870016,8.45977,3.48,0.10389,42.354,12.41 %,16.7 %,21.41,27.68,35.76,Short-to-Medium Term (2–8 weeks)
RKDL,SELL,-2,19.48,67.19,0.1388,18.99,19.46,19.48,17.14,20.65,2.0,Consumer Defensive,459360000,319.0,0.06,0.0032600001,109.187,-0.72 %,25.0 %,14.8,18.78,23.83,Exit / Avoid new positions
TWCGOLDETF,SELL,-2,143.17,49.89,0.5555,141.93,146.79,143.17,133.78,147.86,2.0,Unknown,N/A,N/A,N/A,N/A,N/A,-7.88 %,0.0 %,121.62,140.33,161.86,Exit / Avoid new positions
AKASH,STRONG SELL,-7,26.49,48.11,-0.0436,26.89,27.01,26.49,23.25,28.11,2.0,Industrials,446351264,67.871796,0.39,0.00765,108.169,-19.61 %,20.0 %,19.65,25.63,33.43,Short-to-Medium Term (2–8 weeks)
SUNDRMBRAK,HOLD,-1,786.0,41.73,-7.5549,810.51,765.72,786.0,697.74,830.13,2.0,Consumer Cyclical,3053033472,119.01074,6.52,0.02549,44.875,-36.27 %,0.0 %,592.06,778.82,1023.88,Monitor weekly; re-evaluate on next earnings or macro event
BEEKAY,STRONG SELL,-6,395.3,37.69,-0.7266,404.14,402.83,395.3,341.72,422.09,2.0,,N/A,N/A,N/A,0.03458,N/A,N/A,N/A,308.15,380.67,470.04,Short-to-Medium Term (2–8 weeks)
PULZ,STRONG SELL,-8,23.0,34.09,-0.1468,23.86,23.91,23.0,21.74,23.63,2.0,Unknown,2282207232,N/A,N/A,N/A,N/A,-54.23 %,0.0 %,14.22,20.68,30.05,Short-to-Medium Term (2–8 weeks)
LOVABLE,STRONG SELL,-6,71.21,21.92,-0.8389,76.29,73.83,71.21,63.5,75.06,2.0,Consumer Cyclical,1055536000,13.231912,5.39,0.044499997,1.512,-26.97 %,20.0 %,54.26,67.41,83.72,Short-to-Medium Term (2–8 weeks)
HALEOSLABS,BUY,2,1535.6,38.79,-9.5173,1578.6,1514.03,1535.6,1749.29,1428.75,2.0,Healthcare,4641954816,26.805168,57.28,0.080620006,48.153,-40.84 %,42.9 %,1195.22,1573.41,2070.02,Medium-to-Long Term (1–6 months)
AHLADA,STRONG SELL,-7,36.52,34.45,-0.0655,38.33,39.39,36.52,31.9,38.83,2.0,Industrials,480919648,20.563538,1.81,0.0012899999,27.946,-15.45 %,33.3 %,26.62,33.87,43.08,Short-to-Medium Term (2–8 weeks)
VLEGOV,STRONG SELL,-9,10.69,52.11,-0.0034,11.18,12.68,10.69,9.4,11.33,2.02,Technology,1182119424,N/A,-0.1,-0.025050001,N/A,-24.78 %,14.3 %,6.82,9.33,12.75,Short-to-Medium Term (2–8 weeks)
COUNCODOS,BUY,2,6.32,63.7,0.0028,5.91,5.28,6.32,8.09,5.44,2.01,Real Estate,488862976,78.75001,0.08,0.02339,N/A,-28.44 %,20.0 %,4.65,6.25,8.39,Medium-to-Long Term (1–6 months)
PATINTLOG,SELL,-2,14.14,27.86,-0.2316,15.03,14.25,14.14,12.34,15.04,2.0,Industrials,983942464,10.246377,1.38,N/A,5.065,-4.76 %,50.0 %,10.72,13.51,17.02,Exit / Avoid new positions
TNTELE,SELL,-3,9.09,47.44,0.0017,9.08,9.16,9.09,7.59,9.84,2.0,Technology,420265184,N/A,-3.26,N/A,N/A,-3.21 %,33.3 %,6.63,8.91,11.96,Exit / Avoid new positions
GOYALALUM,STRONG SELL,-6,6.46,24.32,-0.0215,6.68,6.78,6.46,5.68,6.85,2.0,Basic Materials,936327040,29.818182,0.22,0.12941,42.441,-40.65 %,0.0 %,5.08,6.28,7.76,Short-to-Medium Term (2–8 weeks)
PKTEA,STRONG SELL,-7,698.0,38.46,-2.0945,737.27,768.21,698.0,580.52,756.74,2.0,Consumer Defensive,2182749440,N/A,-21.57,-0.02017,10.135,6.74 %,50.0 %,541.03,715.83,946.53,Short-to-Medium Term (2–8 weeks)
MIDQ50ADD,STRONG SELL,-5,24.79,50.71,4.4871,58.09,170.79,24.79,23.47,25.45,2.0,Unknown,N/A,32.29097,N/A,N/A,N/A,-90.06 %,20.0 %,7.04,19.97,56.5,Short-to-Medium Term (2–8 weeks)
PRUDMOULI,STRONG SELL,-6,13.0,12.67,-0.131,14.25,15.02,13.0,10.42,14.29,2.0,Consumer Defensive,404440064,6.7419353,1.86,N/A,N/A,-24.06 %,25.0 %,9.53,12.51,16.41,Short-to-Medium Term (2–8 weeks)
ZENITHEXPO,HOLD,-1,205.0,54.08,0.466,199.72,202.93,205.0,185.44,214.78,2.0,Consumer Cyclical,1078494592,47.136795,4.24,0.027579999,2.521,-65.92 %,16.7 %,152.1,198.87,259.87,Monitor weekly; re-evaluate on next earnings or macro event
SBINEQWETF,HOLD,-1,33.36,47.59,-0.0253,33.25,32.95,33.36,29.76,35.16,2.0,Unknown,N/A,23.772535,N/A,N/A,N/A,-3.9 %,40.0 %,31.03,33.81,36.84,Monitor weekly; re-evaluate on next earnings or macro event
GOLDSTAR,STRONG SELL,-7,7.1,30.56,-0.0775,7.6,7.68,7.1,6.47,7.42,1.97,Unknown,2972706816,N/A,N/A,N/A,N/A,-39.9 %,0.0 %,5.26,6.83,8.87,Short-to-Medium Term (2–8 weeks)
WELINV,STRONG BUY,5,1931.9,62.18,10.6948,1812.17,1809.83,1931.9,2156.57,1819.57,2.0,Financial Services,6948822528,228.06256,8.31,0.00433,N/A,69.34 %,57.1 %,1496.89,2017.16,2716.46,Short-to-Medium Term (2–8 weeks)
UEL,STRONG SELL,-5,120.96,29.46,-0.2503,126.25,134.25,120.96,104.46,129.21,2.0,Technology,16131798016,1511.625,0.08,N/A,27.068,-64.87 %,0.0 %,98.71,126.62,162.32,Short-to-Medium Term (2–8 weeks)
JOCIL,BUY,4,148.0,56.34,0.1502,145.21,146.58,148.0,163.18,140.41,2.0,Basic Materials,1287766784,15.50802,9.35,0.03957,N/A,3.79 %,50.0 %,119.31,144.72,175.48,Medium-to-Long Term (1–6 months)
BANARBEADS,HOLD,1,119.56,68.71,0.5113,112.0,107.83,119.56,93.1,132.79,2.0,Consumer Cyclical,778375680,43.858738,2.69,N/A,35.612,-16.32 %,28.6 %,93.79,119.96,153.34,Monitor weekly; re-evaluate on next earnings or macro event
RHL,STRONG SELL,-7,168.64,32.96,-0.7403,175.03,179.2,168.64,146.65,179.63,2.0,Consumer Cyclical,2889961216,11.703782,14.28,0.033859998,20.435,25.83 %,100.0 %,130.89,164.11,205.67,Short-to-Medium Term (2–8 weeks)
SAMPANN,STRONG SELL,-5,27.64,43.01,-0.0491,27.88,27.5,27.64,24.04,29.44,2.0,Basic Materials,1330072448,19.604317,1.39,0.21290001,210.951,-18.67 %,33.3 %,20.43,27.02,35.72,Short-to-Medium Term (2–8 weeks)
SYSTMTXC,STRONG SELL,-6,60.0,28.67,-0.3115,63.04,64.67,60.0,51.9,64.05,2.0,Financial Services,7856102912,27.357145,2.1,0.045089997,6.082,-12.77 %,0.0 %,40.38,52.49,68.2,Short-to-Medium Term (2–8 weeks)
TTL,STRONG SELL,-6,6.27,28.87,-0.0093,6.6,6.96,6.27,5.46,6.67,2.02,Consumer Cyclical,1591195392,616.0,0.01,0.0027,63.733,-7.94 %,33.3 %,4.73,5.97,7.53,Short-to-Medium Term (2–8 weeks)
NV20,SELL,-4,13.95,41.35,0.0043,14.05,14.08,13.95,13.23,14.31,2.0,Unknown,N/A,12951.113,N/A,N/A,N/A,-2.67 %,50.0 %,4.92,11.74,27.96,Exit / Avoid new positions
UNITEDTEA,SELL,-3,472.95,41.53,1.8721,473.76,493.81,472.95,428.88,494.99,2.0,Consumer Defensive,2362875904,10.774664,43.89,N/A,N/A,19.87 %,75.0 %,388.86,473.28,575.79,Exit / Avoid new positions
NECCLTD,STRONG SELL,-7,15.15,36.09,-0.0742,15.86,15.93,15.15,13.29,16.08,2.0,Industrials,1572724992,19.294872,0.78,0.03475,54.791,-30.8 %,20.0 %,11.13,14.26,18.26,Short-to-Medium Term (2–8 weeks)
ABAN,SELL,-3,14.96,49.44,0.1189,14.64,15.25,14.96,12.53,16.18,1.99,Energy,864974080,N/A,-135.47,N/A,N/A,-5.08 %,50.0 %,10.71,13.61,17.3,Exit / Avoid new positions
SHIGAN,SELL,-2,62.55,54.95,0.6091,62.72,69.2,62.55,53.67,66.99,2.0,Unknown,2296996096,N/A,N/A,N/A,N/A,-15.53 %,25.0 %,42.91,59.91,83.59,Exit / Avoid new positions
AEPL,STRONG SELL,-5,15.14,28.23,-0.1643,16.3,16.29,15.14,12.05,16.69,1.99,Industrials,3640035072,41.428574,0.35,0.09644,1.803,N/A,N/A,11.11,14.16,18.04,Short-to-Medium Term (2–8 weeks)
SHREEOSFM,SELL,-3,60.5,43.77,-0.0437,59.65,58.43,60.5,52.04,64.73,2.0,Unknown,2464544000,N/A,N/A,N/A,N/A,-18.37 %,0.0 %,40.86,56.41,77.83,Exit / Avoid new positions
HMT,SELL,-2,60.77,23.88,-0.6928,64.15,61.09,60.77,53.84,64.23,2.0,Industrials,72101011456,N/A,-3.65,N/A,N/A,-6.61 %,25.0 %,48.22,59.23,72.72,Exit / Avoid new positions
LAMBODHARA,HOLD,-1,114.21,55.44,-0.2641,113.21,109.79,114.21,100.26,121.18,2.0,Consumer Cyclical,1155130624,10.500943,10.6,0.08962,30.332,-31.68 %,20.0 %,83.11,110.45,146.69,Monitor weekly; re-evaluate on next earnings or macro event
MKPL,STRONG SELL,-6,4.18,12.35,-0.0344,4.51,4.77,4.18,3.64,4.45,2.0,Consumer Defensive,1606987904,23.666668,0.18,0.0937,48.673,-10.82 %,33.3 %,3.05,3.9,4.97,Short-to-Medium Term (2–8 weeks)
GAYAHWS,SELL,-4,1.88,40.91,0.0086,1.92,2.11,1.88,1.52,2.06,2.0,Industrials,457735136,N/A,-0.05,N/A,N/A,61.64 %,25.0 %,1.45,1.91,2.5,Exit / Avoid new positions
NORBTEAEXP,STRONG SELL,-7,68.06,37.63,-0.0461,69.78,74.14,68.06,58.55,72.81,2.0,Consumer Defensive,1076118144,N/A,-0.2,-0.01678,46.916,181.55 %,40.0 %,59.39,74.73,93.99,Short-to-Medium Term (2–8 weeks)
KANDARP,SELL,-3,96.7,41.25,0.5138,99.38,117.02,96.7,84.34,102.88,2.0,Unknown,323925280,N/A,N/A,N/A,N/A,17.62 %,66.7 %,76.57,101.27,133.86,Exit / Avoid new positions
INDOWIND,STRONG SELL,-7,9.22,40.21,-0.0054,9.32,9.39,9.22,8.05,9.8,2.02,Utilities,1484440064,Infinity,0.0,2.0000001e-05,3.094,-35.79 %,0.0 %,6.56,8.56,11.15,Short-to-Medium Term (2–8 weeks)
SADHAV,STRONG BUY,7,118.05,53.89,0.2077,115.64,115.78,118.05,130.71,111.72,2.0,Unknown,3103036160,N/A,N/A,N/A,N/A,3.58 %,66.7 %,86.36,112.66,146.88,Short-to-Medium Term (2–8 weeks)
ATAM,STRONG SELL,-6,66.08,41.61,-0.1989,68.16,70.06,66.08,58.31,69.97,2.0,Industrials,753119040,31.137442,2.11,0.06482,39.253,-25.63 %,25.0 %,48.03,61.58,78.91,Short-to-Medium Term (2–8 weeks)
NEAGI,SELL,-3,3035.1,46.32,0.4848,3125.32,,3035.1,2760.93,3172.18,2.0,,N/A,N/A,N/A,0.092930004,N/A,N/A,N/A,2244.43,2786.76,3458.49,Exit / Avoid new positions
LLOYDS,SELL,-2,67.0,42.61,0.0327,72.44,81.11,67.0,58.99,71.0,2.0,Unknown,2553412096,N/A,N/A,N/A,N/A,-17.13 %,50.0 %,45.56,64.48,91.2,Exit / Avoid new positions
VIJIFIN,STRONG BUY,6,9.45,,0.0603,7.86,5.67,9.45,9.93,9.21,2.0,Financial Services,1844145024,41.869564,0.23,N/A,31.027,15.33 %,50.0 %,7.64,10.2,13.62,Short-to-Medium Term (2–8 weeks)
LPDC,STRONG SELL,-7,6.11,31.94,-0.0215,6.38,6.61,6.11,5.09,6.62,2.0,Real Estate,806200448,54.636368,0.11,0.0367,N/A,-47.82 %,20.0 %,4.39,5.83,7.74,Short-to-Medium Term (2–8 weeks)
PLAZACABLE,SELL,-4,42.8,21.26,-0.0284,43.86,46.07,42.8,38.09,45.15,2.0,Industrials,1836712320,25.137726,1.67,0.05801,24.764,10.5 %,66.7 %,32.57,40.76,50.98,Exit / Avoid new positions
AJOONI,HOLD,0,3.97,55.86,0.0153,3.91,3.92,3.97,3.37,4.27,2.0,Consumer Defensive,678639808,15.76,0.25,0.04822,19.479,-27.95 %,0.0 %,3.02,3.8,4.77,Monitor weekly; re-evaluate on next earnings or macro event
DCM,SELL,-4,87.0,31.54,-1.5123,96.0,93.91,87.0,73.74,93.63,2.0,Industrials,1679129600,58.000004,1.55,0.06454,2.23,-3.75 %,33.3 %,67.33,85.34,108.12,Exit / Avoid new positions
AIROLAM,STRONG SELL,-8,86.5,32.62,-0.5823,89.5,87.2,86.5,75.76,91.87,2.0,Consumer Cyclical,1313275136,48.633335,1.8,0.07005,106.303,-10.31 %,25.0 %,66.78,84.0,105.6,Short-to-Medium Term (2–8 weeks)
SITINET,SELL,-4,0.32,40.0,0.0002,0.33,0.34,0.32,0.29,0.34,1.5,Communication Services,358013472,N/A,-2.29,N/A,N/A,-21.15 %,20.0 %,0.26,0.3,0.35,Exit / Avoid new positions
MAHAPEXLTD,SELL,-4,44.49,44.43,0.0969,44.8,46.83,44.49,38.34,47.57,2.0,Financial Services,1247414528,N/A,-4.87,-0.01485,N/A,-16.79 %,0.0 %,28.98,40.74,57.23,Exit / Avoid new positions
KRITINUT,SELL,-4,78.71,46.88,0.1435,78.78,83.83,78.71,71.06,82.53,2.0,Consumer Defensive,3783316992,11.153619,6.77,0.15348,3.972,-25.54 %,33.3 %,57.47,75.95,100.32,Exit / Avoid new positions
MEP,STRONG SELL,-6,0.54,0.0,-0.0009,0.63,0.76,0.54,0.48,0.57,2.0,Industrials,97226400,N/A,-46.14,N/A,N/A,-18.24 %,33.3 %,0.38,0.46,0.56,Short-to-Medium Term (2–8 weeks)
ENEXT50,SELL,-3,72.45,51.5,0.0119,71.7,,72.45,70.47,73.44,2.0,Unknown,N/A,19.34129,N/A,N/A,N/A,N/A,N/A,68.75,74.42,80.54,Exit / Avoid new positions
GSEC5IETF,HOLD,0,66.19,55.21,-0.0358,66.16,65.53,66.19,63.7,67.44,1.99,Unknown,N/A,N/A,N/A,N/A,N/A,2.29 %,100.0 %,64.5,66.68,68.93,Monitor weekly; re-evaluate on next earnings or macro event
RACE,STRONG SELL,-8,109.03,39.1,-0.1119,110.9,112.28,109.03,95.86,115.61,2.0,Industrials,1863950208,25.534279,4.23,0.088719994,104.095,-14.94 %,0.0 %,78.26,99.88,127.41,Short-to-Medium Term (2–8 weeks)
DUCOL,SELL,-2,105.05,29.25,0.0876,107.86,109.49,105.05,99.38,107.88,2.0,Unknown,2015562496,N/A,N/A,N/A,N/A,-14.59 %,25.0 %,79.51,102.79,132.82,Exit / Avoid new positions
NAMAN,HOLD,0,47.5,48.25,0.3684,46.3,47.29,47.5,43.33,49.59,2.0,Unknown,1237807744,N/A,N/A,N/A,N/A,-15.72 %,33.3 %,32.88,44.31,59.67,Monitor weekly; re-evaluate on next earnings or macro event
PRAKASHSTL,SELL,-3,4.06,28.12,0.0016,4.11,4.29,4.06,3.7,4.24,2.0,Basic Materials,703501568,80.4,0.05,0.09003,4.665,-25.44 %,0.0 %,3.12,3.82,4.67,Exit / Avoid new positions
LIBAS,STRONG SELL,-7,10.12,34.24,-0.0396,10.74,11.58,10.12,8.53,10.91,2.01,Consumer Cyclical,266080272,2.9275362,3.45,0.00248,16.922,5.46 %,60.0 %,7.84,9.7,11.99,Short-to-Medium Term (2–8 weeks)
KONSTELEC,BUY,3,62.0,69.94,0.1923,56.08,49.09,62.0,71.0,57.5,2.0,Unknown,2696104960,N/A,N/A,N/A,N/A,-35.12 %,0.0 %,43.05,57.59,76.99,Medium-to-Long Term (1–6 months)
AGUL,STRONG SELL,-5,60.5,75.45,0.8367,56.5,60.6,60.5,57.59,61.95,2.01,Unknown,344943616,N/A,N/A,N/A,N/A,-3.29 %,50.0 %,47.83,60.31,76.0,Short-to-Medium Term (2–8 weeks)
MIDCAPBETA,SELL,-2,232.0,49.95,-0.5508,231.83,228.89,232.0,220.51,237.75,2.0,,N/A,N/A,N/A,N/A,N/A,-4.18 %,0.0 %,211.27,233.2,257.36,Exit / Avoid new positions
DHUNINV,STRONG SELL,-5,867.5,47.96,-12.7445,919.94,866.34,867.5,711.08,945.71,2.0,Financial Services,5260644864,28.991936,29.76,0.01348,27.145,-15.29 %,40.0 %,648.47,834.38,1073.0,Short-to-Medium Term (2–8 weeks)
SIL,HOLD,-1,16.22,52.23,-0.0187,16.04,15.87,16.22,14.51,17.07,2.01,Consumer Cyclical,1054994560,N/A,-3.03,-0.16631001,3.137,-27.02 %,14.3 %,12.63,15.35,18.65,Monitor weekly; re-evaluate on next earnings or macro event
SHRENIK,STRONG SELL,-6,0.33,16.67,-0.0026,0.36,0.37,0.33,0.27,0.36,2.0,Basic Materials,201960016,5.5000005,0.06,N/A,N/A,-21.11 %,20.0 %,0.25,0.31,0.39,Short-to-Medium Term (2–8 weeks)
VIPCLOTHNG,STRONG SELL,-6,21.83,23.78,-0.1433,23.27,24.73,21.83,19.43,23.03,2.0,Consumer Cyclical,1974737792,20.476635,1.07,0.05178,35.852,-4.47 %,50.0 %,16.0,20.71,26.79,Short-to-Medium Term (2–8 weeks)
SUPERSPIN,HOLD,0,5.61,64.55,0.0405,5.32,5.2,5.61,5.34,5.75,1.93,Consumer Cyclical,319909152,81.57143,0.07,0.0077600004,30.436,-31.92 %,0.0 %,4.2,5.42,6.99,Monitor weekly; re-evaluate on next earnings or macro event
SHYAMCENT,STRONG SELL,-5,5.22,26.19,-0.0628,5.58,5.28,5.22,4.47,5.59,2.03,Basic Materials,1075717120,N/A,-0.43,N/A,0.555,-42.29 %,14.3 %,3.76,4.83,6.2,Short-to-Medium Term (2–8 weeks)
SONUINFRA,STRONG SELL,-9,43.0,48.83,-0.0828,44.06,46.27,43.0,36.43,46.28,2.0,Unknown,786524032,N/A,N/A,N/A,N/A,88.25 %,66.7 %,31.75,41.32,53.74,Short-to-Medium Term (2–8 weeks)
SAMBHAAV,SELL,-3,6.33,54.05,0.0137,6.25,6.51,6.33,5.16,6.92,1.98,Communication Services,1202087168,629.0,0.01,0.00096000003,5.923,4.86 %,50.0 %,4.74,6.36,8.52,Exit / Avoid new positions
INFRA,STRONG SELL,-6,12.13,42.52,-0.0329,12.27,12.18,12.13,11.53,12.43,2.0,Unknown,N/A,27.750977,N/A,N/A,N/A,N/A,N/A,10.96,12.27,13.72,Short-to-Medium Term (2–8 weeks)
INCREDIBLE,SELL,-3,33.44,53.82,0.1151,33.17,34.15,33.44,27.74,36.29,2.0,Basic Materials,1563779840,13.165354,2.54,0.07617,21.824,6.84 %,75.0 %,24.85,32.46,42.37,Exit / Avoid new positions
PILITA,SELL,-3,8.73,41.88,-0.0526,8.99,8.5,8.73,7.41,9.39,2.0,Consumer Cyclical,2063299968,67.53846,0.13,N/A,18.373,-15.26 %,25.0 %,6.53,8.46,10.94,Exit / Avoid new positions
TOKYOPLAST,STRONG SELL,-7,81.38,42.56,-0.4147,84.18,84.74,81.38,72.35,85.89,2.0,Consumer Cyclical,735218304,214.94443,0.36,N/A,77.168,-13.06 %,33.3 %,62.71,79.12,99.79,Short-to-Medium Term (2–8 weeks)
GLOBE,SELL,-4,2.15,43.33,0.0055,2.16,2.25,2.15,1.85,2.3,2.0,Consumer Cyclical,968400448,13.437501,0.16,0.06266,114.163,-41.63 %,16.7 %,1.54,2.0,2.61,Exit / Avoid new positions
LICNETFN50,SELL,-4,268.51,41.22,-0.5747,269.98,266.94,268.51,255.88,274.82,2.0,Unknown,N/A,21.440094,N/A,N/A,N/A,2.79 %,40.0 %,247.94,267.7,289.0,Exit / Avoid new positions
GVPTECH,SELL,-3,6.97,52.5,-0.0084,6.88,6.75,6.97,5.95,7.48,2.0,Technology,1132717184,N/A,-5.37,0.00452,18.926,-17.94 %,0.0 %,5.13,6.63,8.57,Exit / Avoid new positions
RAMANEWS,STRONG SELL,-9,28.52,47.49,-0.0108,28.82,29.14,28.52,24.71,30.43,1.99,Consumer Defensive,4329819648,N/A,-2.3,N/A,N/A,7.76 %,40.0 %,22.2,28.84,37.45,Short-to-Medium Term (2–8 weeks)
BMETRICS,HOLD,0,37.0,51.11,0.137,36.19,36.5,37.0,33.55,38.73,1.99,Unknown,1526926080,N/A,N/A,N/A,N/A,-19.88 %,33.3 %,23.38,33.99,49.38,Monitor weekly; re-evaluate on next earnings or macro event
LICNETFGSC,SELL,-2,29.46,51.46,-0.0348,29.47,29.13,29.46,28.38,30.0,2.0,Unknown,N/A,N/A,N/A,N/A,N/A,5.64 %,66.7 %,28.95,29.68,30.42,Exit / Avoid new positions
CREATIVEYE,SELL,-3,6.37,51.91,0.0543,6.17,6.46,6.37,4.72,7.2,1.99,Communication Services,119948336,N/A,-2.58,-0.2983,45.361,-11.01 %,20.0 %,4.67,6.28,8.43,Exit / Avoid new positions
VALUE,SELL,-3,16.07,43.3,0.0085,16.12,16.37,16.07,15.68,16.27,1.95,Unknown,N/A,9.47329,N/A,N/A,N/A,1.85 %,100.0 %,15.17,16.39,17.7,Exit / Avoid new positions
RULKA,HOLD,0,111.05,58.82,-0.2757,103.92,96.66,111.05,88.94,122.1,2.0,Unknown,2212238848,N/A,N/A,N/A,N/A,-27.38 %,0.0 %,74.83,100.35,134.48,Monitor weekly; re-evaluate on next earnings or macro event
BOHRAIND,SELL,-3,13.16,21.67,0.0461,13.58,15.68,13.16,10.07,14.71,1.99,Basic Materials,142203680,N/A,-1.4,-0.0468,1.6,-25.77 %,33.3 %,10.42,13.08,16.41,Exit / Avoid new positions
DUCON,SELL,-2,3.02,27.03,0.0049,3.08,3.3,3.02,2.63,3.21,2.05,Industrials,978026048,8.8529415,0.34,0.10106,139.323,-31.1 %,0.0 %,2.13,2.82,3.73,Exit / Avoid new positions
21STCENMGM,SELL,-2,37.85,91.95,0.644,33.17,33.01,37.85,34.97,39.29,2.0,Financial Services,405299968,N/A,-22.9,-0.57208,N/A,-35.71 %,25.0 %,31.38,36.04,41.37,Exit / Avoid new positions
SURYALAXMI,STRONG SELL,-7,56.8,36.42,-0.2378,58.44,58.61,56.8,48.46,60.97,2.0,Consumer Cyclical,1088826368,34.260353,1.69,0.01149,111.042,-19.9 %,40.0 %,42.9,54.94,70.32,Short-to-Medium Term (2–8 weeks)
CMNL,SELL,-3,103.15,51.87,1.0278,101.32,106.35,103.15,91.66,108.9,2.0,Unknown,1639957120,N/A,N/A,N/A,N/A,-43.26 %,25.0 %,78.39,104.86,140.17,Exit / Avoid new positions
BLUECOAST,STRONG SELL,-6,25.69,36.75,-0.2125,27.92,29.25,25.69,20.17,28.45,2.0,Consumer Cyclical,480377952,N/A,-1.39,N/A,N/A,246.63 %,50.0 %,20.9,27.14,35.21,Short-to-Medium Term (2–8 weeks)
LICNMID100,SELL,-2,62.62,51.25,-0.124,62.7,62.12,62.62,59.56,64.15,2.0,Unknown,N/A,28.106659,N/A,N/A,N/A,-7.88 %,33.3 %,56.3,62.7,69.8,Exit / Avoid new positions
RVHL,SELL,-3,45.53,55.16,-0.066,45.13,43.64,45.53,38.75,48.92,2.0,Real Estate,2774989824,5.677541,7.97,0.18416001,0.345,-44.19 %,33.3 %,34.18,45.33,60.08,Exit / Avoid new positions
HDFCVALUE,STRONG SELL,-7,125.65,37.73,-0.2085,126.7,126.98,125.65,120.91,128.02,2.0,Unknown,N/A,15.299522,N/A,N/A,N/A,-1.33 %,25.0 %,117.3,125.45,134.14,Short-to-Medium Term (2–8 weeks)
ABSLNN50ET,HOLD,0,76.22,51.35,-0.0365,75.69,74.87,76.22,72.68,77.99,2.0,Unknown,N/A,19.512798,N/A,N/A,N/A,-13.7 %,16.7 %,69.5,75.98,83.05,Monitor weekly; re-evaluate on next earnings or macro event
ORIENTALTL,SELL,-2,5.32,20.0,0.0057,5.52,6.0,5.32,4.6,5.68,2.0,Industrials,389588512,13.947369,0.38,0.01814,2.873,-36.53 %,0.0 %,3.8,5.04,6.68,Exit / Avoid new positions
NIMBSPROJ,STRONG SELL,-6,190.0,39.83,-0.7858,197.82,205.75,190.0,163.99,203.0,2.0,Unknown,3612603648,N/A,N/A,N/A,N/A,-8.28 %,0.0 %,145.84,185.39,235.52,Short-to-Medium Term (2–8 weeks)
BNAGROCHEM,STRONG SELL,-7,274.95,40.21,-0.5806,282.72,294.21,274.95,240.15,292.35,2.0,,N/A,N/A,N/A,0.0801,10.853,N/A,N/A,210.84,287.3,391.21,Short-to-Medium Term (2–8 weeks)
CTE,HOLD,1,31.96,57.41,0.187,30.94,31.48,31.96,26.47,34.7,2.0,Technology,608516928,131.70834,0.24,0.00643,100.611,-58.19 %,0.0 %,22.53,29.29,38.05,Monitor weekly; re-evaluate on next earnings or macro event
DRONE,SELL,-3,40.0,47.09,0.1248,39.99,40.59,40.0,34.96,42.52,2.0,Unknown,8466799104,N/A,N/A,N/A,N/A,-45.96 %,0.0 %,27.09,34.78,44.61,Exit / Avoid new positions
FIBERWEB,STRONG SELL,-5,30.68,36.4,-0.0951,31.07,29.9,30.68,26.93,32.55,2.01,Consumer Cyclical,864902976,8.632184,3.48,0.055219997,6.45,-33.23 %,50.0 %,22.99,29.77,38.53,Short-to-Medium Term (2–8 weeks)
MANAV,STRONG SELL,-5,28.4,0.0,-0.1843,32.92,38.12,28.4,27.05,29.07,2.01,Unknown,267147984,N/A,N/A,N/A,N/A,74.84 %,60.0 %,21.96,28.76,37.65,Short-to-Medium Term (2–8 weeks)
SHUBHLAXMI,STRONG SELL,-5,20.5,23.43,-0.3438,23.28,23.45,20.5,17.62,21.94,2.0,Unknown,356294368,N/A,N/A,N/A,N/A,-29.66 %,16.7 %,15.24,19.8,25.72,Short-to-Medium Term (2–8 weeks)
PVTBKGROWW,STRONG SELL,-6,27.55,38.44,-0.1239,27.98,,27.55,25.66,28.5,1.99,Unknown,N/A,18.774136,N/A,N/A,N/A,N/A,N/A,25.69,27.92,30.33,Short-to-Medium Term (2–8 weeks)
SYLVANPLY,STRONG SELL,-5,52.35,20.63,-1.0345,58.42,55.0,52.35,47.58,54.73,2.0,Unknown,2341448192,N/A,N/A,N/A,N/A,-30.61 %,25.0 %,37.43,49.52,65.45,Short-to-Medium Term (2–8 weeks)
CCHHL,STRONG SELL,-5,12.69,54.21,0.0023,12.75,12.9,12.69,11.13,13.47,2.0,Consumer Cyclical,2165907712,N/A,-1.08,-0.05742,7.896,-14.54 %,40.0 %,9.61,12.07,15.15,Short-to-Medium Term (2–8 weeks)
UMIYA-MRO,SELL,-3,89.82,46.45,-0.1818,89.95,88.04,89.82,79.47,94.99,2.0,Real Estate,1682735232,15.290322,5.89,N/A,110.392,-20.66 %,40.0 %,69.78,89.86,115.67,Exit / Avoid new positions
GROWWPSUBK,STRONG SELL,-5,83.98,51.1,-0.0194,84.37,83.83,83.98,78.73,86.61,2.0,Unknown,N/A,7.7808375,N/A,N/A,N/A,N/A,N/A,73.43,84.25,96.62,Short-to-Medium Term (2–8 weeks)
HSBCGOLD,SELL,-2,125.42,51.43,0.4469,124.07,128.69,125.42,114.95,130.66,2.0,,N/A,N/A,N/A,N/A,N/A,0.87 %,100.0 %,111.86,125.6,141.0,Exit / Avoid new positions
SRD,STRONG SELL,-7,37.63,32.99,-0.1672,39.15,39.84,37.63,31.75,40.57,2.0,Basic Materials,2428178944,17.990522,2.11,0.1161,20.663,-34.71 %,33.3 %,27.0,34.74,44.68,Short-to-Medium Term (2–8 weeks)
VIVIMEDLAB,SELL,-4,5.26,33.66,0.0187,5.39,5.9,5.26,4.42,5.68,2.0,Healthcare,431152320,N/A,-21.13,N/A,N/A,-70.54 %,0.0 %,2.69,5.18,9.96,Exit / Avoid new positions
ASPINWALL,SELL,-3,246.9,47.26,-0.9727,251.13,245.52,246.9,214.68,263.01,2.0,Consumer Defensive,1900860416,14.437649,16.84,0.06688,39.552,-12.29 %,0.0 %,193.76,242.6,303.62,Exit / Avoid new positions
GOYALSALT,STRONG SELL,-7,114.05,28.06,-0.7964,117.8,115.57,114.05,106.25,117.95,2.0,Unknown,3125383680,N/A,N/A,N/A,N/A,-16.4 %,50.0 %,87.06,109.59,137.88,Short-to-Medium Term (2–8 weeks)
TOTAL,STRONG SELL,-7,48.1,33.81,-0.5676,52.3,52.05,48.1,36.49,53.91,2.0,Industrials,792479488,10.173913,4.83,0.09048,44.052,-21.7 %,33.3 %,35.66,45.29,57.49,Short-to-Medium Term (2–8 weeks)
AKI,STRONG SELL,-6,4.19,24.32,-0.0396,4.61,4.75,4.19,3.44,4.57,1.97,Consumer Cyclical,462362656,23.578947,0.19,0.029089998,21.381,11.96 %,50.0 %,2.85,3.74,4.89,Short-to-Medium Term (2–8 weeks)
JHS,SELL,-4,7.4,44.58,0.0291,7.47,7.98,7.4,6.41,7.9,1.98,Consumer Defensive,642432384,N/A,-0.22,-0.01107,8.503,-42.12 %,0.0 %,5.18,6.87,9.11,Exit / Avoid new positions
VCL,STRONG SELL,-6,1.02,24.0,-0.0217,1.2,1.3,1.02,0.81,1.12,2.1,Consumer Cyclical,187427264,3.3999999,0.3,0.27099,23.444,28.05 %,60.0 %,0.78,1.02,1.33,Short-to-Medium Term (2–8 weeks)
SETF10GILT,HOLD,-1,266.5,52.35,-0.1483,265.1,262.07,266.5,257.38,271.06,2.0,Unknown,N/A,N/A,N/A,N/A,N/A,4.3 %,40.0 %,262.53,268.41,274.41,Monitor weekly; re-evaluate on next earnings or macro event
SADBHIN,STRONG SELL,-6,2.32,20.55,-0.0337,2.59,2.75,2.32,1.96,2.5,2.0,Industrials,806595712,N/A,-0.56,N/A,N/A,-53.46 %,0.0 %,1.63,2.18,2.9,Short-to-Medium Term (2–8 weeks)
SIGIND,STRONG SELL,-8,45.78,44.02,-0.0666,46.24,47.94,45.78,39.42,48.96,2.0,Industrials,1347625856,8.541044,5.36,0.06712,185.772,-31.86 %,20.0 %,34.32,43.97,56.3,Short-to-Medium Term (2–8 weeks)
PALASHSECU,STRONG SELL,-8,89.11,40.0,-0.0482,91.0,94.16,89.11,80.11,93.61,2.0,Consumer Defensive,866168576,5.3916564,16.06,0.02155,0.021,4.14 %,33.3 %,68.82,86.22,107.95,Short-to-Medium Term (2–8 weeks)
MDL,HOLD,-1,69.0,23.25,-0.8207,72.54,67.39,69.0,65.76,70.62,2.0,Unknown,1949641472,N/A,N/A,N/A,N/A,-38.34 %,0.0 %,45.97,66.31,95.59,Monitor weekly; re-evaluate on next earnings or macro event
EQUIPPP,SELL,-3,25.03,75.21,-0.0722,23.19,20.19,25.03,20.65,27.22,2.0,Technology,2518616320,135.72221,0.18,0.12761,74.065,-49.91 %,14.3 %,20.09,24.92,30.89,Exit / Avoid new positions
ZENITHDRUG,SELL,-4,49.0,39.69,-0.506,50.12,45.72,49.0,44.02,51.49,2.0,Unknown,1345323264,N/A,N/A,N/A,N/A,-46.16 %,16.7 %,33.86,46.88,64.85,Exit / Avoid new positions
SMALLGROWW,STRONG SELL,-8,47.03,47.95,-0.087,47.07,,47.03,44.18,48.45,2.01,Unknown,N/A,N/A,N/A,N/A,N/A,N/A,N/A,44.68,48.37,52.35,Short-to-Medium Term (2–8 weeks)
GROWWNXT50,HOLD,-1,73.0,50.21,-0.0179,72.38,71.5,73.0,69.64,74.68,2.0,Unknown,N/A,19.632383,N/A,N/A,N/A,-12.57 %,0.0 %,67.07,73.54,80.61,Monitor weekly; re-evaluate on next earnings or macro event
DIGJAMLMTD,STRONG SELL,-9,42.97,45.91,-0.2707,44.14,44.96,42.97,33.61,47.65,2.0,Consumer Cyclical,894000000,38.534485,1.16,0.47396,1361.379,-39.39 %,28.6 %,32.6,41.06,51.7,Short-to-Medium Term (2–8 weeks)
MOHITIND,STRONG SELL,-9,22.94,53.44,-0.0125,23.07,23.38,22.94,19.43,24.7,1.99,Consumer Cyclical,321518528,N/A,-0.56,-0.00587,60.172,4.24 %,33.3 %,17.51,22.52,28.94,Short-to-Medium Term (2–8 weeks)
ECAPINSURE,STRONG SELL,-6,23.74,37.72,-0.0966,24.23,24.16,23.74,22.15,24.54,1.99,Unknown,N/A,35.236206,N/A,N/A,N/A,14.22 %,60.0 %,21.46,23.98,26.79,Short-to-Medium Term (2–8 weeks)
ACCURACY,STRONG SELL,-6,4.97,26.32,-0.0097,5.17,5.4,4.97,4.31,5.3,2.0,Industrials,755811200,19.307693,0.26,0.03194,124.622,-22.46 %,0.0 %,3.68,4.68,5.95,Short-to-Medium Term (2–8 weeks)
STEELCITY,STRONG SELL,-8,75.57,39.83,-0.2123,77.09,77.54,75.57,69.03,78.84,2.0,Financial Services,1147837184,8.031713,9.46,0.106800005,7.159,-10.92 %,50.0 %,61.75,74.41,89.62,Short-to-Medium Term (2–8 weeks)
KANANIIND,STRONG SELL,-8,1.51,48.0,-0.0012,1.52,1.54,1.51,1.27,1.63,2.0,Consumer Cyclical,292844640,11.384616,0.13,0.03838,0.692,-15.71 %,0.0 %,1.14,1.44,1.8,Short-to-Medium Term (2–8 weeks)
ALPA,STRONG SELL,-6,66.58,41.76,-0.2859,68.42,68.81,66.58,56.59,71.58,2.0,Healthcare,1468423552,9.7882185,7.13,0.08392,1.346,-21.72 %,33.3 %,50.93,64.87,82.6,Short-to-Medium Term (2–8 weeks)
SNXT50BETA,SELL,-2,93.99,54.35,-0.124,93.47,92.06,93.99,89.19,96.39,2.0,,N/A,N/A,N/A,N/A,N/A,N/A,N/A,84.92,93.85,103.7,Exit / Avoid new positions
BYKE,STRONG SELL,-9,32.75,46.46,-0.0109,33.09,34.32,32.75,27.95,35.15,2.0,Consumer Cyclical,1684961792,25.179688,1.28,0.0294,45.444,26.04 %,60.0 %,23.81,30.8,39.82,Short-to-Medium Term (2–8 weeks)
MOMGF,HOLD,-1,159.99,57.16,-0.0031,158.7,157.74,159.99,156.39,161.79,2.0,Unknown,N/A,27.25479,N/A,N/A,N/A,-11.0 %,25.0 %,149.74,161.82,174.85,Monitor weekly; re-evaluate on next earnings or macro event
AKG,STRONG SELL,-8,9.99,40.05,-0.0424,10.43,10.78,9.99,8.1,10.94,1.99,Industrials,344458080,98.545456,0.11,0.0068300003,10.82,-37.86 %,0.0 %,7.52,9.45,11.87,Short-to-Medium Term (2–8 weeks)
KEL,SELL,-3,78.1,39.38,0.1856,80.2,82.3,78.1,72.16,81.07,2.0,Unknown,1487899264,N/A,N/A,N/A,N/A,-30.49 %,20.0 %,54.83,74.49,101.12,Exit / Avoid new positions
PARSVNATH,SELL,-2,1.92,0.0,0.0335,2.29,3.07,1.92,1.8,1.98,2.0,Real Estate,809436992,N/A,-10.15,N/A,N/A,-79.05 %,0.0 %,1.25,1.69,2.29,Exit / Avoid new positions
BAGFILMS,SELL,-4,4.61,66.67,0.0271,4.53,4.78,4.61,4.13,4.85,2.0,Communication Services,982810688,25.055555,0.18,0.02234,50.258,-19.89 %,20.0 %,3.39,4.39,5.68,Exit / Avoid new positions
SVPGLOB,STRONG SELL,-5,3.8,45.45,-0.0041,3.88,3.92,3.8,3.05,4.17,2.03,Consumer Cyclical,455400000,0.6728972,5.35,N/A,N/A,-24.51 %,28.6 %,2.78,3.62,4.71,Short-to-Medium Term (2–8 weeks)
DNAMEDIA,SELL,-2,2.83,44.9,0.0034,2.82,2.87,2.83,2.44,3.02,2.05,Communication Services,333113664,N/A,-0.75,N/A,N/A,13.06 %,66.7 %,2.02,2.69,3.59,Exit / Avoid new positions
GROWWLOVOL,BUY,2,10.5,57.69,0.0103,10.33,10.25,10.5,11.37,10.06,1.98,Unknown,N/A,24.017715,N/A,N/A,N/A,-8.21 %,33.3 %,9.88,10.53,11.22,Medium-to-Long Term (1–6 months)
REPL,SELL,-3,63.59,38.94,0.1045,65.55,68.25,63.59,54.53,68.12,2.0,Industrials,1174700416,N/A,-6.25,-0.07817,20.106,-14.24 %,50.0 %,44.67,59.04,77.98,Exit / Avoid new positions
NEWJAISA,STRONG SELL,-6,15.4,5.13,-0.1915,17.32,18.05,15.4,14.35,15.93,1.98,Unknown,4377918976,N/A,N/A,N/A,N/A,-41.43 %,0.0 %,9.92,13.45,18.23,Short-to-Medium Term (2–8 weeks)
METROGLOBL,SELL,-3,130.92,28.06,-0.5331,132.37,130.32,130.92,110.28,141.24,2.0,Industrials,1615803136,7.3143497,17.91,0.05468,0.815,N/A,N/A,103.45,129.16,161.18,Exit / Avoid new positions
CEREBRAINT,STRONG SELL,-5,3.0,46.3,0.0082,3.1,3.37,3.0,2.49,3.25,2.04,Industrials,368406880,N/A,-6.4,-0.56466997,48.431,9.6 %,60.0 %,2.14,2.77,3.59,Short-to-Medium Term (2–8 weeks)
VINNY,STRONG SELL,-6,1.05,38.46,-0.0,1.08,1.1,1.05,0.93,1.11,2.0,Consumer Cyclical,497813920,53.500004,0.02,0.01117,19.671,-37.5 %,0.0 %,0.71,0.96,1.29,Short-to-Medium Term (2–8 weeks)
SHANTI,STRONG SELL,-5,6.87,53.88,-0.0025,6.88,6.65,6.87,5.49,7.56,2.0,Consumer Defensive,76520336,N/A,-2.51,-0.96735,403.985,-48.97 %,0.0 %,4.99,6.49,8.43,Short-to-Medium Term (2–8 weeks)
SUPREMEENG,STRONG BUY,6,1.95,,0.0143,1.67,1.34,1.95,2.04,1.91,2.25,Basic Materials,494900992,N/A,-3.72,N/A,N/A,-42.82 %,40.0 %,1.53,1.94,2.47,Short-to-Medium Term (2–8 weeks)
NGIL,SELL,-3,39.04,37.26,-0.1943,40.04,39.59,39.04,32.65,42.23,2.0,Consumer Defensive,668782528,42.659092,0.88,0.05291,44.646,-18.29 %,20.0 %,30.6,38.68,48.86,Exit / Avoid new positions
LAXMICOT,STRONG SELL,-8,14.37,43.56,-0.0906,14.77,14.62,14.37,11.58,15.76,2.01,Consumer Cyclical,244182816,3.1785715,4.48,-0.01943,70.182,-32.75 %,20.0 %,10.08,13.47,18.0,Short-to-Medium Term (2–8 weeks)
BANKA,HOLD,0,94.12,50.83,-0.171,91.35,89.71,94.12,82.51,99.93,2.0,Industrials,1011301248,290.625,0.32,0.0106,95.839,-9.04 %,40.0 %,69.85,91.65,120.18,Monitor weekly; re-evaluate on next earnings or macro event
PALREDTEC,SELL,-3,45.24,0.0,-1.3649,53.16,50.56,45.24,41.55,47.09,1.99,Technology,538232896,N/A,-4.31,-0.17523001,161.322,-54.86 %,20.0 %,33.04,42.63,54.98,Exit / Avoid new positions
TREEHOUSE,STRONG SELL,-5,6.46,46.54,0.0198,6.47,6.71,6.46,5.14,7.12,2.0,Consumer Defensive,268250000,N/A,-1.65,-0.053639997,3.323,-32.5 %,0.0 %,4.66,5.95,7.59,Short-to-Medium Term (2–8 weeks)
SMLT,SELL,-4,67.54,35.87,0.0316,68.09,70.49,67.54,59.8,71.41,2.0,Industrials,937610944,20.323442,3.37,0.037720002,5.31,-41.33 %,0.0 %,48.57,63.0,81.67,Exit / Avoid new positions
ASTRON,HOLD,-1,3.99,62.96,0.0435,3.86,3.93,3.99,3.42,4.28,1.97,Basic Materials,186686064,N/A,-4.56,-0.26573,113.06,-47.3 %,25.0 %,2.78,3.54,4.51,Monitor weekly; re-evaluate on next earnings or macro event
MURUDCERA,STRONG SELL,-8,30.66,42.53,-0.0393,31.2,31.97,30.66,27.48,32.25,2.0,Industrials,1873875840,17.005495,1.82,0.028719999,37.491,-5.42 %,25.0 %,23.75,29.34,36.22,Short-to-Medium Term (2–8 weeks)
FLEXITUFF,STRONG SELL,-6,4.62,19.15,-0.0043,5.15,6.13,4.62,3.72,5.07,2.0,Consumer Cyclical,148359088,N/A,-41.15,N/A,N/A,-36.33 %,25.0 %,3.03,3.9,5.02,Short-to-Medium Term (2–8 weeks)
COMPUSOFT,STRONG SELL,-5,13.22,54.24,0.0277,13.23,13.4,13.22,11.66,14.0,2.0,Consumer Defensive,1061068736,37.25,0.36,0.020350002,34.173,9.55 %,50.0 %,9.74,12.47,15.94,Short-to-Medium Term (2–8 weeks)
KAKATCEM,SELL,-2,120.34,54.68,0.5415,118.99,121.5,120.34,109.27,125.88,2.0,Basic Materials,910862912,N/A,-30.95,-0.12282,10.674,-14.58 %,33.3 %,94.71,114.91,139.35,Exit / Avoid new positions
SELMC,STRONG SELL,-7,27.68,32.05,-0.062,28.75,29.32,27.68,24.05,29.5,1.99,Consumer Cyclical,903138752,N/A,-50.66,N/A,N/A,-44.29 %,16.7 %,20.17,26.24,34.12,Short-to-Medium Term (2–8 weeks)
PIONEEREMB,SELL,-3,23.04,50.87,0.0454,22.75,23.92,23.04,19.5,24.81,2.0,Consumer Cyclical,716459008,116.25,0.2,0.00386,58.416,-26.99 %,20.0 %,16.93,21.88,28.25,Exit / Avoid new positions
DBSTOCKBRO,SELL,-3,33.75,25.4,-0.9563,37.54,33.76,33.75,24.93,38.16,2.0,Financial Services,1210649984,38.86517,0.89,N/A,3.583,-25.39 %,0.0 %,27.16,32.88,39.8,Exit / Avoid new positions
DIGIDRIVE,STRONG SELL,-7,17.83,38.33,-0.0481,18.51,18.8,17.83,15.67,18.91,2.0,Consumer Cyclical,692442304,12.857143,1.4,0.01969,0.32,-36.36 %,20.0 %,13.34,16.98,21.61,Short-to-Medium Term (2–8 weeks)
SWASTIK,STRONG SELL,-5,19.0,77.61,0.5695,16.34,19.29,19.0,17.2,19.9,2.0,Unknown,1571608320,N/A,N/A,N/A,N/A,-20.92 %,0.0 %,13.18,17.49,23.19,Short-to-Medium Term (2–8 weeks)
SKP,HOLD,-1,159.0,58.4,1.0534,154.55,157.9,159.0,148.02,164.49,2.0,Unknown,3651170048,N/A,N/A,N/A,N/A,-23.2 %,16.7 %,122.0,154.97,196.75,Monitor weekly; re-evaluate on next earnings or macro event
GSEC10IETF,HOLD,0,265.45,48.17,-0.2071,264.15,261.48,265.45,258.37,268.99,2.0,Unknown,N/A,N/A,N/A,N/A,N/A,-0.62 %,60.0 %,257.93,266.85,276.06,Monitor weekly; re-evaluate on next earnings or macro event
FONEBOX,SELL,-2,82.0,90.91,1.3036,74.82,79.87,82.0,77.89,84.06,2.0,Unknown,2023784960,N/A,N/A,N/A,N/A,-47.15 %,0.0 %,59.28,77.18,100.43,Exit / Avoid new positions
MOBANK10,SELL,-3,16.88,33.52,-0.0952,17.29,16.76,16.88,16.07,17.29,1.98,Unknown,N/A,17.012777,N/A,N/A,N/A,N/A,N/A,15.49,16.9,18.44,Exit / Avoid new positions
BVCL,STRONG SELL,-7,41.08,33.37,-0.1613,42.07,41.94,41.08,36.85,43.2,2.0,Basic Materials,899695936,312.30768,0.13,0.00234,23.443,-12.22 %,50.0 %,29.89,39.47,52.1,Short-to-Medium Term (2–8 weeks)
UMAEXPORTS,STRONG SELL,-6,19.47,26.99,-0.1076,21.12,22.82,19.47,16.77,20.82,2.0,Consumer Defensive,668420416,79.08,0.25,0.0043,72.162,-32.04 %,0.0 %,13.06,17.63,23.79,Short-to-Medium Term (2–8 weeks)
ISHAN,SELL,-4,0.5,40.0,0.0008,0.53,0.58,0.5,0.41,0.55,1.8,Unknown,486529408,N/A,N/A,N/A,N/A,-7.9 %,25.0 %,0.33,0.45,0.62,Exit / Avoid new positions
HOLMARC,BUY,2,109.0,76.92,0.2684,105.15,103.88,109.0,114.91,106.05,2.0,Unknown,1094947456,N/A,N/A,N/A,N/A,-11.52 %,33.3 %,79.16,108.09,147.49,Medium-to-Long Term (1–6 months)
MEDIORG,HOLD,-1,25.5,60.12,0.2616,23.89,23.35,25.5,23.61,26.45,1.99,Unknown,1186964992,N/A,N/A,N/A,N/A,-2.79 %,25.0 %,17.42,23.53,31.76,Monitor weekly; re-evaluate on next earnings or macro event
SEL,HOLD,1,264.5,78.36,5.0756,222.68,202.57,264.5,221.99,285.75,2.0,Unknown,834982272,N/A,N/A,N/A,N/A,-3.63 %,42.9 %,185.78,254.96,349.65,Monitor weekly; re-evaluate on next earnings or macro event
ALKALI,STRONG SELL,-5,69.99,24.16,-1.6735,81.74,83.36,69.99,57.45,76.26,2.0,Basic Materials,705138560,65.952385,1.05,N/A,40.789,18.58 %,50.0 %,52.32,66.9,85.5,Short-to-Medium Term (2–8 weeks)
LAHOTIOV,HOLD,1,43.95,51.46,0.0358,43.27,43.61,43.95,37.74,47.05,2.0,,N/A,N/A,N/A,0.06895,14.865,N/A,N/A,33.63,43.56,56.39,Monitor weekly; re-evaluate on next earnings or macro event
ACEINTEG,STRONG SELL,-5,19.31,25.69,-0.1933,20.69,20.46,19.31,16.49,20.72,2.0,Industrials,195840000,N/A,-0.84,-0.05551,0.479,-3.2 %,33.3 %,13.92,18.42,24.36,Short-to-Medium Term (2–8 weeks)
ANIKINDS,STRONG SELL,-7,42.27,34.63,-0.3135,43.73,44.12,42.27,35.25,45.78,2.0,Consumer Defensive,1179523200,N/A,-0.34,0.07674,3.695,-35.84 %,33.3 %,31.74,40.73,52.23,Short-to-Medium Term (2–8 weeks)
MADHAVBAUG,SELL,-2,191.9,57.64,0.8813,192.56,186.58,191.9,166.19,204.75,2.0,Unknown,1555990656,N/A,N/A,N/A,N/A,14.11 %,40.0 %,144.67,193.81,259.48,Exit / Avoid new positions
GOLDKART,SELL,-2,128.25,0.0,0.2962,135.99,143.21,128.25,126.39,129.18,2.0,Unknown,2114954112,N/A,N/A,N/A,N/A,-11.87 %,25.0 %,110.69,126.94,145.54,Exit / Avoid new positions
BALKRISHNA,STRONG SELL,-6,17.54,39.48,-0.0635,18.11,18.34,17.54,15.02,18.8,2.0,Consumer Cyclical,563841792,N/A,-2.14,N/A,N/A,-5.15 %,50.0 %,13.6,17.06,21.38,Short-to-Medium Term (2–8 weeks)
SUVIDHAA,STRONG SELL,-6,2.41,28.57,-0.0077,2.57,2.66,2.41,2.05,2.59,2.0,Technology,529818368,N/A,-0.48,-0.303,4.64,-24.22 %,33.3 %,1.71,2.25,2.96,Short-to-Medium Term (2–8 weeks)
BTTL,SELL,-4,48.6,39.66,-1.1073,51.15,42.55,48.6,38.97,53.41,2.0,Consumer Cyclical,2773315584,N/A,-1.92,-0.06722,N/A,N/A,N/A,37.59,55.88,82.99,Exit / Avoid new positions
EFORCE,STRONG SELL,-8,21.0,53.09,-0.044,21.72,22.51,21.0,17.61,22.7,1.99,Unknown,1717560064,N/A,N/A,N/A,N/A,-22.31 %,33.3 %,14.58,19.32,25.56,Short-to-Medium Term (2–8 weeks)
KSR,STRONG SELL,-6,28.51,33.9,-0.0151,30.18,31.9,28.51,22.12,31.71,2.0,Consumer Cyclical,516800128,N/A,-6.93,-0.33792,45.357,13.59 %,100.0 %,19.67,27.6,38.7,Short-to-Medium Term (2–8 weeks)
HEADSUP,HOLD,-1,7.09,58.76,0.0486,6.88,7.05,7.09,6.07,7.6,2.0,Consumer Cyclical,148395120,N/A,-0.01,-0.00213,N/A,-24.01 %,0.0 %,5.24,6.79,8.81,Monitor weekly; re-evaluate on next earnings or macro event
GATECHDVR,SELL,-4,0.44,41.67,0.0013,0.44,0.46,0.44,0.35,0.48,2.25,Financial Services,581583680,6.428571,0.07,0.10936,N/A,-64.06 %,0.0 %,0.3,0.39,0.51,Exit / Avoid new positions
AKSHAR,STRONG SELL,-6,0.41,25.0,-0.0011,0.43,0.45,0.41,0.35,0.44,2.0,Consumer Cyclical,322862080,N/A,-0.09,-0.08741,6.226,-7.87 %,0.0 %,0.27,0.36,0.48,Short-to-Medium Term (2–8 weeks)
GSS,STRONG SELL,-5,11.89,29.35,-0.0367,12.51,12.94,11.89,10.36,12.66,1.99,Technology,316649984,N/A,-19.27,-0.15468,48.025,-18.43 %,0.0 %,8.01,10.42,13.55,Short-to-Medium Term (2–8 weeks)
SABAR,BUY,3,5.65,57.69,0.1052,5.06,5.44,5.65,6.28,5.33,1.97,Unknown,512196032,N/A,N/A,N/A,N/A,-72.25 %,0.0 %,3.78,5.12,6.94,Medium-to-Long Term (1–6 months)
DHTL,STRONG SELL,-5,37.5,76.34,0.3218,37.45,41.97,37.5,35.67,38.41,2.01,Unknown,329051136,N/A,N/A,N/A,N/A,-22.03 %,20.0 %,26.79,35.06,45.86,Short-to-Medium Term (2–8 weeks)
RCDL,SELL,-2,24.0,34.93,-0.1681,25.3,25.88,24.0,21.96,25.02,2.0,Unknown,844229568,N/A,N/A,N/A,N/A,-25.37 %,33.3 %,16.81,23.27,32.19,Exit / Avoid new positions
BNALTD,HOLD,0,466.95,64.91,5.0879,417.75,379.76,466.95,334.62,533.12,2.0,,N/A,N/A,N/A,-0.01186,68.133,N/A,N/A,307.67,487.32,771.07,Monitor weekly; re-evaluate on next earnings or macro event
ZODIACLOTH,STRONG SELL,-9,75.84,47.11,-0.4909,78.27,77.64,75.84,64.05,81.73,2.0,Consumer Cyclical,2058261504,N/A,-13.33,-0.18084,58.75,-8.5 %,25.0 %,58.06,72.78,91.2,Short-to-Medium Term (2–8 weeks)
ODIGMA,STRONG SELL,-8,23.06,31.24,-0.0882,23.62,23.67,23.06,20.63,24.27,2.01,Communication Services,705190592,N/A,-0.35,-0.01924,N/A,-52.29 %,0.0 %,15.62,20.0,25.6,Short-to-Medium Term (2–8 weeks)
ASHOKAMET,STRONG SELL,-8,14.27,34.16,-0.0157,14.61,15.12,14.27,12.68,15.06,2.01,Basic Materials,352693536,2.3322313,6.05,0.08558,43.157,5.87 %,16.7 %,11.03,13.9,17.52,Short-to-Medium Term (2–8 weeks)
TOUCHWOOD,STRONG SELL,-8,67.0,37.28,-0.1128,68.46,69.91,67.0,60.25,70.38,2.0,Communication Services,741335360,18.278688,3.66,0.094399996,7.901,-4.36 %,12.5 %,48.83,63.68,83.0,Short-to-Medium Term (2–8 weeks)
PRATHAM,STRONG SELL,-7,114.15,39.24,-0.0737,118.24,120.54,114.15,101.07,120.69,2.0,Unknown,5369736192,N/A,N/A,N/A,N/A,-40.34 %,0.0 %,83.55,107.26,137.62,Short-to-Medium Term (2–8 weeks)
AHLWEST,SELL,-3,569.0,39.3,-1.9961,574.97,589.99,569.0,500.39,603.3,2.0,Consumer Cyclical,6280002048,9.666428,55.76,N/A,N/A,270.76 %,100.0 %,539.84,615.85,702.37,Exit / Avoid new positions
TECILCHEM,SELL,-3,9.99,48.75,0.083,9.92,10.86,9.99,7.41,11.28,2.0,Financial Services,178449072,N/A,-0.22,N/A,N/A,-60.39 %,0.0 %,7.04,9.49,12.79,Exit / Avoid new positions
BI,STRONG SELL,-6,58.46,37.43,-0.3975,61.86,61.36,58.46,49.82,62.78,2.0,,N/A,N/A,N/A,-0.05209,836.849,N/A,N/A,43.13,55.84,72.26,Short-to-Medium Term (2–8 weeks)
SANDESH,STRONG SELL,-8,974.55,42.06,-0.9027,981.19,977.08,974.55,908.49,1007.58,2.0,Communication Services,7365046784,11.180053,87.03,N/A,0.336,-36.28 %,20.0 %,766.49,939.26,1150.45,Short-to-Medium Term (2–8 weeks)
KHAITANLTD,HOLD,1,130.83,55.65,0.006,130.42,131.5,130.83,115.17,138.66,2.0,Industrials,652719360,10.204082,12.74,0.19865,16.193,27.41 %,33.3 %,99.89,132.21,174.88,Monitor weekly; re-evaluate on next earnings or macro event
SANGANI,STRONG SELL,-7,44.8,47.73,-0.0211,44.52,45.81,44.8,43.69,45.35,2.02,Unknown,619964544,N/A,N/A,N/A,N/A,-3.94 %,16.7 %,34.81,44.55,56.97,Short-to-Medium Term (2–8 weeks)
URAVIDEF,STRONG SELL,-7,114.0,29.55,-0.5976,118.81,117.15,114.0,94.89,123.56,2.0,Consumer Cyclical,1320120064,120.62501,0.96,0.02152,47.2,-36.11 %,28.6 %,80.81,102.59,130.18,Short-to-Medium Term (2–8 weeks)
BIOFILCHEM,STRONG SELL,-8,32.82,43.93,-0.1172,33.57,34.39,32.82,29.28,34.59,2.0,Healthcare,535245280,19.233917,1.71,0.13811,14.005,-24.28 %,25.0 %,23.75,31.28,41.17,Short-to-Medium Term (2–8 weeks)
VIVO,HOLD,-1,77.35,,0.028,77.35,77.92,77.35,72.71,79.67,2.0,Unknown,163215008,N/A,N/A,N/A,N/A,-11.63 %,20.0 %,65.0,76.77,90.64,Monitor weekly; re-evaluate on next earnings or macro event
DUGLOBAL,STRONG SELL,-7,25.95,30.65,-0.2235,29.74,33.13,25.95,21.87,27.99,2.0,Unknown,5058795008,N/A,N/A,N/A,N/A,-44.41 %,0.0 %,17.69,24.18,33.02,Short-to-Medium Term (2–8 weeks)
DGCONTENT,STRONG SELL,-9,24.99,53.81,-0.0998,25.54,26.35,24.99,20.82,27.07,2.0,Communication Services,1456362752,193.07693,0.13,0.025209999,265.556,-1.16 %,40.0 %,18.84,24.37,31.5,Short-to-Medium Term (2–8 weeks)
PML,SELL,-4,476.05,46.37,1.8495,483.91,507.09,476.05,399.67,514.24,2.0,,N/A,N/A,N/A,0.01186,1.138,N/A,N/A,351.6,424.68,512.74,Exit / Avoid new positions
DANGEE,STRONG SELL,-6,2.92,13.64,-0.0233,3.15,3.19,2.92,2.53,3.11,2.05,Consumer Cyclical,452686528,N/A,-0.09,-0.092259996,157.724,-65.18 %,0.0 %,2.04,2.74,3.67,Short-to-Medium Term (2–8 weeks)
JAINAM,STRONG SELL,-5,235.0,24.05,-1.3873,246.45,252.58,235.0,226.84,239.08,2.0,Unknown,1478567936,N/A,N/A,N/A,N/A,-22.67 %,28.6 %,190.21,240.18,303.11,Short-to-Medium Term (2–8 weeks)
DOLLEX,SELL,-3,29.85,54.55,0.0839,29.8,30.47,29.85,26.88,31.34,1.99,Unknown,989311360,N/A,N/A,N/A,N/A,-26.5 %,20.0 %,23.26,29.25,36.77,Exit / Avoid new positions
MODIRUBBER,SELL,-3,126.0,40.61,-0.5285,129.1,128.78,126.0,112.05,132.97,2.0,Real Estate,3090001664,474.61542,0.26,0.00093999994,3.356,-29.96 %,14.3 %,96.31,126.9,167.09,Exit / Avoid new positions
VERA,BUY,2,78.25,,1.5113,68.19,68.67,78.25,80.98,76.89,2.01,Unknown,339281248,N/A,N/A,N/A,N/A,-11.72 %,0.0 %,68.73,77.9,88.26,Medium-to-Long Term (1–6 months)
GROBTEA,STRONG SELL,-9,899.95,50.35,-2.6136,911.46,906.79,899.95,807.52,946.17,2.0,Consumer Defensive,1051908672,18.282827,49.5,0.06371,56.997,-21.08 %,16.7 %,688.37,890.96,1152.53,Short-to-Medium Term (2–8 weeks)
DELAPLEX,STRONG SELL,-7,95.55,34.14,-0.1906,100.08,104.17,95.55,86.13,100.26,2.0,Unknown,2451501056,N/A,N/A,N/A,N/A,-35.68 %,0.0 %,68.4,89.24,116.37,Short-to-Medium Term (2–8 weeks)
GLOBALPET,BUY,3,160.0,50.0,0.6516,153.64,151.69,160.0,173.62,153.19,2.0,Unknown,1141610496,N/A,N/A,N/A,N/A,8.64 %,33.3 %,125.98,163.63,212.42,Medium-to-Long Term (1–6 months)
MVKAGRO,SELL,-4,377.85,45.58,2.5281,390.66,423.39,377.85,318.69,407.43,2.0,Unknown,885253504,N/A,N/A,N/A,N/A,1199.7 %,50.0 %,329.11,419.88,535.39,Exit / Avoid new positions
HDFCLOWVOL,SELL,-2,20.73,48.95,-0.004,20.54,20.25,20.73,19.92,21.14,1.98,Unknown,N/A,26.725058,N/A,N/A,N/A,-1.49 %,40.0 %,19.35,20.71,22.17,Exit / Avoid new positions
DHRUV,STRONG SELL,-7,23.99,38.93,-0.1159,25.98,27.83,23.99,19.22,26.38,2.0,Industrials,455197632,N/A,-14.79,-0.32422,38.855,-55.97 %,0.0 %,16.63,21.5,27.78,Short-to-Medium Term (2–8 weeks)
BHANDARI,SELL,-2,2.87,34.62,0.0012,2.93,3.03,2.87,2.6,3.0,2.08,Consumer Cyclical,965573760,13.181819,0.22,0.04617,57.828,-26.87 %,33.3 %,2.1,2.7,3.46,Exit / Avoid new positions
ANMOL,STRONG SELL,-6,10.04,12.03,-0.0788,10.79,11.16,10.04,8.87,10.62,2.02,Energy,583370048,5.150754,1.99,0.09981,165.862,-19.64 %,0.0 %,7.37,9.27,11.66,Short-to-Medium Term (2–8 weeks)
RAJRILTD,STRONG SELL,-6,20.67,11.84,-0.2018,22.08,21.34,20.67,18.57,21.72,2.0,Consumer Cyclical,11565865984,48.904766,0.42,0.24372,142.191,-31.2 %,42.9 %,17.99,20.53,23.41,Short-to-Medium Term (2–8 weeks)
RAJTV,SELL,-4,11.81,43.61,0.1763,11.99,13.8,11.81,10.61,12.41,2.0,Communication Services,621921856,79.86666,0.15,0.00638,16.564,31.77 %,50.0 %,8.22,10.53,13.49,Exit / Avoid new positions
SHARDUL,HOLD,-1,50.93,77.73,1.2395,40.96,33.45,50.93,40.91,55.94,2.0,Financial Services,4022889728,17.350943,2.65,N/A,41.655,-3.11 %,0.0 %,43.07,64.88,97.63,Monitor weekly; re-evaluate on next earnings or macro event
SILLYMONKS,HOLD,-1,16.6,54.63,0.0413,16.14,16.54,16.6,13.54,18.13,2.0,Communication Services,161746992,N/A,-1.85,-0.20266001,N/A,-24.86 %,42.9 %,12.23,16.23,21.52,Monitor weekly; re-evaluate on next earnings or macro event
VIVIDHA,STRONG SELL,-5,0.52,47.06,0.0008,0.52,0.53,0.52,0.43,0.57,1.8,Consumer Cyclical,149277280,N/A,-0.05,-4.25405,N/A,-29.39 %,0.0 %,0.39,0.49,0.62,Short-to-Medium Term (2–8 weeks)
PEARLPOLY,STRONG SELL,-6,17.0,38.32,-0.0449,17.77,18.37,17.0,14.0,18.5,2.0,Consumer Cyclical,294611296,N/A,-2.83,-0.15317,N/A,-20.32 %,16.7 %,12.28,16.25,21.5,Short-to-Medium Term (2–8 weeks)
UMESLTD,SELL,-3,5.36,34.73,-0.0476,5.7,5.57,5.36,4.4,5.84,2.0,Consumer Defensive,151029648,37.666664,0.15,0.04626,9.177,-49.96 %,20.0 %,4.01,5.15,6.61,Exit / Avoid new positions
ABMKNO,STRONG SELL,-7,197.99,36.66,-0.839,204.99,212.45,197.99,171.41,211.28,2.0,,N/A,N/A,N/A,0.04177,N/A,N/A,N/A,135.26,176.38,229.87,Short-to-Medium Term (2–8 weeks)
MOPSE,SELL,-2,101.64,50.23,0.171,101.1,102.76,101.64,99.6,102.66,2.0,Unknown,N/A,10.413481,N/A,N/A,N/A,-8.4 %,33.3 %,94.0,101.68,109.97,Exit / Avoid new positions
AURUS,SELL,-3,4.74,55.56,0.0352,4.66,4.84,4.74,3.9,5.16,2.0,Consumer Cyclical,139754160,8.033898,0.59,0.09988,78.961,-47.28 %,0.0 %,3.43,4.62,6.24,Exit / Avoid new positions
TARMAT,SELL,-3,50.44,50.61,0.2991,49.41,50.87,50.44,44.71,53.3,2.0,Industrials,1265744896,20.119522,2.51,0.034679998,8.047,-21.64 %,16.7 %,38.34,48.37,61.0,Exit / Avoid new positions
MONEXT50,HOLD,-1,72.56,55.48,-0.0307,71.82,70.72,72.56,70.79,73.45,1.99,Unknown,N/A,19.663382,N/A,N/A,N/A,-11.46 %,0.0 %,67.19,73.22,79.77,Monitor weekly; re-evaluate on next earnings or macro event
CHEMBOND,SELL,-3,171.85,30.52,-1.6915,182.08,174.43,171.85,149.08,183.23,2.0,Basic Materials,2286881536,15.759963,10.79,N/A,2.49,10.98 %,50.0 %,118.34,157.21,208.7,Exit / Avoid new positions
TFL,STRONG SELL,-8,11.17,39.13,-0.034,11.33,11.88,11.17,8.98,12.27,1.99,Financial Services,614545536,N/A,-0.81,-0.13848,107.02,-5.85 %,66.7 %,8.0,10.52,13.84,Short-to-Medium Term (2–8 weeks)
NDGL,SELL,-3,2736.0,54.8,-12.7239,2730.7,2633.25,2736.0,2157.87,3025.07,2.0,Financial Services,2780000000,N/A,-93.3,N/A,N/A,9.64 %,66.7 %,2141.29,2696.56,3394.09,Exit / Avoid new positions
ENFUSE,HOLD,-1,171.0,50.0,0.5437,166.06,169.45,171.0,150.87,181.06,2.0,Unknown,1627958400,N/A,N/A,N/A,N/A,-25.59 %,16.7 %,122.91,167.6,228.37,Monitor weekly; re-evaluate on next earnings or macro event
TEAMGTY,SELL,-3,229.49,51.23,0.9002,227.76,239.04,229.49,166.1,261.19,2.0,Financial Services,2110242304,293.3125,0.8,0.014880001,N/A,56.97 %,66.7 %,179.26,235.68,309.66,Exit / Avoid new positions
CELLPOINT,HOLD,1,20.05,75.6,0.5532,16.31,16.18,20.05,17.59,21.28,2.0,Unknown,637178944,N/A,N/A,N/A,N/A,-21.34 %,0.0 %,15.07,19.28,24.66,Monitor weekly; re-evaluate on next earnings or macro event
AROGRANITE,STRONG SELL,-8,25.25,49.29,-0.0252,25.34,25.41,25.25,21.77,26.99,2.0,Industrials,382806016,N/A,-7.79,-0.065689996,87.15,-17.26 %,20.0 %,18.85,23.77,29.96,Short-to-Medium Term (2–8 weeks)
MANUGRAPH,STRONG SELL,-5,13.09,22.53,-0.1795,14.78,15.27,13.09,10.48,14.39,2.01,Industrials,451883872,8.846626,1.63,0.08901,5.169,1.03 %,60.0 %,9.4,12.6,16.89,Short-to-Medium Term (2–8 weeks)
HBESD,HOLD,-1,75.33,55.31,0.0095,75.76,75.2,75.33,63.54,81.22,2.0,Unknown,N/A,N/A,N/A,N/A,N/A,-4.45 %,0.0 %,57.2,79.03,109.12,Monitor weekly; re-evaluate on next earnings or macro event
CYBERMEDIA,STRONG SELL,-6,15.93,45.23,-0.0002,15.9,16.61,15.93,13.17,17.31,2.0,Communication Services,325985120,6.3104835,2.48,N/A,216.303,3.3 %,40.0 %,11.37,15.24,20.42,Short-to-Medium Term (2–8 weeks)
SBINMID150,STRONG SELL,-5,22.95,48.91,-0.0386,22.98,22.69,22.95,22.17,23.34,2.0,Unknown,N/A,27.793566,N/A,N/A,N/A,N/A,N/A,22.2,24.15,26.26,Short-to-Medium Term (2–8 weeks)
PLADAINFO,STRONG SELL,-7,10.9,30.43,-0.0897,11.46,11.39,10.9,10.42,11.14,2.0,Unknown,257648688,N/A,N/A,N/A,N/A,-28.52 %,20.0 %,7.62,10.15,13.52,Short-to-Medium Term (2–8 weeks)
FMNL,STRONG SELL,-5,9.18,22.17,-0.0843,9.93,10.38,9.18,7.5,10.02,2.0,Real Estate,614219200,7.7966104,1.18,0.07251,130.24,50.1 %,50.0 %,7.16,9.3,12.07,Short-to-Medium Term (2–8 weeks)
LCCINFOTEC,STRONG SELL,-7,4.34,40.56,-0.0255,4.57,4.53,4.34,3.53,4.75,1.98,Consumer Defensive,553212928,N/A,-0.04,-0.022739999,0.786,-39.34 %,16.7 %,3.2,4.24,5.6,Short-to-Medium Term (2–8 weeks)
HDIL,SELL,-3,1.66,40.0,0.0042,1.71,1.82,1.66,1.42,1.78,2.0,Real Estate,786846656,N/A,-0.02,N/A,N/A,-53.59 %,0.0 %,1.27,1.57,1.95,Exit / Avoid new positions
VR,STRONG SELL,-5,108.0,77.52,1.8282,103.97,118.55,108.0,105.24,109.38,2.0,Unknown,1598400000,N/A,N/A,N/A,N/A,-37.88 %,28.6 %,76.63,103.26,139.04,Short-to-Medium Term (2–8 weeks)
KLL,STRONG SELL,-7,28.15,36.65,-0.0061,30.55,33.59,28.15,21.91,31.27,2.0,Unknown,1848367488,N/A,N/A,N/A,N/A,-37.32 %,25.0 %,18.85,25.8,35.29,Short-to-Medium Term (2–8 weeks)
BNKETFAXIS,SELL,-4,589.4,42.17,-2.1862,594.31,581.54,589.4,567.53,600.33,2.0,Unknown,N/A,14.741206,N/A,N/A,N/A,-3.67 %,20.0 %,545.97,592.26,642.35,Exit / Avoid new positions
KREBSBIO,SELL,-3,55.5,43.55,0.0341,55.76,60.81,55.5,45.66,60.42,2.0,Healthcare,1150257280,N/A,-7.85,N/A,N/A,-5.53 %,50.0 %,40.26,53.34,70.62,Exit / Avoid new positions
SYNOPTICS,HOLD,-1,78.1,47.59,-0.4702,75.51,65.44,78.1,70.99,81.66,2.0,Unknown,884464000,N/A,N/A,N/A,N/A,-47.06 %,16.7 %,56.26,76.03,102.66,Monitor weekly; re-evaluate on next earnings or macro event
DCMFINSERV,STRONG SELL,-6,5.26,47.73,-0.0151,5.27,5.4,5.26,4.48,5.65,2.0,Financial Services,116599032,N/A,-0.46,N/A,N/A,-54.28 %,16.7 %,3.94,5.18,6.81,Short-to-Medium Term (2–8 weeks)
EQUAL50,HOLD,-1,331.25,45.81,-0.2246,330.35,327.68,331.25,322.31,335.72,2.0,Unknown,N/A,23.97181,N/A,N/A,N/A,-6.13 %,40.0 %,311.32,333.04,356.23,Monitor weekly; re-evaluate on next earnings or macro event
SNXT30BEES,HOLD,1,42.18,44.77,-0.0052,42.08,42.06,42.18,40.65,42.95,1.99,,N/A,N/A,N/A,N/A,N/A,-5.52 %,33.3 %,39.52,42.58,45.87,Monitor weekly; re-evaluate on next earnings or macro event
SHEKHAWATI,STRONG SELL,-7,12.63,31.25,-0.1106,13.29,14.02,12.63,10.23,13.83,2.0,Consumer Cyclical,434322016,4.941177,2.55,0.50071,6.28,-35.78 %,0.0 %,8.66,11.37,14.93,Short-to-Medium Term (2–8 weeks)
PIONRINV,SELL,-2,93.26,56.39,1.4732,90.1,99.3,93.26,69.65,105.06,2.0,,N/A,N/A,N/A,0.09714,61.363,N/A,N/A,58.56,87.02,129.21,Exit / Avoid new positions
ZSARACOM,SELL,-3,12342.5,49.42,-77.4876,11971.75,10517.86,12342.5,10069.37,13479.07,2.0,,N/A,N/A,N/A,0.08876,0.011,N/A,N/A,9883.11,13557.35,18584.59,Exit / Avoid new positions
VITAL,STRONG SELL,-6,46.0,25.6,-0.5788,50.63,52.84,46.0,41.53,48.23,2.0,Basic Materials,1101750656,106.976746,0.43,0.01066,61.906,-23.54 %,20.0 %,34.58,43.93,55.77,Short-to-Medium Term (2–8 weeks)
WINNY,STRONG SELL,-7,35.6,18.44,-0.156,38.12,39.76,35.6,33.32,36.74,2.0,Unknown,629299968,N/A,N/A,N/A,N/A,-47.4 %,0.0 %,23.55,31.15,41.19,Short-to-Medium Term (2–8 weeks)
BLUEPEBBLE,SELL,-4,70.0,38.15,0.5283,72.04,80.92,70.0,63.52,73.24,2.0,Unknown,1077323904,N/A,N/A,N/A,N/A,-44.4 %,20.0 %,46.42,63.38,86.47,Exit / Avoid new positions
RVTH,STRONG SELL,-7,709.5,42.53,-4.4301,724.55,723.63,709.5,617.85,755.33,2.0,Industrials,2248069120,16.245567,45.12,0.10374,48.324,-39.16 %,0.0 %,491.66,639.89,832.31,Short-to-Medium Term (2–8 weeks)
GILLANDERS,STRONG SELL,-9,88.14,45.32,-0.132,89.4,90.1,88.14,77.55,93.44,2.0,Consumer Defensive,1880687616,19.89165,4.43,0.03763,57.612,18.14 %,50.0 %,70.32,87.37,108.5,Short-to-Medium Term (2–8 weeks)
APCL,SELL,-3,104.99,48.67,0.4497,104.33,111.13,104.99,91.04,111.96,2.0,Basic Materials,3084350208,N/A,-9.8,-0.079629995,62.349,-13.48 %,25.0 %,79.98,100.29,125.68,Exit / Avoid new positions
PREMCO,SELL,-2,368.15,51.72,0.5684,367.38,374.13,368.15,332.96,385.75,2.0,,N/A,N/A,N/A,0.05768,17.8,N/A,N/A,274.84,344.7,432.11,Exit / Avoid new positions
MOSERVICE,STRONG SELL,-5,31.01,52.87,-0.0543,31.02,30.36,31.01,30.08,31.48,1.98,Unknown,N/A,20.383238,N/A,N/A,N/A,-2.65 %,0.0 %,27.64,30.51,33.66,Short-to-Medium Term (2–8 weeks)
ROML,STRONG SELL,-9,44.98,45.09,-0.0313,45.14,45.71,44.98,40.87,47.03,2.0,Consumer Defensive,664448384,14.254021,3.11,N/A,1222.773,3.91 %,60.0 %,34.38,44.37,57.24,Short-to-Medium Term (2–8 weeks)
MTEDUCARE,HOLD,0,2.0,55.13,-0.0056,1.96,1.9,2.0,1.55,2.23,1.96,Consumer Defensive,145178384,N/A,-0.43,N/A,N/A,-39.13 %,20.0 %,1.49,1.92,2.48,Monitor weekly; re-evaluate on next earnings or macro event
CELEBRITY,STRONG SELL,-6,6.99,24.81,-0.0366,7.39,7.56,6.99,5.61,7.68,2.0,Consumer Cyclical,467975488,N/A,-2.61,-1.0420899,605.198,-20.37 %,50.0 %,4.95,6.57,8.72,Short-to-Medium Term (2–8 weeks)
TIMESCAN,STRONG SELL,-9,41.05,47.06,-0.1418,41.43,41.32,41.05,37.81,42.67,2.0,Unknown,441991008,N/A,N/A,N/A,N/A,-26.13 %,20.0 %,30.74,39.73,51.31,Short-to-Medium Term (2–8 weeks)
NAGREEKCAP,SELL,-3,22.73,34.43,0.0109,23.77,26.13,22.73,19.01,24.59,2.0,Financial Services,295198016,4.349442,5.38,0.29845,380.22,-21.97 %,16.7 %,16.85,22.35,29.63,Exit / Avoid new positions
FLFL,SELL,-4,1.34,44.74,0.0088,1.34,1.37,1.34,1.1,1.46,2.0,Consumer Cyclical,254236352,N/A,-68.02,N/A,N/A,-70.15 %,12.5 %,1.02,1.29,1.61,Exit / Avoid new positions
SENSEXAXIS,SELL,-4,79.89,42.42,-0.1221,80.08,79.56,79.89,76.11,81.78,2.0,Unknown,N/A,N/A,N/A,N/A,N/A,3.06 %,60.0 %,73.75,79.56,85.81,Exit / Avoid new positions
SPRL,STRONG SELL,-6,93.0,2.13,-2.2216,106.9,96.4,93.0,88.98,95.01,2.0,Unknown,461691008,N/A,N/A,N/A,N/A,-23.88 %,16.7 %,66.82,86.84,112.77,Short-to-Medium Term (2–8 weeks)
LOWVOL,SELL,-2,208.11,50.37,-0.0279,205.84,202.75,208.11,202.92,210.71,2.0,Unknown,N/A,26.79222,N/A,N/A,N/A,-1.77 %,40.0 %,195.24,208.02,221.61,Exit / Avoid new positions
ARVEE,STRONG SELL,-8,158.27,40.87,-0.2904,159.82,162.35,158.27,141.11,166.85,2.0,Basic Materials,1763089920,85.10107,1.88,0.07767,3.296,-30.21 %,28.6 %,115.06,155.85,210.97,Short-to-Medium Term (2–8 weeks)
RUCHINFRA,SELL,-2,5.95,45.37,0.0251,5.93,6.13,5.95,5.02,6.42,1.98,Industrials,1394907392,18.46875,0.32,0.04912,40.879,-15.35 %,0.0 %,4.27,5.57,7.25,Exit / Avoid new positions
MASKINVEST,STRONG SELL,-7,151.0,42.46,-0.534,152.28,152.01,151.0,140.14,156.43,2.0,Financial Services,460776512,755.0,0.2,0.00074,1.191,16.74 %,20.0 %,109.01,153.81,216.86,Short-to-Medium Term (2–8 weeks)
INFOMEDIA,STRONG SELL,-8,5.45,49.51,-0.0185,5.65,5.73,5.45,4.34,6.0,2.02,Financial Services,278075712,N/A,-0.4,N/A,N/A,-48.05 %,0.0 %,4.14,5.35,6.91,Short-to-Medium Term (2–8 weeks)
MILTON,STRONG SELL,-5,35.15,0.0,-0.2268,38.18,39.36,35.15,33.53,35.96,2.0,Unknown,674701504,N/A,N/A,N/A,N/A,33.93 %,33.3 %,29.14,34.57,41.0,Short-to-Medium Term (2–8 weeks)
WEIZMANIND,STRONG SELL,-8,77.41,30.6,-0.173,79.68,81.9,77.41,67.99,82.12,2.0,Consumer Cyclical,1200773504,20.287958,3.82,0.0932,9.442,-12.23 %,28.6 %,60.47,75.03,93.06,Short-to-Medium Term (2–8 weeks)
SPLIL,STRONG SELL,-8,30.92,46.47,-0.172,31.75,31.01,30.92,23.84,34.46,2.0,Consumer Cyclical,912908800,12.798354,2.43,0.03323,0.002,-34.39 %,0.0 %,23.22,29.34,37.06,Short-to-Medium Term (2–8 weeks)
MSCIADD,SELL,-2,29.5,44.36,-0.0431,29.46,29.14,29.5,28.66,29.92,2.0,Unknown,N/A,22.465355,N/A,N/A,N/A,-0.98 %,0.0 %,26.47,29.2,32.21,Exit / Avoid new positions
SONAMAC,HOLD,-1,35.25,70.09,0.4691,32.63,34.33,35.25,31.71,37.02,2.0,Unknown,2660064000,N/A,N/A,N/A,N/A,-31.27 %,0.0 %,23.44,31.52,42.36,Monitor weekly; re-evaluate on next earnings or macro event
VISHWAS,STRONG SELL,-5,44.0,23.31,-0.4818,47.87,49.35,44.0,41.69,45.16,1.99,Unknown,867500032,N/A,N/A,N/A,N/A,-18.15 %,28.6 %,32.77,41.99,53.77,Short-to-Medium Term (2–8 weeks)
SECURKLOUD,STRONG SELL,-7,17.51,36.6,-0.0169,18.25,19.3,17.51,14.18,19.18,1.99,Technology,606402432,N/A,-40.61,N/A,N/A,-48.98 %,0.0 %,12.2,16.6,22.58,Short-to-Medium Term (2–8 weeks)
NEXT30ADD,STRONG BUY,5,42.3,44.55,0.0009,42.22,42.2,42.3,43.53,41.68,1.98,Unknown,N/A,25.127676,N/A,N/A,N/A,-5.27 %,50.0 %,39.67,43.02,46.65,Short-to-Medium Term (2–8 weeks)
SHIVAMILLS,STRONG SELL,-7,59.55,37.69,-0.0721,60.84,62.83,59.55,51.06,63.79,2.0,Consumer Cyclical,534495808,N/A,-0.1,-0.00097000005,N/A,-16.75 %,25.0 %,46.48,57.58,71.3,Short-to-Medium Term (2–8 weeks)
GROWWMC150,SELL,-4,228.96,46.4,-0.4847,229.9,227.23,228.96,213.84,236.52,2.0,Unknown,N/A,27.547478,N/A,N/A,N/A,-3.49 %,0.0 %,206.65,229.02,253.76,Exit / Avoid new positions
JALAN,STRONG SELL,-6,1.6,7.69,-0.0308,1.9,2.02,1.6,1.45,1.68,1.88,Unknown,45792244,N/A,N/A,N/A,N/A,86.06 %,25.0 %,1.16,1.52,2.0,Short-to-Medium Term (2–8 weeks)
LASA,STRONG SELL,-7,6.82,33.1,-0.0347,7.28,7.56,6.82,5.59,7.44,1.98,Healthcare,345698560,N/A,-6.8,-0.51133996,19.643,-29.33 %,20.0 %,4.66,6.27,8.42,Short-to-Medium Term (2–8 weeks)
HISARMETAL,STRONG SELL,-6,146.12,29.93,-0.9343,152.88,152.22,146.12,133.49,152.44,2.0,Basic Materials,803249984,23.205929,6.41,0.052589998,131.655,-43.62 %,0.0 %,117.26,142.55,173.22,Short-to-Medium Term (2–8 weeks)
JAIPURKURT,STRONG SELL,-7,26.65,39.03,-0.0134,27.64,28.98,26.65,22.3,28.82,2.0,Consumer Cyclical,464855040,26.663366,1.01,0.03352,57.634,-38.62 %,16.7 %,19.17,25.91,35.01,Short-to-Medium Term (2–8 weeks)
QUICKTOUCH,STRONG SELL,-7,21.1,32.0,-0.1568,23.45,24.57,21.1,18.49,22.41,1.99,Unknown,1595159424,N/A,N/A,N/A,N/A,-4.54 %,50.0 %,13.86,18.68,25.17,Short-to-Medium Term (2–8 weeks)
MITCON,SELL,-4,73.15,41.71,-0.2009,75.67,79.33,73.15,59.23,80.11,2.0,Industrials,1272947200,13.457944,5.35,0.060110003,56.987,3.6 %,33.3 %,54.09,69.79,89.99,Exit / Avoid new positions
ITALIANE,STRONG SELL,-5,31.85,25.59,-0.3888,35.11,34.91,31.85,28.58,33.48,2.01,Unknown,495773408,N/A,N/A,N/A,N/A,-42.69 %,16.7 %,22.79,31.44,43.33,Short-to-Medium Term (2–8 weeks)
QFIL,SELL,-3,62.8,76.71,-0.2424,60.17,53.5,62.8,62.02,63.19,2.0,Unknown,316793984,N/A,N/A,N/A,N/A,-37.38 %,16.7 %,48.73,60.49,75.06,Exit / Avoid new positions
RITEZONE,SELL,-2,20.5,0.0,-0.4045,22.39,20.35,20.5,19.78,20.86,2.0,Unknown,164980576,N/A,N/A,N/A,N/A,-65.89 %,16.7 %,14.24,19.51,26.7,Exit / Avoid new positions
EBANKNIFTY,SELL,-3,57.43,42.0,-0.2214,58.13,56.85,57.43,54.73,58.78,2.0,Unknown,N/A,14.661034,N/A,N/A,N/A,-2.4 %,25.0 %,53.04,57.8,62.99,Exit / Avoid new positions
GKWLIMITED,STRONG SELL,-7,1609.6,36.08,-11.0564,1708.94,1742.0,1609.6,1409.23,1709.78,2.0,Industrials,9874557952,N/A,-3.86,-0.00089,0.015,-35.0 %,20.0 %,1230.57,1527.53,1895.24,Short-to-Medium Term (2–8 weeks)
MOQUALITY,HOLD,0,201.57,48.77,-0.0713,200.95,200.93,201.57,194.22,205.25,2.0,Unknown,N/A,29.18576,N/A,N/A,N/A,4.13 %,40.0 %,184.92,200.36,217.05,Monitor weekly; re-evaluate on next earnings or macro event
KEEPLEARN,SELL,-3,1.9,47.69,0.0091,1.86,1.97,1.9,1.36,2.17,2.0,Consumer Defensive,300524320,N/A,-0.06,-0.14512,26.43,-47.95 %,0.0 %,1.37,1.8,2.36,Exit / Avoid new positions
ABANSENT,STRONG SELL,-6,26.49,30.99,-0.165,27.97,27.51,26.49,21.48,28.99,2.0,,N/A,N/A,N/A,0.018760001,74.518,N/A,N/A,17.42,26.18,39.32,Short-to-Medium Term (2–8 weeks)
SANWARIA,STRONG SELL,-5,0.2,60.0,0.0017,0.2,0.21,0.2,0.17,0.22,1.5,Consumer Defensive,291325728,Infinity,0.0,N/A,149.496,-58.44 %,12.5 %,0.16,0.19,0.23,Short-to-Medium Term (2–8 weeks)
WIPL,SELL,-2,169.07,44.25,-1.0762,170.6,161.04,169.07,145.22,181.0,2.0,Basic Materials,1434360448,196.51163,0.86,0.0100300005,20.837,-21.1 %,25.0 %,136.72,168.78,208.26,Exit / Avoid new positions
BONLON,SELL,-2,40.55,38.54,0.0485,41.65,43.3,40.55,33.8,43.92,2.0,Basic Materials,663526016,22.5,1.8,0.028959999,38.201,-22.36 %,0.0 %,30.5,38.91,49.61,Exit / Avoid new positions
HYBRIDFIN,STRONG SELL,-7,18.76,41.28,-0.0564,18.93,18.78,18.76,15.28,20.5,2.0,Financial Services,529852960,19.565218,0.92,0.06479,1.585,-26.74 %,33.3 %,13.84,19.15,26.47,Short-to-Medium Term (2–8 weeks)
GLFL,STRONG SELL,-6,5.26,20.3,-0.0551,5.65,6.06,5.26,4.96,5.41,2.0,Financial Services,149734240,276.0,0.02,N/A,N/A,-78.58 %,0.0 %,3.94,5.1,6.6,Short-to-Medium Term (2–8 weeks)
MARINETRAN,SELL,-3,14.15,,0.0982,13.92,14.68,14.15,14.0,14.22,2.14,Unknown,343601984,N/A,N/A,N/A,N/A,-36.41 %,0.0 %,10.22,13.46,17.73,Exit / Avoid new positions
ATLASCYCLE,STRONG SELL,-5,97.47,51.96,0.0554,97.7,98.81,97.47,85.5,103.45,2.0,Consumer Cyclical,634579456,N/A,-12.36,-0.02095,2.371,18.1 %,40.0 %,70.47,103.78,152.72,Short-to-Medium Term (2–8 weeks)
GSEC10YEAR,HOLD,1,30.6,43.86,-0.012,30.48,30.13,30.6,29.55,31.12,2.02,Unknown,N/A,N/A,N/A,N/A,N/A,4.42 %,60.0 %,29.63,30.83,32.08,Monitor weekly; re-evaluate on next earnings or macro event
QUALITY30,HOLD,0,20.78,61.69,0.0401,20.33,20.3,20.78,19.97,21.19,1.98,,N/A,N/A,N/A,N/A,N/A,3.18 %,50.0 %,19.06,20.72,22.51,Monitor weekly; re-evaluate on next earnings or macro event
CMRSL,STRONG SELL,-8,65.1,40.8,-0.1479,65.88,67.77,65.1,61.56,66.87,2.0,Unknown,424560000,N/A,N/A,N/A,N/A,-47.07 %,0.0 %,46.74,61.74,81.51,Short-to-Medium Term (2–8 weeks)
EMKAYTOOLS,STRONG SELL,-7,91.05,35.45,-0.0758,94.22,96.41,91.05,81.93,95.61,2.0,Unknown,9432895488,N/A,N/A,N/A,N/A,-58.05 %,0.0 %,50.81,78.52,121.21,Short-to-Medium Term (2–8 weeks)
LEXUS,SELL,-3,14.97,57.17,0.1556,14.86,15.87,14.97,12.03,16.44,2.0,Industrials,311744768,18.380953,0.84,0.09217,305.089,-52.09 %,0.0 %,10.54,13.91,18.35,Exit / Avoid new positions
MERCANTILE,SELL,-4,24.69,47.68,0.0296,24.74,25.23,24.69,19.26,27.41,2.0,,N/A,N/A,N/A,0.00636,N/A,3.67 %,100.0 %,18.25,25.69,36.15,Exit / Avoid new positions
MHHL,STRONG SELL,-5,33.85,57.47,0.0305,34.37,35.16,33.85,31.3,35.12,2.01,Unknown,1040358080,N/A,N/A,N/A,N/A,-19.0 %,20.0 %,25.38,32.49,41.56,Short-to-Medium Term (2–8 weeks)
MADHAV,STRONG SELL,-7,33.79,38.33,-0.1813,35.53,36.34,33.79,27.76,36.8,2.0,Industrials,308671488,78.40909,0.44,0.00329,6.737,-17.93 %,16.7 %,25.69,32.85,41.98,Short-to-Medium Term (2–8 weeks)
HPIL,SELL,-3,121.84,42.14,0.0329,124.29,127.29,121.84,106.6,129.46,2.0,Basic Materials,1388029312,50.624996,2.4,0.051760003,60.183,-39.56 %,0.0 %,93.75,118.99,150.93,Exit / Avoid new positions
SGL,SELL,-4,9.86,44.9,0.0053,10.02,10.52,9.86,8.18,10.7,2.0,Consumer Cyclical,271673504,N/A,-0.08,-0.00825,48.323,-46.63 %,20.0 %,6.88,9.34,12.68,Exit / Avoid new positions
KARMAENG,SELL,-4,37.81,40.35,0.0144,39.36,41.72,37.81,32.26,40.59,2.0,Utilities,440929568,41.87912,0.91,0.02602,3.739,-14.32 %,33.3 %,26.76,35.53,47.14,Exit / Avoid new positions
VHLTD,SELL,-3,134.09,61.55,0.7611,130.16,134.35,134.09,123.98,139.15,2.0,Consumer Cyclical,9068404736,46.030926,2.91,0.071669996,98.937,28.15 %,40.0 %,112.03,133.1,158.08,Exit / Avoid new positions
IWP,SELL,-4,32.88,51.5,0.0435,32.92,33.73,32.88,27.57,35.54,2.0,,N/A,N/A,N/A,0.012619999,18.586,N/A,N/A,28.67,32.7,37.3,Exit / Avoid new positions
AGRITECH,STRONG SELL,-8,111.98,44.9,-0.0183,112.52,114.12,111.98,98.18,118.88,2.0,Consumer Defensive,674190016,N/A,-1.05,N/A,N/A,-46.11 %,16.7 %,80.57,106.0,139.36,Short-to-Medium Term (2–8 weeks)
REGENCERAM,STRONG SELL,-6,33.6,20.54,-0.5456,38.16,39.88,33.6,24.96,37.92,2.0,Industrials,872572352,N/A,-9.02,N/A,N/A,-63.49 %,14.3 %,25.11,32.68,42.51,Short-to-Medium Term (2–8 weeks)
HAVISHA,SELL,-4,1.21,41.67,0.0086,1.23,1.34,1.21,0.88,1.38,1.94,Consumer Cyclical,194990480,N/A,-0.17,-0.21895,237.227,-50.09 %,0.0 %,0.86,1.15,1.53,Exit / Avoid new positions
SIMBHALS,STRONG SELL,-5,6.85,51.58,0.0308,6.88,7.23,6.85,5.62,7.46,2.02,Consumer Defensive,284784544,N/A,-12.5,N/A,N/A,-29.96 %,50.0 %,5.09,6.27,7.72,Short-to-Medium Term (2–8 weeks)
PREMIER,STRONG SELL,-8,2.94,41.67,-0.0067,2.94,2.95,2.94,2.52,3.15,2.0,Industrials,89671400,N/A,-1.93,N/A,N/A,-34.71 %,11.1 %,2.22,2.83,3.6,Short-to-Medium Term (2–8 weeks)
MONIFTY100,SELL,-3,25.27,51.61,-0.0302,25.25,24.93,25.27,24.49,25.66,2.0,Unknown,N/A,21.247334,N/A,N/A,N/A,-6.84 %,0.0 %,23.11,25.02,27.09,Exit / Avoid new positions
LOYALTEX,SELL,-4,203.94,44.96,0.4263,205.37,209.55,203.94,169.41,221.2,2.0,Consumer Cyclical,1045168768,N/A,-101.89,-0.20754999,105.728,-42.27 %,33.3 %,142.78,189.6,251.6,Exit / Avoid new positions
BSLSENETFG,SELL,-4,77.51,41.09,-0.1609,77.69,76.69,77.51,71.93,80.3,2.0,Unknown,N/A,21.394495,N/A,N/A,N/A,-2.32 %,33.3 %,72.17,77.8,83.84,Exit / Avoid new positions
SBIVALETF,SELL,-4,14.89,45.07,0.023,14.9,,14.89,14.44,15.12,1.96,Unknown,N/A,8.79083,N/A,N/A,N/A,N/A,N/A,13.39,14.37,15.43,Exit / Avoid new positions
FEL,SELL,-4,0.37,44.44,0.0014,0.38,0.4,0.37,0.34,0.39,1.5,Consumer Cyclical,187835936,N/A,-24.47,-2.38273,N/A,-34.02 %,0.0 %,0.3,0.35,0.41,Exit / Avoid new positions
RSDFIN,SELL,-2,82.0,53.0,0.2579,81.5,82.32,82.0,70.3,87.85,2.0,,N/A,N/A,N/A,0.06164,0.899,N/A,N/A,55.49,79.97,115.14,Exit / Avoid new positions
PNC,STRONG SELL,-8,19.6,40.93,-0.1144,20.33,20.36,19.6,15.85,21.48,1.99,Communication Services,297730848,N/A,-8.67,-0.18651,2.364,-36.02 %,16.7 %,13.67,18.0,23.7,Short-to-Medium Term (2–8 weeks)
DAMODARIND,STRONG SELL,-5,28.0,19.04,-0.2698,30.24,30.5,28.0,23.86,30.07,2.0,Consumer Cyclical,647739968,12.034632,2.31,0.03682,113.3,-1.85 %,66.7 %,21.42,26.8,33.51,Short-to-Medium Term (2–8 weeks)
SHAHALLOYS,STRONG SELL,-6,66.33,32.1,-0.7321,70.42,69.85,66.33,56.58,71.2,2.0,Basic Materials,1326435200,1.231165,54.42,2.05844,56.061,-40.12 %,16.7 %,49.52,66.23,88.53,Short-to-Medium Term (2–8 weeks)
AGNI,STRONG SELL,-7,17.15,36.36,-0.0377,17.71,18.23,17.15,16.01,17.72,2.0,Unknown,1011902656,N/A,N/A,N/A,N/A,-50.22 %,0.0 %,11.82,15.88,21.33,Short-to-Medium Term (2–8 weeks)
3PLAND,SELL,-3,32.29,42.41,-0.0194,32.22,32.03,32.29,27.97,34.45,2.0,Unknown,N/A,N/A,N/A,N/A,N/A,22.48 %,66.7 %,24.48,31.79,41.26,Exit / Avoid new positions
GANGESSECU,SELL,-4,116.75,43.9,0.043,117.55,120.15,116.75,104.6,122.83,2.0,Consumer Defensive,1151424384,42.7881,2.69,N/A,N/A,-15.74 %,20.0 %,91.87,113.62,140.46,Exit / Avoid new positions
ARSHIYA,STRONG SELL,-7,0.98,35.71,-0.0025,1.03,1.09,0.98,0.83,1.05,2.14,Industrials,250302128,N/A,-80.74,N/A,N/A,-60.19 %,0.0 %,0.68,0.88,1.14,Short-to-Medium Term (2–8 weeks)
MOIPO,SELL,-4,46.09,47.88,-0.1933,46.28,44.67,46.09,43.69,47.29,2.0,,N/A,N/A,N/A,N/A,N/A,N/A,N/A,39.91,45.5,51.87,Exit / Avoid new positions
AUROIMPEX,SELL,-4,25.5,32.58,0.0958,25.97,27.47,25.5,23.94,26.28,2.0,Unknown,983384448,N/A,N/A,N/A,N/A,-37.28 %,33.3 %,17.01,23.59,32.69,Exit / Avoid new positions
KHANDSE,SELL,-3,17.2,41.62,0.0155,17.47,17.83,17.2,14.44,18.58,2.0,Financial Services,253975840,N/A,-0.83,-0.04487,10.393,-5.5 %,83.3 %,12.32,16.33,21.64,Exit / Avoid new positions
SATIPOLY,HOLD,0,37.5,60.24,0.3117,35.85,35.57,37.5,32.37,40.06,2.0,Unknown,1218940800,N/A,N/A,N/A,N/A,-59.78 %,16.7 %,24.56,33.32,45.17,Monitor weekly; re-evaluate on next earnings or macro event
GOLDENTOBC,STRONG SELL,-9,24.77,45.75,-0.1251,25.41,25.64,24.77,20.21,27.05,2.0,Consumer Defensive,439186848,14.033898,1.77,N/A,N/A,-33.53 %,0.0 %,19.32,23.88,29.51,Short-to-Medium Term (2–8 weeks)
SAGARDEEP,HOLD,1,24.96,50.21,0.0975,24.55,24.9,24.96,20.79,27.05,2.0,Basic Materials,428140736,19.307693,1.3,0.08242,26.418,-25.98 %,33.3 %,20.15,24.46,29.68,Monitor weekly; re-evaluate on next earnings or macro event
SURANI,SELL,-2,93.45,20.9,-0.1273,102.53,115.13,93.45,80.07,100.14,2.0,Unknown,5081875456,N/A,N/A,N/A,N/A,8.03 %,20.0 %,60.28,85.74,121.84,Exit / Avoid new positions
LFIC,HOLD,1,144.89,56.18,0.2411,143.51,144.23,144.89,128.96,152.85,2.0,Financial Services,421199968,N/A,-2.38,-0.012309999,N/A,-20.2 %,25.0 %,106.62,140.58,185.25,Monitor weekly; re-evaluate on next earnings or macro event
KAUSHALYA,SELL,-2,909.5,9.98,-15.6785,976.13,907.08,909.5,749.33,989.59,2.0,Industrials,311675392,95.13742,9.46,N/A,N/A,-20.88 %,14.3 %,697.18,896.73,1152.76,Exit / Avoid new positions
AISL,HOLD,1,59.5,42.0,0.4026,58.3,56.86,59.5,53.71,62.4,2.0,Unknown,1521773440,N/A,N/A,N/A,N/A,-17.9 %,0.0 %,43.77,55.94,71.45,Monitor weekly; re-evaluate on next earnings or macro event
CONTI,STRONG SELL,-7,10.45,30.99,-0.0373,11.29,12.15,10.45,9.55,10.9,2.0,Unknown,471264128,N/A,N/A,N/A,N/A,-49.29 %,0.0 %,7.29,9.5,12.36,Short-to-Medium Term (2–8 weeks)
IDFNIFTYET,SELL,-4,265.13,41.15,-0.49,265.94,262.89,265.13,254.06,270.67,2.0,Unknown,N/A,21.650394,N/A,N/A,N/A,4.22 %,60.0 %,238.63,264.15,292.32,Exit / Avoid new positions
HBSL,STRONG SELL,-8,48.22,44.15,-0.0064,49.98,52.84,48.22,41.56,51.55,2.0,Financial Services,337040544,N/A,-15.16,-0.12841,13.836,-61.87 %,0.0 %,33.81,44.46,58.42,Short-to-Medium Term (2–8 weeks)
TRUST,SELL,-4,28.5,40.41,0.0564,29.49,31.13,28.5,23.22,31.14,2.0,Unknown,4177748992,N/A,N/A,N/A,N/A,-55.02 %,25.0 %,18.88,25.32,33.92,Exit / Avoid new positions
BILVYAPAR,STRONG SELL,-5,4.13,55.56,0.006,4.14,4.3,4.13,3.38,4.5,2.03,Basic Materials,127973992,N/A,-0.01,N/A,N/A,-46.83 %,0.0 %,2.87,3.78,4.99,Short-to-Medium Term (2–8 weeks)
NPBET,SELL,-3,284.31,37.36,-1.3877,289.15,283.3,284.31,270.21,291.36,2.0,Unknown,N/A,18.855572,N/A,N/A,N/A,0.42 %,42.9 %,260.87,284.95,311.19,Exit / Avoid new positions
GSTL,SELL,-2,17.4,56.84,0.434,16.73,18.34,17.4,14.67,18.76,2.01,Unknown,700534400,N/A,N/A,N/A,N/A,66.77 %,33.3 %,12.51,16.31,21.26,Exit / Avoid new positions
IL&FSTRANS,STRONG SELL,-8,2.12,42.86,-0.002,2.14,2.28,2.12,1.82,2.27,2.0,Industrials,730291264,N/A,-14.25,N/A,385.701,-34.91 %,0.0 %,1.57,1.96,2.45,Short-to-Medium Term (2–8 weeks)
ABGSEC,HOLD,0,114.54,48.15,-0.1301,114.48,113.1,114.54,112.26,115.68,2.0,Unknown,N/A,N/A,N/A,N/A,N/A,-2.77 %,40.0 %,110.83,115.26,119.86,Monitor weekly; re-evaluate on next earnings or macro event
GUJRAFFIA,STRONG SELL,-5,39.01,47.07,0.05,39.8,40.75,39.01,33.04,41.99,2.0,,N/A,19.082127,2.07,0.04824,8.373,32.75 %,33.3 %,28.97,38.07,49.98,Short-to-Medium Term (2–8 weeks)
ENIFTY,SELL,-4,24.18,41.49,-0.0415,24.24,23.96,24.18,21.78,25.38,2.0,,N/A,N/A,N/A,N/A,N/A,-4.18 %,0.0 %,21.86,23.77,25.85,Exit / Avoid new positions
ARCHIES,STRONG SELL,-9,13.99,52.63,-0.0032,14.02,14.28,13.99,12.34,14.81,2.01,Consumer Cyclical,477986976,N/A,-1.27,-0.03365,34.565,-15.69 %,25.0 %,10.37,13.39,17.28,Short-to-Medium Term (2–8 weeks)
SHRIKRISH,STRONG SELL,-7,39.47,38.26,-0.1156,41.35,42.05,39.47,29.78,44.31,2.0,Unknown,N/A,N/A,N/A,N/A,N/A,N/A,N/A,24.42,37.17,56.53,Short-to-Medium Term (2–8 weeks)
VERTEXPLUS,SELL,-2,48.3,,0.8785,47.01,54.02,48.3,47.82,48.54,2.0,Unknown,924134528,N/A,N/A,N/A,N/A,-51.88 %,0.0 %,34.65,44.74,57.73,Exit / Avoid new positions
RETAIL,STRONG SELL,-8,17.51,38.63,-0.008,17.53,18.37,17.51,13.97,19.28,2.0,Consumer Defensive,134391344,N/A,-0.37,-0.017970001,39.832,-50.98 %,0.0 %,12.01,16.28,22.05,Short-to-Medium Term (2–8 weeks)
FALCONTECH,SELL,-3,11.7,48.91,0.0973,11.3,12.43,11.7,9.99,12.55,2.01,Unknown,378993120,N/A,N/A,N/A,N/A,-60.43 %,0.0 %,7.44,10.43,14.6,Exit / Avoid new positions
SEYAIND,STRONG SELL,-5,12.18,25.12,-0.0468,12.85,13.55,12.18,10.98,12.78,2.0,Basic Materials,370637504,N/A,-1.08,-0.0035100002,94.447,-53.1 %,0.0 %,9.04,11.38,14.33,Short-to-Medium Term (2–8 weeks)
CRAYONS,STRONG SELL,-6,25.25,28.74,-0.2422,27.45,29.87,25.25,22.58,26.59,1.99,Unknown,3029319936,N/A,N/A,N/A,N/A,-62.49 %,33.3 %,16.33,22.61,31.3,Short-to-Medium Term (2–8 weeks)
QUINT,STRONG SELL,-6,37.35,31.09,-0.1412,39.25,40.46,37.35,32.1,39.98,2.0,,N/A,N/A,N/A,0.15638,39.011,-3.1 %,0.0 %,28.32,35.63,44.8,Short-to-Medium Term (2–8 weeks)
LICNETFSEN,SELL,-4,866.91,39.56,-1.7253,873.37,859.43,866.91,839.94,880.39,2.0,Unknown,N/A,21.179647,N/A,N/A,N/A,-22.09 %,33.3 %,777.56,862.47,956.43,Exit / Avoid new positions
COMPINFO,STRONG SELL,-8,1.17,41.38,-0.0002,1.2,1.28,1.17,0.9,1.3,2.08,Technology,99542616,N/A,-0.9,N/A,292.783,-48.55 %,16.7 %,0.86,1.1,1.41,Short-to-Medium Term (2–8 weeks)
SHANTHALA,STRONG SELL,-6,18.0,7.89,-0.6016,22.33,23.16,18.0,15.93,19.04,1.99,Unknown,449440096,N/A,N/A,N/A,N/A,-25.23 %,20.0 %,11.36,16.42,23.73,Short-to-Medium Term (2–8 weeks)
MOTOGENFIN,SELL,-4,27.39,41.89,-0.1097,27.89,28.06,27.39,24.15,29.01,2.0,Real Estate,1051527808,0.7110818,37.9,N/A,N/A,-18.75 %,14.3 %,21.16,26.67,33.6,Exit / Avoid new positions
WILLAMAGOR,STRONG SELL,-8,25.45,32.82,-0.0825,26.16,26.65,25.45,20.95,27.7,2.0,Financial Services,286727936,N/A,-1.15,N/A,N/A,-14.54 %,20.0 %,19.48,24.72,31.35,Short-to-Medium Term (2–8 weeks)
ESENSEX,SELL,-4,77.19,37.9,-0.17,77.62,76.68,77.19,73.5,79.03,2.01,,N/A,N/A,N/A,N/A,N/A,-3.47 %,0.0 %,65.01,75.07,86.67,Exit / Avoid new positions
KRIDHANINF,STRONG SELL,-6,2.34,28.24,-0.0256,2.64,2.85,2.34,1.86,2.58,2.0,Basic Materials,232019552,10.590909,0.22,N/A,N/A,-40.37 %,20.0 %,1.62,2.22,3.03,Short-to-Medium Term (2–8 weeks)
NKIND,STRONG SELL,-9,59.51,50.68,-0.0853,62.16,63.76,59.51,46.67,65.93,2.0,Consumer Defensive,372012832,N/A,-6.03,N/A,N/A,-17.79 %,16.7 %,45.69,59.24,76.75,Short-to-Medium Term (2–8 weeks)
CINEVISTA,STRONG SELL,-8,15.32,42.39,-0.0374,15.7,15.71,15.32,13.28,16.34,2.0,Communication Services,869588288,14.28302,1.06,0.113859996,27.129,-46.84 %,14.3 %,11.41,15.07,19.88,Short-to-Medium Term (2–8 weeks)
TVVISION,STRONG SELL,-7,4.65,32.84,-0.0288,4.96,5.13,4.65,3.6,5.18,1.98,Communication Services,184036368,N/A,-8.9,N/A,N/A,-28.59 %,25.0 %,3.38,4.44,5.84,Short-to-Medium Term (2–8 weeks)
WINSOME,STRONG BUY,5,2.39,66.67,0.0287,2.22,2.35,2.39,2.54,2.31,1.87,Consumer Cyclical,180341856,N/A,-2.46,N/A,N/A,-4.12 %,40.0 %,2.04,2.31,2.61,Short-to-Medium Term (2–8 weeks)
GILT10BETA,SELL,-3,26.32,41.79,-0.0628,26.68,26.32,26.32,24.76,27.1,2.0,,N/A,N/A,N/A,N/A,N/A,0.26 %,28.6 %,24.97,26.44,27.99,Exit / Avoid new positions
WEWIN,SELL,-4,46.5,48.72,0.2859,46.97,50.75,46.5,40.44,49.53,2.0,Technology,460902976,16.085108,2.82,0.15142,10.825,-29.67 %,16.7 %,32.67,44.9,61.66,Exit / Avoid new positions
PRECISION,SELL,-2,8.0,66.67,0.1843,6.98,7.39,8.0,6.98,8.51,2.0,Unknown,1095147520,N/A,N/A,N/A,N/A,-38.96 %,0.0 %,5.34,7.1,9.44,Exit / Avoid new positions
ORTINGLOBE,STRONG SELL,-5,14.51,20.55,-0.1651,15.95,16.4,14.51,11.09,16.22,2.0,Healthcare,115221824,N/A,-0.91,-0.46065,81.238,-9.75 %,60.0 %,10.63,14.0,18.43,Short-to-Medium Term (2–8 weeks)
THAKDEV,SELL,-2,161.0,81.65,2.9858,137.52,135.32,161.0,138.05,172.47,2.0,,N/A,N/A,N/A,0.033269998,10.931,N/A,N/A,130.95,175.95,236.26,Exit / Avoid new positions
EUROTEXIND,STRONG SELL,-6,12.26,13.99,-0.1658,14.15,16.04,12.26,10.64,13.07,2.0,Real Estate,151069104,N/A,-0.91,N/A,N/A,-78.88 %,14.3 %,8.68,12.03,16.66,Short-to-Medium Term (2–8 weeks)
MOMNC,SELL,-3,32.67,49.68,-0.0334,32.44,32.04,32.67,32.01,33.0,2.0,Unknown,N/A,39.329983,N/A,N/A,N/A,N/A,N/A,30.12,33.25,36.7,Exit / Avoid new positions
NEXTMEDIA,STRONG SELL,-8,3.96,41.67,-0.0022,3.96,3.97,3.96,3.27,4.3,2.03,Communication Services,268909504,N/A,-0.79,N/A,N/A,-38.41 %,0.0 %,2.9,3.79,4.95,Short-to-Medium Term (2–8 weeks)
GRAVISSHO,STRONG SELL,-8,29.45,46.52,-0.0804,29.93,29.63,29.45,24.59,31.88,2.0,,N/A,N/A,N/A,-0.00343,4.916,N/A,N/A,22.95,29.88,38.89,Short-to-Medium Term (2–8 weeks)
OBCL,STRONG SELL,-8,53.35,50.07,-0.0288,53.84,54.64,53.35,48.22,55.91,2.0,Industrials,1110008960,N/A,-3.71,-0.08911,86.295,-32.69 %,12.5 %,44.93,52.61,61.58,Short-to-Medium Term (2–8 weeks)
ADL,SELL,-4,70.2,51.06,0.1635,70.68,71.68,70.2,58.35,76.12,2.0,Consumer Cyclical,391196032,Infinity,0.0,4.0000003e-05,37.408,-28.54 %,14.3 %,51.61,68.46,90.75,Exit / Avoid new positions
MON50EQUAL,HOLD,-1,33.24,56.3,-0.0098,33.05,32.77,33.24,32.43,33.65,1.98,Unknown,N/A,24.022799,N/A,N/A,N/A,-7.02 %,20.0 %,31.24,33.51,35.93,Monitor weekly; re-evaluate on next earnings or macro event
MFML,SELL,-4,18.84,43.47,0.0983,19.51,22.07,18.84,14.79,20.87,2.0,Consumer Cyclical,203803088,N/A,-0.02,-0.00024000001,79.119,-24.76 %,0.0 %,12.64,16.7,22.05,Exit / Avoid new positions
BBNPNBETF,SELL,-4,57.55,40.4,-0.2137,58.14,56.89,57.55,53.08,59.78,2.0,Unknown,N/A,14.72397,N/A,N/A,N/A,-5.9 %,0.0 %,51.69,58.28,65.69,Exit / Avoid new positions
SAYAJIHOTL,SELL,-4,299.6,38.61,-1.6382,303.59,295.43,299.6,286.85,305.98,2.0,Consumer Cyclical,5235247104,N/A,-3.6,-0.04013,81.223,N/A,N/A,199.84,403.02,811.51,Exit / Avoid new positions
SETUINFRA,SELL,-4,0.43,42.86,0.0012,0.44,0.47,0.43,0.34,0.47,2.25,Industrials,54138328,42.0,0.01,N/A,N/A,-58.31 %,0.0 %,0.31,0.41,0.55,Exit / Avoid new positions
GSEC10ABSL,HOLD,-1,112.74,41.28,-0.1432,113.12,111.47,112.74,110.28,113.97,2.0,Unknown,N/A,N/A,N/A,N/A,N/A,-4.59 %,20.0 %,108.48,113.34,118.4,Monitor weekly; re-evaluate on next earnings or macro event
BLUECHIP,STRONG SELL,-6,1.88,0.0,-0.0365,2.17,2.27,1.88,1.79,1.92,2.25,Financial Services,100653904,N/A,-0.05,N/A,N/A,-20.54 %,25.0 %,1.54,1.75,1.98,Short-to-Medium Term (2–8 weeks)
SABEVENTS,STRONG SELL,-6,7.29,31.81,-0.1121,8.21,8.03,7.29,5.61,8.13,2.0,Communication Services,72652112,N/A,-0.4,N/A,N/A,44.17 %,75.0 %,5.57,7.13,9.12,Short-to-Medium Term (2–8 weeks)
SAPPL,HOLD,0,299.1,60.55,0.3645,290.79,285.99,299.1,235.5,330.9,2.0,,N/A,N/A,N/A,0.11424,92.195,N/A,N/A,233.4,301.11,388.25,Monitor weekly; re-evaluate on next earnings or macro event
ORTEL,STRONG BUY,6,1.72,66.67,0.0071,1.69,1.64,1.72,2.11,1.52,1.95,Communication Services,56390500,N/A,-12.73,N/A,N/A,-65.39 %,14.3 %,1.34,1.74,2.24,Short-to-Medium Term (2–8 weeks)
SHYAMTEL,SELL,-3,16.01,22.02,-0.1138,17.03,17.77,16.01,15.14,16.45,1.98,Technology,183144480,N/A,-4.44,N/A,N/A,1.16 %,50.0 %,11.84,15.93,21.42,Exit / Avoid new positions
ANKITMETAL,SELL,-2,1.55,65.91,0.0116,1.48,1.52,1.55,1.28,1.69,1.93,Basic Materials,218721264,N/A,-18.8,N/A,N/A,-38.93 %,0.0 %,1.15,1.45,1.83,Exit / Avoid new positions
MADHUCON,STRONG SELL,-7,5.35,36.87,-0.0669,5.71,5.71,5.35,4.3,5.88,1.98,Industrials,376354208,N/A,-60.24,N/A,N/A,-3.21 %,33.3 %,3.81,4.96,6.45,Short-to-Medium Term (2–8 weeks)
EQUAL200,HOLD,-1,13.74,50.41,-0.018,13.71,13.54,13.74,13.26,13.98,2.0,Unknown,N/A,23.579395,N/A,N/A,N/A,-9.54 %,0.0 %,12.83,13.94,15.15,Monitor weekly; re-evaluate on next earnings or macro event
EASTSILK,HOLD,-1,55.0,66.49,0.9465,49.98,51.89,55.0,48.64,58.18,2.0,Consumer Cyclical,277500000,N/A,-27.2,-0.27733,213.184,167.05 %,50.0 %,24.06,65.7,179.06,Monitor weekly; re-evaluate on next earnings or macro event
MOLOWVOL,SELL,-4,36.99,38.05,-0.0407,37.0,36.62,36.99,35.76,37.61,1.98,Unknown,N/A,28.025766,N/A,N/A,N/A,-10.89 %,33.3 %,34.25,36.8,39.54,Exit / Avoid new positions
THACKER,STRONG SELL,-6,1011.0,36.35,-3.2718,1091.22,1160.97,1011.0,910.8,1061.1,2.0,,N/A,N/A,N/A,0.113520004,0.048,-3.58 %,0.0 %,622.18,987.26,1564.97,Short-to-Medium Term (2–8 weeks)
LICNFNHGP,SELL,-4,275.1,43.75,-0.438,275.8,272.69,275.1,267.96,278.67,2.0,Unknown,N/A,20.992676,N/A,N/A,N/A,-4.25 %,28.6 %,246.93,274.15,304.31,Exit / Avoid new positions
CURAA,STRONG SELL,-8,72.62,35.41,-0.1725,76.11,81.92,72.62,58.79,79.54,2.0,Technology,716264960,N/A,-1.53,-0.21989,95.089,251.18 %,50.0 %,59.43,75.79,96.61,Short-to-Medium Term (2–8 weeks)
ANSALAPI,STRONG SELL,-6,3.09,78.87,0.0799,2.79,3.27,3.09,2.94,3.17,1.87,Real Estate,505269664,N/A,-10.1,N/A,N/A,-54.62 %,16.7 %,2.38,2.87,3.46,Short-to-Medium Term (2–8 weeks)
ARTNIRMAN,STRONG SELL,-8,39.42,48.56,-0.0782,40.31,40.83,39.42,34.59,41.84,2.0,Real Estate,988507200,77.66667,0.51,0.01395,195.929,-44.68 %,25.0 %,27.83,37.84,51.4,Short-to-Medium Term (2–8 weeks)
NIRAJISPAT,STRONG SELL,-5,190.5,45.72,0.5267,193.77,204.85,190.5,170.97,200.26,2.0,Consumer Cyclical,114000000,7.430583,25.57,N/A,N/A,-15.89 %,33.3 %,144.55,189.0,246.98,Short-to-Medium Term (2–8 weeks)
FELDVR,STRONG SELL,-7,2.37,37.36,-0.0021,2.5,2.56,2.37,1.77,2.67,2.0,Consumer Cyclical,1151730816,N/A,-25.13,-2.38273,N/A,-23.7 %,16.7 %,1.73,2.24,2.91,Short-to-Medium Term (2–8 weeks)
SONAL,STRONG SELL,-7,90.08,44.23,-0.0204,92.45,,90.08,78.11,96.06,2.0,,N/A,N/A,N/A,0.069070004,76.466,N/A,N/A,67.81,83.37,102.46,Short-to-Medium Term (2–8 weeks)
MODTHREAD,BUY,4,49.27,57.81,0.0891,47.66,45.98,49.27,59.56,44.12,2.0,Consumer Cyclical,1669207680,13.675214,3.51,N/A,N/A,-9.49 %,50.0 %,36.12,47.98,63.71,Medium-to-Long Term (1–6 months)
UNIINFO,HOLD,1,12.35,52.4,0.0237,12.15,11.92,12.35,10.28,13.38,2.01,Communication Services,132060040,N/A,-1.12,-0.03697,16.826,-43.65 %,0.0 %,8.55,11.28,14.89,Monitor weekly; re-evaluate on next earnings or macro event
AMBICAAGAR,SELL,-2,24.64,43.67,-0.0628,24.93,24.56,24.64,21.73,26.09,2.01,Consumer Defensive,424281792,12.288558,2.01,0.031059999,84.996,-6.3 %,25.0 %,19.65,24.38,30.22,Exit / Avoid new positions
ABSLMSCIN,SELL,-4,29.35,40.89,-0.0565,29.44,29.28,29.35,28.24,29.91,1.98,,N/A,N/A,N/A,N/A,N/A,-3.86 %,0.0 %,23.44,28.91,35.64,Exit / Avoid new positions
GILT5BETA,STRONG SELL,-5,65.64,51.36,-0.0691,66.27,65.65,65.64,61.68,67.62,2.0,,N/A,N/A,N/A,N/A,N/A,2.62 %,33.3 %,61.63,66.11,70.91,Short-to-Medium Term (2–8 weeks)
SEMAC,STRONG SELL,-5,319.95,42.83,-0.9831,325.74,329.41,319.95,283.89,337.98,2.0,Industrials,952181760,13.0982,23.32,0.08798,32.273,68.16 %,50.0 %,237.65,306.24,394.41,Short-to-Medium Term (2–8 weeks)
MSCI360,STRONG SELL,-5,10.09,44.76,-0.0145,10.07,,10.09,9.85,10.21,2.0,Unknown,N/A,22.417585,N/A,N/A,N/A,N/A,N/A,9.7,10.33,11.0,Short-to-Medium Term (2–8 weeks)
ABMINTLLTD,HOLD,1,44.63,62.14,0.353,41.5,42.46,44.63,38.27,47.81,2.0,Basic Materials,414046080,N/A,-4.58,-0.17186001,72.831,-53.77 %,0.0 %,31.91,43.31,58.75,Monitor weekly; re-evaluate on next earnings or macro event
GLOBALE,STRONG SELL,-8,10.97,35.77,-0.002,11.33,12.1,10.97,9.23,11.84,2.0,Consumer Cyclical,112893528,N/A,-1.32,-0.13590999,107.499,-27.16 %,0.0 %,7.63,9.67,12.24,Short-to-Medium Term (2–8 weeks)
